stop_id,stop_name,date,expected_departure,actual_departure,passenger_count
00113147,Bradshaw Street,2025-03-01,2025-03-01T06:03:00,2025-03-01T05:59:00,8
00261521,Elm Street,2025-03-01,2025-03-01T06:07:00,2025-03-01T06:08:00,14
00113264,Ocean Avenue,2025-03-01,2025-03-01T06:12:00,2025-03-01T06:11:00,7
00115521,Jump Street,2025-03-01,2025-03-01T06:15:00,2025-03-01T06:17:00,7
00311532,Fury Road,2025-03-01,2025-03-01T06:22:00,2025-03-01T06:28:00,8
00662113,Cloverfield Lane,2025-03-01,2025-03-01T06:41:00,2025-03-01T06:43:00,4
00113147,Bradshaw Street,2025-03-01,2025-03-01T07:03:00,2025-03-01T07:00:00,8
00261521,Elm Street,2025-03-01,2025-03-01T07:07:00,none,0
00113264,Ocean Avenue,2025-03-01,2025-03-01T07:12:00,2025-03-01T07:10:00,32
00115521,Jump Street,2025-03-01,2025-03-01T07:15:00,2025-03-01T07:14:00,14
00311532,Fury Road,2025-03-01,2025-03-01T07:22:00,2025-03-01T07:24:00,9
00662113,Cloverfield Lane,2025-03-01,2025-03-01T07:41:00,2025-03-01T07:43:00,4
00113147,Bradshaw Street,2025-03-01,2025-03-01T08:03:00,2025-03-01T08:00:00,13
00261521,Elm Street,2025-03-01,2025-03-01T08:07:00,2025-03-01T08:06:00,43
00113264,Ocean Avenue,2025-03-01,2025-03-01T08:12:00,2025-03-01T08:10:00,36
00115521,Jump Street,2025-03-01,2025-03-01T08:15:00,2025-03-01T08:15:00,12
00311532,Fury Road,2025-03-01,2025-03-01T08:22:00,2025-03-01T08:27:00,0
00662113,Cloverfield Lane,2025-03-01,2025-03-01T08:41:00,2025-03-01T08:39:00,2
00113147,Bradshaw Street,2025-03-01,2025-03-01T09:03:00,2025-03-01T09:00:00,7
00261521,Elm Street,2025-03-01,2025-03-01T09:07:00,2025-03-01T09:09:00,46
00113264,Ocean Avenue,2025-03-01,2025-03-01T09:12:00,none,0
00115521,Jump Street,2025-03-01,2025-03-01T09:15:00,2025-03-01T09:14:00,19
00311532,Fury Road,2025-03-01,2025-03-01T09:22:00,2025-03-01T09:28:00,4
00662113,Cloverfield Lane,2025-03-01,2025-03-01T09:41:00,2025-03-01T09:40:00,0
00113147,Bradshaw Street,2025-03-01,2025-03-01T10:03:00,2025-03-01T10:02:00,10
00261521,Elm Street,2025-03-01,2025-03-01T10:07:00,2025-03-01T10:10:00,22
00113264,Ocean Avenue,2025-03-01,2025-03-01T10:12:00,2025-03-01T10:13:00,25
00115521,Jump Street,2025-03-01,2025-03-01T10:15:00,2025-03-01T10:16:00,9
00311532,Fury Road,2025-03-01,2025-03-01T10:22:00,2025-03-01T10:25:00,4
00662113,Cloverfield Lane,2025-03-01,2025-03-01T10:41:00,2025-03-01T10:43:00,6
00113147,Bradshaw Street,2025-03-01,2025-03-01T11:03:00,2025-03-01T10:58:00,5
00261521,Elm Street,2025-03-01,2025-03-01T11:07:00,2025-03-01T11:06:00,16
00113264,Ocean Avenue,2025-03-01,2025-03-01T11:12:00,2025-03-01T11:09:00,8
00115521,Jump Street,2025-03-01,2025-03-01T11:15:00,2025-03-01T11:17:00,11
00311532,Fury Road,2025-03-01,2025-03-01T11:22:00,2025-03-01T11:26:00,9
00662113,Cloverfield Lane,2025-03-01,2025-03-01T11:41:00,2025-03-01T11:42:00,10
00113147,Bradshaw Street,2025-03-01,2025-03-01T12:03:00,2025-03-01T12:02:00,14
00261521,Elm Street,2025-03-01,2025-03-01T12:07:00,2025-03-01T12:07:00,21
00113264,Ocean Avenue,2025-03-01,2025-03-01T12:12:00,2025-03-01T12:13:00,4
00115521,Jump Street,2025-03-01,2025-03-01T12:15:00,2025-03-01T12:19:00,16
00311532,Fury Road,2025-03-01,2025-03-01T12:22:00,2025-03-01T12:27:00,7
00662113,Cloverfield Lane,2025-03-01,2025-03-01T12:41:00,2025-03-01T12:40:00,5
00113147,Bradshaw Street,2025-03-01,2025-03-01T13:03:00,2025-03-01T13:00:00,16
00261521,Elm Street,2025-03-01,2025-03-01T13:07:00,2025-03-01T13:08:00,19
00113264,Ocean Avenue,2025-03-01,2025-03-01T13:12:00,none,0
00115521,Jump Street,2025-03-01,2025-03-01T13:15:00,2025-03-01T13:15:00,16
00311532,Fury Road,2025-03-01,2025-03-01T13:22:00,2025-03-01T13:27:00,3
00662113,Cloverfield Lane,2025-03-01,2025-03-01T13:41:00,2025-03-01T13:38:00,1
00113147,Bradshaw Street,2025-03-01,2025-03-01T14:03:00,2025-03-01T14:04:00,15
00261521,Elm Street,2025-03-01,2025-03-01T14:07:00,2025-03-01T14:02:00,1
00113264,Ocean Avenue,2025-03-01,2025-03-01T14:12:00,2025-03-01T14:16:00,20
00115521,Jump Street,2025-03-01,2025-03-01T14:15:00,2025-03-01T14:13:00,11
00311532,Fury Road,2025-03-01,2025-03-01T14:22:00,2025-03-01T14:27:00,0
00662113,Cloverfield Lane,2025-03-01,2025-03-01T14:41:00,2025-03-01T14:43:00,11
00113147,Bradshaw Street,2025-03-01,2025-03-01T15:03:00,2025-03-01T15:02:00,14
00261521,Elm Street,2025-03-01,2025-03-01T15:07:00,2025-03-01T15:08:00,23
00113264,Ocean Avenue,2025-03-01,2025-03-01T15:12:00,2025-03-01T15:13:00,5
00115521,Jump Street,2025-03-01,2025-03-01T15:15:00,2025-03-01T15:17:00,0
00311532,Fury Road,2025-03-01,2025-03-01T15:22:00,2025-03-01T15:25:00,2
00662113,Cloverfield Lane,2025-03-01,2025-03-01T15:41:00,2025-03-01T15:39:00,3
00113147,Bradshaw Street,2025-03-01,2025-03-01T16:03:00,2025-03-01T15:59:00,10
00261521,Elm Street,2025-03-01,2025-03-01T16:07:00,2025-03-01T16:09:00,31
00113264,Ocean Avenue,2025-03-01,2025-03-01T16:12:00,2025-03-01T16:09:00,20
00115521,Jump Street,2025-03-01,2025-03-01T16:15:00,2025-03-01T16:15:00,18
00311532,Fury Road,2025-03-01,2025-03-01T16:22:00,2025-03-01T16:27:00,14
00662113,Cloverfield Lane,2025-03-01,2025-03-01T16:41:00,2025-03-01T16:42:00,7
00113147,Bradshaw Street,2025-03-01,2025-03-01T17:03:00,2025-03-01T16:59:00,19
00261521,Elm Street,2025-03-01,2025-03-01T17:07:00,2025-03-01T17:07:00,16
00113264,Ocean Avenue,2025-03-01,2025-03-01T17:12:00,2025-03-01T17:13:00,18
00115521,Jump Street,2025-03-01,2025-03-01T17:15:00,2025-03-01T17:18:00,19
00311532,Fury Road,2025-03-01,2025-03-01T17:22:00,2025-03-01T17:28:00,9
00662113,Cloverfield Lane,2025-03-01,2025-03-01T17:41:00,2025-03-01T17:42:00,1
00113147,Bradshaw Street,2025-03-01,2025-03-01T18:03:00,2025-03-01T18:01:00,3
00261521,Elm Street,2025-03-01,2025-03-01T18:07:00,2025-03-01T18:07:00,32
00113264,Ocean Avenue,2025-03-01,2025-03-01T18:12:00,2025-03-01T18:11:00,13
00115521,Jump Street,2025-03-01,2025-03-01T18:15:00,2025-03-01T18:17:00,26
00311532,Fury Road,2025-03-01,2025-03-01T18:22:00,2025-03-01T18:23:00,9
00662113,Cloverfield Lane,2025-03-01,2025-03-01T18:41:00,2025-03-01T18:41:00,1
00113147,Bradshaw Street,2025-03-01,2025-03-01T19:03:00,2025-03-01T18:57:00,12
00261521,Elm Street,2025-03-01,2025-03-01T19:07:00,2025-03-01T19:08:00,14
00113264,Ocean Avenue,2025-03-01,2025-03-01T19:12:00,2025-03-01T19:11:00,8
00115521,Jump Street,2025-03-01,2025-03-01T19:15:00,2025-03-01T19:17:00,3
00311532,Fury Road,2025-03-01,2025-03-01T19:22:00,2025-03-01T19:26:00,0
00662113,Cloverfield Lane,2025-03-01,2025-03-01T19:41:00,2025-03-01T19:39:00,8
00113147,Bradshaw Street,2025-03-01,2025-03-01T20:03:00,2025-03-01T20:00:00,10
00261521,Elm Street,2025-03-01,2025-03-01T20:07:00,2025-03-01T20:12:00,8
00113264,Ocean Avenue,2025-03-01,2025-03-01T20:12:00,2025-03-01T20:11:00,10
00115521,Jump Street,2025-03-01,2025-03-01T20:15:00,2025-03-01T20:16:00,10
00311532,Fury Road,2025-03-01,2025-03-01T20:22:00,2025-03-01T20:28:00,1
00662113,Cloverfield Lane,2025-03-01,2025-03-01T20:41:00,2025-03-01T20:40:00,5
00113147,Bradshaw Street,2025-03-01,2025-03-01T21:03:00,2025-03-01T21:01:00,7
00261521,Elm Street,2025-03-01,2025-03-01T21:07:00,2025-03-01T21:06:00,28
00113264,Ocean Avenue,2025-03-01,2025-03-01T21:12:00,2025-03-01T21:12:00,13
00115521,Jump Street,2025-03-01,2025-03-01T21:15:00,2025-03-01T21:14:00,0
00311532,Fury Road,2025-03-01,2025-03-01T21:22:00,2025-03-01T21:29:00,5
00662113,Cloverfield Lane,2025-03-01,2025-03-01T21:41:00,2025-03-01T21:41:00,4
00113147,Bradshaw Street,2025-03-02,2025-03-02T06:03:00,2025-03-02T06:00:00,8
00261521,Elm Street,2025-03-02,2025-03-02T06:07:00,2025-03-02T06:02:00,0
00113264,Ocean Avenue,2025-03-02,2025-03-02T06:12:00,2025-03-02T06:12:00,18
00115521,Jump Street,2025-03-02,2025-03-02T06:15:00,2025-03-02T06:19:00,18
00311532,Fury Road,2025-03-02,2025-03-02T06:22:00,2025-03-02T06:27:00,3
00662113,Cloverfield Lane,2025-03-02,2025-03-02T06:41:00,2025-03-02T06:40:00,2
00113147,Bradshaw Street,2025-03-02,2025-03-02T07:03:00,2025-03-02T06:59:00,25
00261521,Elm Street,2025-03-02,2025-03-02T07:07:00,2025-03-02T07:09:00,60
00113264,Ocean Avenue,2025-03-02,2025-03-02T07:12:00,2025-03-02T07:13:00,32
00115521,Jump Street,2025-03-02,2025-03-02T07:15:00,2025-03-02T07:16:00,14
00311532,Fury Road,2025-03-02,2025-03-02T07:22:00,2025-03-02T07:25:00,7
00662113,Cloverfield Lane,2025-03-02,2025-03-02T07:41:00,2025-03-02T07:40:00,4
00113147,Bradshaw Street,2025-03-02,2025-03-02T08:03:00,2025-03-02T07:58:00,18
00261521,Elm Street,2025-03-02,2025-03-02T08:07:00,2025-03-02T08:07:00,24
00113264,Ocean Avenue,2025-03-02,2025-03-02T08:12:00,2025-03-02T08:13:00,24
00115521,Jump Street,2025-03-02,2025-03-02T08:15:00,2025-03-02T08:15:00,0
00311532,Fury Road,2025-03-02,2025-03-02T08:22:00,2025-03-02T08:24:00,6
00662113,Cloverfield Lane,2025-03-02,2025-03-02T08:41:00,2025-03-02T08:43:00,3
00113147,Bradshaw Street,2025-03-02,2025-03-02T09:03:00,2025-03-02T08:59:00,27
00261521,Elm Street,2025-03-02,2025-03-02T09:07:00,2025-03-02T09:08:00,30
00113264,Ocean Avenue,2025-03-02,2025-03-02T09:12:00,2025-03-02T09:13:00,21
00115521,Jump Street,2025-03-02,2025-03-02T09:15:00,2025-03-02T09:15:00,20
00311532,Fury Road,2025-03-02,2025-03-02T09:22:00,2025-03-02T09:24:00,12
00662113,Cloverfield Lane,2025-03-02,2025-03-02T09:41:00,2025-03-02T09:41:00,4
00113147,Bradshaw Street,2025-03-02,2025-03-02T10:03:00,2025-03-02T10:00:00,10
00261521,Elm Street,2025-03-02,2025-03-02T10:07:00,2025-03-02T10:11:00,22
00113264,Ocean Avenue,2025-03-02,2025-03-02T10:12:00,2025-03-02T10:11:00,13
00115521,Jump Street,2025-03-02,2025-03-02T10:15:00,2025-03-02T10:15:00,4
00311532,Fury Road,2025-03-02,2025-03-02T10:22:00,2025-03-02T10:29:00,1
00662113,Cloverfield Lane,2025-03-02,2025-03-02T10:41:00,2025-03-02T10:42:00,2
00113147,Bradshaw Street,2025-03-02,2025-03-02T11:03:00,2025-03-02T10:58:00,9
00261521,Elm Street,2025-03-02,2025-03-02T11:07:00,2025-03-02T11:04:00,30
00113264,Ocean Avenue,2025-03-02,2025-03-02T11:12:00,2025-03-02T11:12:00,15
00115521,Jump Street,2025-03-02,2025-03-02T11:15:00,2025-03-02T11:20:00,9
00311532,Fury Road,2025-03-02,2025-03-02T11:22:00,2025-03-02T11:28:00,7
00662113,Cloverfield Lane,2025-03-02,2025-03-02T11:41:00,2025-03-02T11:40:00,3
00113147,Bradshaw Street,2025-03-02,2025-03-02T12:03:00,2025-03-02T12:00:00,27
00261521,Elm Street,2025-03-02,2025-03-02T12:07:00,2025-03-02T12:08:00,0
00113264,Ocean Avenue,2025-03-02,2025-03-02T12:12:00,2025-03-02T12:11:00,13
00115521,Jump Street,2025-03-02,2025-03-02T12:15:00,2025-03-02T12:21:00,9
00311532,Fury Road,2025-03-02,2025-03-02T12:22:00,2025-03-02T12:26:00,8
00662113,Cloverfield Lane,2025-03-02,2025-03-02T12:41:00,2025-03-02T12:39:00,5
00113147,Bradshaw Street,2025-03-02,2025-03-02T13:03:00,2025-03-02T13:00:00,7
00261521,Elm Street,2025-03-02,2025-03-02T13:07:00,2025-03-02T13:10:00,16
00113264,Ocean Avenue,2025-03-02,2025-03-02T13:12:00,2025-03-02T13:14:00,14
00115521,Jump Street,2025-03-02,2025-03-02T13:15:00,2025-03-02T13:13:00,11
00311532,Fury Road,2025-03-02,2025-03-02T13:22:00,2025-03-02T13:26:00,8
00662113,Cloverfield Lane,2025-03-02,2025-03-02T13:41:00,2025-03-02T13:41:00,1
00113147,Bradshaw Street,2025-03-02,2025-03-02T14:03:00,2025-03-02T13:59:00,12
00261521,Elm Street,2025-03-02,2025-03-02T14:07:00,2025-03-02T14:05:00,14
00113264,Ocean Avenue,2025-03-02,2025-03-02T14:12:00,2025-03-02T14:13:00,11
00115521,Jump Street,2025-03-02,2025-03-02T14:15:00,2025-03-02T14:16:00,24
00311532,Fury Road,2025-03-02,2025-03-02T14:22:00,2025-03-02T14:28:00,6
00662113,Cloverfield Lane,2025-03-02,2025-03-02T14:41:00,2025-03-02T14:37:00,10
00113147,Bradshaw Street,2025-03-02,2025-03-02T15:03:00,2025-03-02T15:02:00,16
00261521,Elm Street,2025-03-02,2025-03-02T15:07:00,2025-03-02T15:12:00,22
00113264,Ocean Avenue,2025-03-02,2025-03-02T15:12:00,2025-03-02T15:11:00,0
00115521,Jump Street,2025-03-02,2025-03-02T15:15:00,2025-03-02T15:18:00,13
00311532,Fury Road,2025-03-02,2025-03-02T15:22:00,2025-03-02T15:23:00,11
00662113,Cloverfield Lane,2025-03-02,2025-03-02T15:41:00,2025-03-02T15:41:00,1
00113147,Bradshaw Street,2025-03-02,2025-03-02T16:03:00,2025-03-02T16:00:00,12
00261521,Elm Street,2025-03-02,2025-03-02T16:07:00,2025-03-02T16:07:00,30
00113264,Ocean Avenue,2025-03-02,2025-03-02T16:12:00,2025-03-02T16:10:00,31
00115521,Jump Street,2025-03-02,2025-03-02T16:15:00,2025-03-02T16:19:00,17
00311532,Fury Road,2025-03-02,2025-03-02T16:22:00,2025-03-02T16:26:00,6
00662113,Cloverfield Lane,2025-03-02,2025-03-02T16:41:00,2025-03-02T16:39:00,5
00113147,Bradshaw Street,2025-03-02,2025-03-02T17:03:00,2025-03-02T16:59:00,19
00261521,Elm Street,2025-03-02,2025-03-02T17:07:00,2025-03-02T17:07:00,14
00113264,Ocean Avenue,2025-03-02,2025-03-02T17:12:00,2025-03-02T17:10:00,13
00115521,Jump Street,2025-03-02,2025-03-02T17:15:00,2025-03-02T17:17:00,19
00311532,Fury Road,2025-03-02,2025-03-02T17:22:00,2025-03-02T17:28:00,14
00662113,Cloverfield Lane,2025-03-02,2025-03-02T17:41:00,2025-03-02T17:40:00,2
00113147,Bradshaw Street,2025-03-02,2025-03-02T18:03:00,2025-03-02T17:58:00,7
00261521,Elm Street,2025-03-02,2025-03-02T18:07:00,2025-03-02T18:09:00,23
00113264,Ocean Avenue,2025-03-02,2025-03-02T18:12:00,2025-03-02T18:10:00,17
00115521,Jump Street,2025-03-02,2025-03-02T18:15:00,2025-03-02T18:17:00,16
00311532,Fury Road,2025-03-02,2025-03-02T18:22:00,2025-03-02T18:24:00,1
00662113,Cloverfield Lane,2025-03-02,2025-03-02T18:41:00,2025-03-02T18:42:00,8
00113147,Bradshaw Street,2025-03-02,2025-03-02T19:03:00,2025-03-02T18:58:00,5
00261521,Elm Street,2025-03-02,2025-03-02T19:07:00,2025-03-02T19:11:00,16
00113264,Ocean Avenue,2025-03-02,2025-03-02T19:12:00,2025-03-02T19:13:00,15
00115521,Jump Street,2025-03-02,2025-03-02T19:15:00,2025-03-02T19:18:00,14
00311532,Fury Road,2025-03-02,2025-03-02T19:22:00,2025-03-02T19:27:00,0
00662113,Cloverfield Lane,2025-03-02,2025-03-02T19:41:00,2025-03-02T19:40:00,0
00113147,Bradshaw Street,2025-03-02,2025-03-02T20:03:00,2025-03-02T20:00:00,0
00261521,Elm Street,2025-03-02,2025-03-02T20:07:00,2025-03-02T20:07:00,26
00113264,Ocean Avenue,2025-03-02,2025-03-02T20:12:00,2025-03-02T20:11:00,8
00115521,Jump Street,2025-03-02,2025-03-02T20:15:00,2025-03-02T20:19:00,5
00311532,Fury Road,2025-03-02,2025-03-02T20:22:00,2025-03-02T20:26:00,4
00662113,Cloverfield Lane,2025-03-02,2025-03-02T20:41:00,2025-03-02T20:40:00,2
00113147,Bradshaw Street,2025-03-02,2025-03-02T21:03:00,2025-03-02T21:00:00,0
00261521,Elm Street,2025-03-02,2025-03-02T21:07:00,2025-03-02T21:05:00,10
00113264,Ocean Avenue,2025-03-02,2025-03-02T21:12:00,2025-03-02T21:12:00,13
00115521,Jump Street,2025-03-02,2025-03-02T21:15:00,2025-03-02T21:19:00,17
00311532,Fury Road,2025-03-02,2025-03-02T21:22:00,2025-03-02T21:26:00,9
00662113,Cloverfield Lane,2025-03-02,2025-03-02T21:41:00,2025-03-02T21:40:00,4
00113147,Bradshaw Street,2025-03-03,2025-03-03T06:03:00,2025-03-03T06:00:00,8
00261521,Elm Street,2025-03-03,2025-03-03T06:07:00,2025-03-03T06:07:00,23
00113264,Ocean Avenue,2025-03-03,2025-03-03T06:12:00,2025-03-03T06:13:00,23
00115521,Jump Street,2025-03-03,2025-03-03T06:15:00,2025-03-03T06:15:00,14
00311532,Fury Road,2025-03-03,2025-03-03T06:22:00,2025-03-03T06:24:00,2
00662113,Cloverfield Lane,2025-03-03,2025-03-03T06:41:00,2025-03-03T06:39:00,5
00113147,Bradshaw Street,2025-03-03,2025-03-03T07:03:00,2025-03-03T07:00:00,26
00261521,Elm Street,2025-03-03,2025-03-03T07:07:00,2025-03-03T07:07:00,52
00113264,Ocean Avenue,2025-03-03,2025-03-03T07:12:00,2025-03-03T07:14:00,33
00115521,Jump Street,2025-03-03,2025-03-03T07:15:00,2025-03-03T07:18:00,20
00311532,Fury Road,2025-03-03,2025-03-03T07:22:00,2025-03-03T07:27:00,12
00662113,Cloverfield Lane,2025-03-03,2025-03-03T07:41:00,2025-03-03T07:41:00,6
00113147,Bradshaw Street,2025-03-03,2025-03-03T08:03:00,2025-03-03T08:01:00,21
00261521,Elm Street,2025-03-03,2025-03-03T08:07:00,2025-03-03T08:08:00,60
00113264,Ocean Avenue,2025-03-03,2025-03-03T08:12:00,2025-03-03T08:11:00,36
00115521,Jump Street,2025-03-03,2025-03-03T08:15:00,2025-03-03T08:17:00,33
00311532,Fury Road,2025-03-03,2025-03-03T08:22:00,2025-03-03T08:28:00,11
00662113,Cloverfield Lane,2025-03-03,2025-03-03T08:41:00,2025-03-03T08:40:00,4
00113147,Bradshaw Street,2025-03-03,2025-03-03T09:03:00,2025-03-03T09:00:00,28
00261521,Elm Street,2025-03-03,2025-03-03T09:07:00,2025-03-03T09:10:00,60
00113264,Ocean Avenue,2025-03-03,2025-03-03T09:12:00,2025-03-03T09:12:00,38
00115521,Jump Street,2025-03-03,2025-03-03T09:15:00,2025-03-03T09:16:00,29
00311532,Fury Road,2025-03-03,2025-03-03T09:22:00,2025-03-03T09:23:00,9
00662113,Cloverfield Lane,2025-03-03,2025-03-03T09:41:00,2025-03-03T09:39:00,7
00113147,Bradshaw Street,2025-03-03,2025-03-03T10:03:00,2025-03-03T09:59:00,16
00261521,Elm Street,2025-03-03,2025-03-03T10:07:00,2025-03-03T10:09:00,30
00113264,Ocean Avenue,2025-03-03,2025-03-03T10:12:00,2025-03-03T10:09:00,15
00115521,Jump Street,2025-03-03,2025-03-03T10:15:00,2025-03-03T10:16:00,14
00311532,Fury Road,2025-03-03,2025-03-03T10:22:00,2025-03-03T10:24:00,12
00662113,Cloverfield Lane,2025-03-03,2025-03-03T10:41:00,2025-03-03T10:40:00,7
00113147,Bradshaw Street,2025-03-03,2025-03-03T11:03:00,2025-03-03T10:59:00,22
00261521,Elm Street,2025-03-03,2025-03-03T11:07:00,2025-03-03T11:10:00,21
00113264,Ocean Avenue,2025-03-03,2025-03-03T11:12:00,2025-03-03T11:13:00,20
00115521,Jump Street,2025-03-03,2025-03-03T11:15:00,2025-03-03T11:18:00,11
00311532,Fury Road,2025-03-03,2025-03-03T11:22:00,2025-03-03T11:27:00,6
00662113,Cloverfield Lane,2025-03-03,2025-03-03T11:41:00,2025-03-03T11:40:00,8
00113147,Bradshaw Street,2025-03-03,2025-03-03T12:03:00,2025-03-03T12:02:00,19
00261521,Elm Street,2025-03-03,2025-03-03T12:07:00,none,0
00113264,Ocean Avenue,2025-03-03,2025-03-03T12:12:00,2025-03-03T12:16:00,12
00115521,Jump Street,2025-03-03,2025-03-03T12:15:00,2025-03-03T12:18:00,7
00311532,Fury Road,2025-03-03,2025-03-03T12:22:00,2025-03-03T12:28:00,15
00662113,Cloverfield Lane,2025-03-03,2025-03-03T12:41:00,2025-03-03T12:41:00,11
00113147,Bradshaw Street,2025-03-03,2025-03-03T13:03:00,2025-03-03T12:58:00,13
00261521,Elm Street,2025-03-03,2025-03-03T13:07:00,2025-03-03T13:09:00,33
00113264,Ocean Avenue,2025-03-03,2025-03-03T13:12:00,2025-03-03T13:12:00,16
00115521,Jump Street,2025-03-03,2025-03-03T13:15:00,2025-03-03T13:17:00,19
00311532,Fury Road,2025-03-03,2025-03-03T13:22:00,2025-03-03T13:24:00,5
00662113,Cloverfield Lane,2025-03-03,2025-03-03T13:41:00,2025-03-03T13:40:00,9
00113147,Bradshaw Street,2025-03-03,2025-03-03T14:03:00,2025-03-03T13:56:00,15
00261521,Elm Street,2025-03-03,2025-03-03T14:07:00,2025-03-03T14:07:00,38
00113264,Ocean Avenue,2025-03-03,2025-03-03T14:12:00,2025-03-03T14:12:00,26
00115521,Jump Street,2025-03-03,2025-03-03T14:15:00,2025-03-03T14:16:00,19
00311532,Fury Road,2025-03-03,2025-03-03T14:22:00,2025-03-03T14:22:00,16
00662113,Cloverfield Lane,2025-03-03,2025-03-03T14:41:00,2025-03-03T14:39:00,7
00113147,Bradshaw Street,2025-03-03,2025-03-03T15:03:00,2025-03-03T15:00:00,10
00261521,Elm Street,2025-03-03,2025-03-03T15:07:00,2025-03-03T15:12:00,22
00113264,Ocean Avenue,2025-03-03,2025-03-03T15:12:00,2025-03-03T15:13:00,20
00115521,Jump Street,2025-03-03,2025-03-03T15:15:00,2025-03-03T15:15:00,0
00311532,Fury Road,2025-03-03,2025-03-03T15:22:00,2025-03-03T15:24:00,3
00662113,Cloverfield Lane,2025-03-03,2025-03-03T15:41:00,2025-03-03T15:41:00,6
00113147,Bradshaw Street,2025-03-03,2025-03-03T16:03:00,2025-03-03T15:59:00,14
00261521,Elm Street,2025-03-03,2025-03-03T16:07:00,2025-03-03T16:07:00,28
00113264,Ocean Avenue,2025-03-03,2025-03-03T16:12:00,2025-03-03T16:12:00,28
00115521,Jump Street,2025-03-03,2025-03-03T16:15:00,2025-03-03T16:13:00,42
00311532,Fury Road,2025-03-03,2025-03-03T16:22:00,2025-03-03T16:23:00,13
00662113,Cloverfield Lane,2025-03-03,2025-03-03T16:41:00,2025-03-03T16:41:00,10
00113147,Bradshaw Street,2025-03-03,2025-03-03T17:03:00,2025-03-03T17:00:00,20
00261521,Elm Street,2025-03-03,2025-03-03T17:07:00,2025-03-03T17:09:00,30
00113264,Ocean Avenue,2025-03-03,2025-03-03T17:12:00,2025-03-03T17:12:00,19
00115521,Jump Street,2025-03-03,2025-03-03T17:15:00,2025-03-03T17:22:00,35
00311532,Fury Road,2025-03-03,2025-03-03T17:22:00,2025-03-03T17:26:00,8
00662113,Cloverfield Lane,2025-03-03,2025-03-03T17:41:00,2025-03-03T17:38:00,4
00113147,Bradshaw Street,2025-03-03,2025-03-03T18:03:00,2025-03-03T18:01:00,18
00261521,Elm Street,2025-03-03,2025-03-03T18:07:00,2025-03-03T18:08:00,25
00113264,Ocean Avenue,2025-03-03,2025-03-03T18:12:00,2025-03-03T18:15:00,22
00115521,Jump Street,2025-03-03,2025-03-03T18:15:00,2025-03-03T18:17:00,19
00311532,Fury Road,2025-03-03,2025-03-03T18:22:00,2025-03-03T18:25:00,10
00662113,Cloverfield Lane,2025-03-03,2025-03-03T18:41:00,2025-03-03T18:40:00,4
00113147,Bradshaw Street,2025-03-03,2025-03-03T19:03:00,2025-03-03T18:58:00,6
00261521,Elm Street,2025-03-03,2025-03-03T19:07:00,2025-03-03T19:08:00,29
00113264,Ocean Avenue,2025-03-03,2025-03-03T19:12:00,2025-03-03T19:12:00,10
00115521,Jump Street,2025-03-03,2025-03-03T19:15:00,2025-03-03T19:17:00,4
00311532,Fury Road,2025-03-03,2025-03-03T19:22:00,2025-03-03T19:23:00,9
00662113,Cloverfield Lane,2025-03-03,2025-03-03T19:41:00,2025-03-03T19:39:00,7
00113147,Bradshaw Street,2025-03-03,2025-03-03T20:03:00,2025-03-03T20:03:00,24
00261521,Elm Street,2025-03-03,2025-03-03T20:07:00,2025-03-03T20:09:00,27
00113264,Ocean Avenue,2025-03-03,2025-03-03T20:12:00,2025-03-03T20:12:00,15
00115521,Jump Street,2025-03-03,2025-03-03T20:15:00,2025-03-03T20:18:00,15
00311532,Fury Road,2025-03-03,2025-03-03T20:22:00,2025-03-03T20:27:00,10
00662113,Cloverfield Lane,2025-03-03,2025-03-03T20:41:00,2025-03-03T20:38:00,8
00113147,Bradshaw Street,2025-03-03,2025-03-03T21:03:00,2025-03-03T21:00:00,9
00261521,Elm Street,2025-03-03,2025-03-03T21:07:00,2025-03-03T21:08:00,26
00113264,Ocean Avenue,2025-03-03,2025-03-03T21:12:00,2025-03-03T21:09:00,18
00115521,Jump Street,2025-03-03,2025-03-03T21:15:00,2025-03-03T21:19:00,0
00311532,Fury Road,2025-03-03,2025-03-03T21:22:00,2025-03-03T21:27:00,20
00662113,Cloverfield Lane,2025-03-03,2025-03-03T21:41:00,2025-03-03T21:40:00,0
00113147,Bradshaw Street,2025-03-04,2025-03-04T06:03:00,2025-03-04T06:01:00,7
00261521,Elm Street,2025-03-04,2025-03-04T06:07:00,2025-03-04T06:10:00,14
00113264,Ocean Avenue,2025-03-04,2025-03-04T06:12:00,2025-03-04T06:13:00,12
00115521,Jump Street,2025-03-04,2025-03-04T06:15:00,2025-03-04T06:20:00,15
00311532,Fury Road,2025-03-04,2025-03-04T06:22:00,2025-03-04T06:24:00,5
00662113,Cloverfield Lane,2025-03-04,2025-03-04T06:41:00,2025-03-04T06:42:00,6
00113147,Bradshaw Street,2025-03-04,2025-03-04T07:03:00,2025-03-04T07:01:00,19
00261521,Elm Street,2025-03-04,2025-03-04T07:07:00,2025-03-04T07:05:00,60
00113264,Ocean Avenue,2025-03-04,2025-03-04T07:12:00,2025-03-04T07:13:00,26
00115521,Jump Street,2025-03-04,2025-03-04T07:15:00,2025-03-04T07:17:00,27
00311532,Fury Road,2025-03-04,2025-03-04T07:22:00,2025-03-04T07:22:00,17
00662113,Cloverfield Lane,2025-03-04,2025-03-04T07:41:00,2025-03-04T07:41:00,4
00113147,Bradshaw Street,2025-03-04,2025-03-04T08:03:00,2025-03-04T07:59:00,22
00261521,Elm Street,2025-03-04,2025-03-04T08:07:00,2025-03-04T08:09:00,43
00113264,Ocean Avenue,2025-03-04,2025-03-04T08:12:00,2025-03-04T08:15:00,31
00115521,Jump Street,2025-03-04,2025-03-04T08:15:00,2025-03-04T08:18:00,18
00311532,Fury Road,2025-03-04,2025-03-04T08:22:00,2025-03-04T08:26:00,6
00662113,Cloverfield Lane,2025-03-04,2025-03-04T08:41:00,2025-03-04T08:38:00,4
00113147,Bradshaw Street,2025-03-04,2025-03-04T09:03:00,2025-03-04T09:01:00,21
00261521,Elm Street,2025-03-04,2025-03-04T09:07:00,2025-03-04T09:07:00,36
00113264,Ocean Avenue,2025-03-04,2025-03-04T09:12:00,2025-03-04T09:14:00,47
00115521,Jump Street,2025-03-04,2025-03-04T09:15:00,2025-03-04T09:17:00,21
00311532,Fury Road,2025-03-04,2025-03-04T09:22:00,2025-03-04T09:25:00,19
00662113,Cloverfield Lane,2025-03-04,2025-03-04T09:41:00,2025-03-04T09:38:00,9
00113147,Bradshaw Street,2025-03-04,2025-03-04T10:03:00,2025-03-04T09:59:00,20
00261521,Elm Street,2025-03-04,2025-03-04T10:07:00,2025-03-04T10:07:00,20
00113264,Ocean Avenue,2025-03-04,2025-03-04T10:12:00,2025-03-04T10:07:00,22
00115521,Jump Street,2025-03-04,2025-03-04T10:15:00,2025-03-04T10:18:00,29
00311532,Fury Road,2025-03-04,2025-03-04T10:22:00,2025-03-04T10:29:00,9
00662113,Cloverfield Lane,2025-03-04,2025-03-04T10:41:00,2025-03-04T10:37:00,8
00113147,Bradshaw Street,2025-03-04,2025-03-04T11:03:00,2025-03-04T10:58:00,20
00261521,Elm Street,2025-03-04,2025-03-04T11:07:00,2025-03-04T11:07:00,34
00113264,Ocean Avenue,2025-03-04,2025-03-04T11:12:00,2025-03-04T11:11:00,13
00115521,Jump Street,2025-03-04,2025-03-04T11:15:00,2025-03-04T11:17:00,18
00311532,Fury Road,2025-03-04,2025-03-04T11:22:00,2025-03-04T11:26:00,9
00662113,Cloverfield Lane,2025-03-04,2025-03-04T11:41:00,2025-03-04T11:40:00,6
00113147,Bradshaw Street,2025-03-04,2025-03-04T12:03:00,2025-03-04T12:00:00,10
00261521,Elm Street,2025-03-04,2025-03-04T12:07:00,2025-03-04T12:08:00,30
00113264,Ocean Avenue,2025-03-04,2025-03-04T12:12:00,2025-03-04T12:14:00,28
00115521,Jump Street,2025-03-04,2025-03-04T12:15:00,2025-03-04T12:19:00,14
00311532,Fury Road,2025-03-04,2025-03-04T12:22:00,2025-03-04T12:25:00,7
00662113,Cloverfield Lane,2025-03-04,2025-03-04T12:41:00,2025-03-04T12:43:00,10
00113147,Bradshaw Street,2025-03-04,2025-03-04T13:03:00,2025-03-04T13:01:00,9
00261521,Elm Street,2025-03-04,2025-03-04T13:07:00,2025-03-04T13:10:00,18
00113264,Ocean Avenue,2025-03-04,2025-03-04T13:12:00,2025-03-04T13:15:00,27
00115521,Jump Street,2025-03-04,2025-03-04T13:15:00,2025-03-04T13:18:00,23
00311532,Fury Road,2025-03-04,2025-03-04T13:22:00,2025-03-04T13:26:00,6
00662113,Cloverfield Lane,2025-03-04,2025-03-04T13:41:00,2025-03-04T13:40:00,7
00113147,Bradshaw Street,2025-03-04,2025-03-04T14:03:00,2025-03-04T14:00:00,11
00261521,Elm Street,2025-03-04,2025-03-04T14:07:00,2025-03-04T14:06:00,34
00113264,Ocean Avenue,2025-03-04,2025-03-04T14:12:00,2025-03-04T14:13:00,40
00115521,Jump Street,2025-03-04,2025-03-04T14:15:00,2025-03-04T14:18:00,22
00311532,Fury Road,2025-03-04,2025-03-04T14:22:00,2025-03-04T14:26:00,0
00662113,Cloverfield Lane,2025-03-04,2025-03-04T14:41:00,2025-03-04T14:39:00,7
00113147,Bradshaw Street,2025-03-04,2025-03-04T15:03:00,2025-03-04T15:00:00,6
00261521,Elm Street,2025-03-04,2025-03-04T15:07:00,2025-03-04T15:09:00,27
00113264,Ocean Avenue,2025-03-04,2025-03-04T15:12:00,2025-03-04T15:13:00,14
00115521,Jump Street,2025-03-04,2025-03-04T15:15:00,2025-03-04T15:13:00,29
00311532,Fury Road,2025-03-04,2025-03-04T15:22:00,2025-03-04T15:27:00,5
00662113,Cloverfield Lane,2025-03-04,2025-03-04T15:41:00,2025-03-04T15:37:00,6
00113147,Bradshaw Street,2025-03-04,2025-03-04T16:03:00,2025-03-04T15:58:00,21
00261521,Elm Street,2025-03-04,2025-03-04T16:07:00,2025-03-04T16:11:00,60
00113264,Ocean Avenue,2025-03-04,2025-03-04T16:12:00,2025-03-04T16:10:00,25
00115521,Jump Street,2025-03-04,2025-03-04T16:15:00,2025-03-04T16:17:00,49
00311532,Fury Road,2025-03-04,2025-03-04T16:22:00,2025-03-04T16:23:00,16
00662113,Cloverfield Lane,2025-03-04,2025-03-04T16:41:00,2025-03-04T16:37:00,8
00113147,Bradshaw Street,2025-03-04,2025-03-04T17:03:00,2025-03-04T17:00:00,6
00261521,Elm Street,2025-03-04,2025-03-04T17:07:00,2025-03-04T17:08:00,39
00113264,Ocean Avenue,2025-03-04,2025-03-04T17:12:00,2025-03-04T17:11:00,24
00115521,Jump Street,2025-03-04,2025-03-04T17:15:00,2025-03-04T17:19:00,29
00311532,Fury Road,2025-03-04,2025-03-04T17:22:00,2025-03-04T17:27:00,8
00662113,Cloverfield Lane,2025-03-04,2025-03-04T17:41:00,2025-03-04T17:38:00,8
00113147,Bradshaw Street,2025-03-04,2025-03-04T18:03:00,2025-03-04T18:00:00,11
00261521,Elm Street,2025-03-04,2025-03-04T18:07:00,2025-03-04T18:09:00,47
00113264,Ocean Avenue,2025-03-04,2025-03-04T18:12:00,2025-03-04T18:12:00,15
00115521,Jump Street,2025-03-04,2025-03-04T18:15:00,2025-03-04T18:17:00,29
00311532,Fury Road,2025-03-04,2025-03-04T18:22:00,2025-03-04T18:27:00,7
00662113,Cloverfield Lane,2025-03-04,2025-03-04T18:41:00,2025-03-04T18:39:00,8
00113147,Bradshaw Street,2025-03-04,2025-03-04T19:03:00,2025-03-04T18:59:00,25
00261521,Elm Street,2025-03-04,2025-03-04T19:07:00,2025-03-04T19:07:00,33
00113264,Ocean Avenue,2025-03-04,2025-03-04T19:12:00,2025-03-04T19:11:00,19
00115521,Jump Street,2025-03-04,2025-03-04T19:15:00,2025-03-04T19:17:00,21
00311532,Fury Road,2025-03-04,2025-03-04T19:22:00,2025-03-04T19:26:00,11
00662113,Cloverfield Lane,2025-03-04,2025-03-04T19:41:00,2025-03-04T19:41:00,8
00113147,Bradshaw Street,2025-03-04,2025-03-04T20:03:00,2025-03-04T20:00:00,1
00261521,Elm Street,2025-03-04,2025-03-04T20:07:00,2025-03-04T20:09:00,23
00113264,Ocean Avenue,2025-03-04,2025-03-04T20:12:00,2025-03-04T20:13:00,16
00115521,Jump Street,2025-03-04,2025-03-04T20:15:00,2025-03-04T20:21:00,14
00311532,Fury Road,2025-03-04,2025-03-04T20:22:00,2025-03-04T20:25:00,11
00662113,Cloverfield Lane,2025-03-04,2025-03-04T20:41:00,2025-03-04T20:39:00,2
00113147,Bradshaw Street,2025-03-04,2025-03-04T21:03:00,2025-03-04T20:59:00,3
00261521,Elm Street,2025-03-04,2025-03-04T21:07:00,2025-03-04T21:05:00,15
00113264,Ocean Avenue,2025-03-04,2025-03-04T21:12:00,2025-03-04T21:12:00,13
00115521,Jump Street,2025-03-04,2025-03-04T21:15:00,2025-03-04T21:21:00,18
00311532,Fury Road,2025-03-04,2025-03-04T21:22:00,2025-03-04T21:26:00,8
00662113,Cloverfield Lane,2025-03-04,2025-03-04T21:41:00,2025-03-04T21:40:00,10
00113147,Bradshaw Street,2025-03-05,2025-03-05T06:03:00,2025-03-05T06:02:00,3
00261521,Elm Street,2025-03-05,2025-03-05T06:07:00,2025-03-05T06:11:00,0
00113264,Ocean Avenue,2025-03-05,2025-03-05T06:12:00,2025-03-05T06:12:00,7
00115521,Jump Street,2025-03-05,2025-03-05T06:15:00,2025-03-05T06:16:00,8
00311532,Fury Road,2025-03-05,2025-03-05T06:22:00,2025-03-05T06:34:00,10
00662113,Cloverfield Lane,2025-03-05,2025-03-05T06:41:00,2025-03-05T06:40:00,7
00113147,Bradshaw Street,2025-03-05,2025-03-05T07:03:00,2025-03-05T07:00:00,25
00261521,Elm Street,2025-03-05,2025-03-05T07:07:00,2025-03-05T07:06:00,60
00113264,Ocean Avenue,2025-03-05,2025-03-05T07:12:00,2025-03-05T07:16:00,37
00115521,Jump Street,2025-03-05,2025-03-05T07:15:00,2025-03-05T07:17:00,16
00311532,Fury Road,2025-03-05,2025-03-05T07:22:00,2025-03-05T07:24:00,7
00662113,Cloverfield Lane,2025-03-05,2025-03-05T07:41:00,2025-03-05T07:40:00,10
00113147,Bradshaw Street,2025-03-05,2025-03-05T08:03:00,2025-03-05T08:00:00,28
00261521,Elm Street,2025-03-05,2025-03-05T08:07:00,2025-03-05T08:09:00,54
00113264,Ocean Avenue,2025-03-05,2025-03-05T08:12:00,2025-03-05T08:12:00,37
00115521,Jump Street,2025-03-05,2025-03-05T08:15:00,2025-03-05T08:20:00,31
00311532,Fury Road,2025-03-05,2025-03-05T08:22:00,2025-03-05T08:27:00,1
00662113,Cloverfield Lane,2025-03-05,2025-03-05T08:41:00,2025-03-05T08:39:00,8
00113147,Bradshaw Street,2025-03-05,2025-03-05T09:03:00,2025-03-05T09:01:00,16
00261521,Elm Street,2025-03-05,2025-03-05T09:07:00,2025-03-05T09:12:00,31
00113264,Ocean Avenue,2025-03-05,2025-03-05T09:12:00,2025-03-05T09:15:00,32
00115521,Jump Street,2025-03-05,2025-03-05T09:15:00,2025-03-05T09:20:00,24
00311532,Fury Road,2025-03-05,2025-03-05T09:22:00,2025-03-05T09:22:00,11
00662113,Cloverfield Lane,2025-03-05,2025-03-05T09:41:00,2025-03-05T09:41:00,5
00113147,Bradshaw Street,2025-03-05,2025-03-05T10:03:00,2025-03-05T10:01:00,17
00261521,Elm Street,2025-03-05,2025-03-05T10:07:00,2025-03-05T10:10:00,19
00113264,Ocean Avenue,2025-03-05,2025-03-05T10:12:00,2025-03-05T10:10:00,22
00115521,Jump Street,2025-03-05,2025-03-05T10:15:00,2025-03-05T10:19:00,24
00311532,Fury Road,2025-03-05,2025-03-05T10:22:00,2025-03-05T10:28:00,15
00662113,Cloverfield Lane,2025-03-05,2025-03-05T10:41:00,2025-03-05T10:38:00,9
00113147,Bradshaw Street,2025-03-05,2025-03-05T11:03:00,2025-03-05T11:02:00,18
00261521,Elm Street,2025-03-05,2025-03-05T11:07:00,2025-03-05T11:08:00,44
00113264,Ocean Avenue,2025-03-05,2025-03-05T11:12:00,2025-03-05T11:11:00,17
00115521,Jump Street,2025-03-05,2025-03-05T11:15:00,2025-03-05T11:20:00,15
00311532,Fury Road,2025-03-05,2025-03-05T11:22:00,2025-03-05T11:26:00,13
00662113,Cloverfield Lane,2025-03-05,2025-03-05T11:41:00,2025-03-05T11:39:00,8
00113147,Bradshaw Street,2025-03-05,2025-03-05T12:03:00,2025-03-05T12:00:00,18
00261521,Elm Street,2025-03-05,2025-03-05T12:07:00,2025-03-05T12:09:00,23
00113264,Ocean Avenue,2025-03-05,2025-03-05T12:12:00,2025-03-05T12:08:00,36
00115521,Jump Street,2025-03-05,2025-03-05T12:15:00,2025-03-05T12:18:00,15
00311532,Fury Road,2025-03-05,2025-03-05T12:22:00,2025-03-05T12:30:00,9
00662113,Cloverfield Lane,2025-03-05,2025-03-05T12:41:00,2025-03-05T12:41:00,8
00113147,Bradshaw Street,2025-03-05,2025-03-05T13:03:00,2025-03-05T13:01:00,6
00261521,Elm Street,2025-03-05,2025-03-05T13:07:00,2025-03-05T13:12:00,11
00113264,Ocean Avenue,2025-03-05,2025-03-05T13:12:00,2025-03-05T13:09:00,13
00115521,Jump Street,2025-03-05,2025-03-05T13:15:00,2025-03-05T13:17:00,9
00311532,Fury Road,2025-03-05,2025-03-05T13:22:00,2025-03-05T13:27:00,12
00662113,Cloverfield Lane,2025-03-05,2025-03-05T13:41:00,2025-03-05T13:42:00,5
00113147,Bradshaw Street,2025-03-05,2025-03-05T14:03:00,2025-03-05T14:01:00,12
00261521,Elm Street,2025-03-05,2025-03-05T14:07:00,2025-03-05T14:09:00,18
00113264,Ocean Avenue,2025-03-05,2025-03-05T14:12:00,2025-03-05T14:11:00,15
00115521,Jump Street,2025-03-05,2025-03-05T14:15:00,2025-03-05T14:16:00,10
00311532,Fury Road,2025-03-05,2025-03-05T14:22:00,2025-03-05T14:25:00,13
00662113,Cloverfield Lane,2025-03-05,2025-03-05T14:41:00,2025-03-05T14:39:00,8
00113147,Bradshaw Street,2025-03-05,2025-03-05T15:03:00,2025-03-05T14:59:00,16
00261521,Elm Street,2025-03-05,2025-03-05T15:07:00,2025-03-05T15:07:00,20
00113264,Ocean Avenue,2025-03-05,2025-03-05T15:12:00,2025-03-05T15:11:00,13
00115521,Jump Street,2025-03-05,2025-03-05T15:15:00,2025-03-05T15:18:00,8
00311532,Fury Road,2025-03-05,2025-03-05T15:22:00,2025-03-05T15:26:00,10
00662113,Cloverfield Lane,2025-03-05,2025-03-05T15:41:00,2025-03-05T15:41:00,6
00113147,Bradshaw Street,2025-03-05,2025-03-05T16:03:00,2025-03-05T15:58:00,15
00261521,Elm Street,2025-03-05,2025-03-05T16:07:00,2025-03-05T16:13:00,29
00113264,Ocean Avenue,2025-03-05,2025-03-05T16:12:00,2025-03-05T16:12:00,20
00115521,Jump Street,2025-03-05,2025-03-05T16:15:00,2025-03-05T16:15:00,26
00311532,Fury Road,2025-03-05,2025-03-05T16:22:00,2025-03-05T16:28:00,4
00662113,Cloverfield Lane,2025-03-05,2025-03-05T16:41:00,2025-03-05T16:40:00,10
00113147,Bradshaw Street,2025-03-05,2025-03-05T17:03:00,2025-03-05T16:58:00,10
00261521,Elm Street,2025-03-05,2025-03-05T17:07:00,2025-03-05T17:11:00,29
00113264,Ocean Avenue,2025-03-05,2025-03-05T17:12:00,2025-03-05T17:14:00,39
00115521,Jump Street,2025-03-05,2025-03-05T17:15:00,2025-03-05T17:20:00,48
00311532,Fury Road,2025-03-05,2025-03-05T17:22:00,2025-03-05T17:27:00,12
00662113,Cloverfield Lane,2025-03-05,2025-03-05T17:41:00,2025-03-05T17:38:00,8
00113147,Bradshaw Street,2025-03-05,2025-03-05T18:03:00,2025-03-05T18:01:00,0
00261521,Elm Street,2025-03-05,2025-03-05T18:07:00,2025-03-05T18:08:00,50
00113264,Ocean Avenue,2025-03-05,2025-03-05T18:12:00,2025-03-05T18:12:00,31
00115521,Jump Street,2025-03-05,2025-03-05T18:15:00,2025-03-05T18:16:00,38
00311532,Fury Road,2025-03-05,2025-03-05T18:22:00,2025-03-05T18:27:00,11
00662113,Cloverfield Lane,2025-03-05,2025-03-05T18:41:00,2025-03-05T18:39:00,9
00113147,Bradshaw Street,2025-03-05,2025-03-05T19:03:00,2025-03-05T18:58:00,8
00261521,Elm Street,2025-03-05,2025-03-05T19:07:00,2025-03-05T19:11:00,19
00113264,Ocean Avenue,2025-03-05,2025-03-05T19:12:00,2025-03-05T19:11:00,18
00115521,Jump Street,2025-03-05,2025-03-05T19:15:00,2025-03-05T19:20:00,7
00311532,Fury Road,2025-03-05,2025-03-05T19:22:00,2025-03-05T19:27:00,7
00662113,Cloverfield Lane,2025-03-05,2025-03-05T19:41:00,2025-03-05T19:43:00,4
00113147,Bradshaw Street,2025-03-05,2025-03-05T20:03:00,2025-03-05T19:59:00,19
00261521,Elm Street,2025-03-05,2025-03-05T20:07:00,2025-03-05T20:06:00,37
00113264,Ocean Avenue,2025-03-05,2025-03-05T20:12:00,2025-03-05T20:10:00,24
00115521,Jump Street,2025-03-05,2025-03-05T20:15:00,2025-03-05T20:16:00,18
00311532,Fury Road,2025-03-05,2025-03-05T20:22:00,2025-03-05T20:31:00,14
00662113,Cloverfield Lane,2025-03-05,2025-03-05T20:41:00,2025-03-05T20:41:00,1
00113147,Bradshaw Street,2025-03-05,2025-03-05T21:03:00,2025-03-05T21:02:00,11
00261521,Elm Street,2025-03-05,2025-03-05T21:07:00,2025-03-05T21:09:00,9
00113264,Ocean Avenue,2025-03-05,2025-03-05T21:12:00,2025-03-05T21:13:00,7
00115521,Jump Street,2025-03-05,2025-03-05T21:15:00,2025-03-05T21:16:00,3
00311532,Fury Road,2025-03-05,2025-03-05T21:22:00,2025-03-05T21:26:00,9
00662113,Cloverfield Lane,2025-03-05,2025-03-05T21:41:00,2025-03-05T21:39:00,6
00113147,Bradshaw Street,2025-03-06,2025-03-06T06:03:00,2025-03-06T06:00:00,4
00261521,Elm Street,2025-03-06,2025-03-06T06:07:00,2025-03-06T06:09:00,25
00113264,Ocean Avenue,2025-03-06,2025-03-06T06:12:00,2025-03-06T06:14:00,9
00115521,Jump Street,2025-03-06,2025-03-06T06:15:00,2025-03-06T06:21:00,4
00311532,Fury Road,2025-03-06,2025-03-06T06:22:00,2025-03-06T06:27:00,7
00662113,Cloverfield Lane,2025-03-06,2025-03-06T06:41:00,2025-03-06T06:39:00,0
00113147,Bradshaw Street,2025-03-06,2025-03-06T07:03:00,2025-03-06T07:00:00,20
00261521,Elm Street,2025-03-06,2025-03-06T07:07:00,2025-03-06T07:09:00,54
00113264,Ocean Avenue,2025-03-06,2025-03-06T07:12:00,2025-03-06T07:13:00,52
00115521,Jump Street,2025-03-06,2025-03-06T07:15:00,2025-03-06T07:15:00,24
00311532,Fury Road,2025-03-06,2025-03-06T07:22:00,2025-03-06T07:30:00,15
00662113,Cloverfield Lane,2025-03-06,2025-03-06T07:41:00,2025-03-06T07:40:00,3
00113147,Bradshaw Street,2025-03-06,2025-03-06T08:03:00,2025-03-06T08:00:00,14
00261521,Elm Street,2025-03-06,2025-03-06T08:07:00,2025-03-06T08:11:00,60
00113264,Ocean Avenue,2025-03-06,2025-03-06T08:12:00,2025-03-06T08:14:00,40
00115521,Jump Street,2025-03-06,2025-03-06T08:15:00,2025-03-06T08:16:00,10
00311532,Fury Road,2025-03-06,2025-03-06T08:22:00,2025-03-06T08:24:00,10
00662113,Cloverfield Lane,2025-03-06,2025-03-06T08:41:00,2025-03-06T08:40:00,4
00113147,Bradshaw Street,2025-03-06,2025-03-06T09:03:00,2025-03-06T09:01:00,19
00261521,Elm Street,2025-03-06,2025-03-06T09:07:00,2025-03-06T09:10:00,60
00113264,Ocean Avenue,2025-03-06,2025-03-06T09:12:00,2025-03-06T09:13:00,35
00115521,Jump Street,2025-03-06,2025-03-06T09:15:00,2025-03-06T09:18:00,6
00311532,Fury Road,2025-03-06,2025-03-06T09:22:00,2025-03-06T09:24:00,8
00662113,Cloverfield Lane,2025-03-06,2025-03-06T09:41:00,2025-03-06T09:41:00,4
00113147,Bradshaw Street,2025-03-06,2025-03-06T10:03:00,2025-03-06T09:59:00,9
00261521,Elm Street,2025-03-06,2025-03-06T10:07:00,2025-03-06T10:08:00,28
00113264,Ocean Avenue,2025-03-06,2025-03-06T10:12:00,2025-03-06T10:09:00,11
00115521,Jump Street,2025-03-06,2025-03-06T10:15:00,2025-03-06T10:16:00,12
00311532,Fury Road,2025-03-06,2025-03-06T10:22:00,2025-03-06T10:25:00,11
00662113,Cloverfield Lane,2025-03-06,2025-03-06T10:41:00,2025-03-06T10:43:00,9
00113147,Bradshaw Street,2025-03-06,2025-03-06T11:03:00,2025-03-06T11:00:00,2
00261521,Elm Street,2025-03-06,2025-03-06T11:07:00,2025-03-06T11:12:00,46
00113264,Ocean Avenue,2025-03-06,2025-03-06T11:12:00,2025-03-06T11:13:00,17
00115521,Jump Street,2025-03-06,2025-03-06T11:15:00,2025-03-06T11:15:00,16
00311532,Fury Road,2025-03-06,2025-03-06T11:22:00,2025-03-06T11:26:00,3
00662113,Cloverfield Lane,2025-03-06,2025-03-06T11:41:00,2025-03-06T11:38:00,12
00113147,Bradshaw Street,2025-03-06,2025-03-06T12:03:00,2025-03-06T12:00:00,19
00261521,Elm Street,2025-03-06,2025-03-06T12:07:00,2025-03-06T12:09:00,19
00113264,Ocean Avenue,2025-03-06,2025-03-06T12:12:00,2025-03-06T12:12:00,22
00115521,Jump Street,2025-03-06,2025-03-06T12:15:00,2025-03-06T12:18:00,25
00311532,Fury Road,2025-03-06,2025-03-06T12:22:00,2025-03-06T12:26:00,6
00662113,Cloverfield Lane,2025-03-06,2025-03-06T12:41:00,2025-03-06T12:40:00,6
00113147,Bradshaw Street,2025-03-06,2025-03-06T13:03:00,2025-03-06T12:57:00,16
00261521,Elm Street,2025-03-06,2025-03-06T13:07:00,none,0
00113264,Ocean Avenue,2025-03-06,2025-03-06T13:12:00,2025-03-06T13:11:00,22
00115521,Jump Street,2025-03-06,2025-03-06T13:15:00,2025-03-06T13:20:00,26
00311532,Fury Road,2025-03-06,2025-03-06T13:22:00,2025-03-06T13:24:00,12
00662113,Cloverfield Lane,2025-03-06,2025-03-06T13:41:00,2025-03-06T13:38:00,10
00113147,Bradshaw Street,2025-03-06,2025-03-06T14:03:00,2025-03-06T14:01:00,19
00261521,Elm Street,2025-03-06,2025-03-06T14:07:00,none,0
00113264,Ocean Avenue,2025-03-06,2025-03-06T14:12:00,2025-03-06T14:13:00,23
00115521,Jump Street,2025-03-06,2025-03-06T14:15:00,2025-03-06T14:18:00,12
00311532,Fury Road,2025-03-06,2025-03-06T14:22:00,2025-03-06T14:33:00,5
00662113,Cloverfield Lane,2025-03-06,2025-03-06T14:41:00,2025-03-06T14:41:00,5
00113147,Bradshaw Street,2025-03-06,2025-03-06T15:03:00,2025-03-06T14:58:00,14
00261521,Elm Street,2025-03-06,2025-03-06T15:07:00,2025-03-06T15:11:00,28
00113264,Ocean Avenue,2025-03-06,2025-03-06T15:12:00,2025-03-06T15:08:00,10
00115521,Jump Street,2025-03-06,2025-03-06T15:15:00,2025-03-06T15:18:00,10
00311532,Fury Road,2025-03-06,2025-03-06T15:22:00,2025-03-06T15:24:00,7
00662113,Cloverfield Lane,2025-03-06,2025-03-06T15:41:00,2025-03-06T15:42:00,5
00113147,Bradshaw Street,2025-03-06,2025-03-06T16:03:00,2025-03-06T16:00:00,17
00261521,Elm Street,2025-03-06,2025-03-06T16:07:00,2025-03-06T16:07:00,19
00113264,Ocean Avenue,2025-03-06,2025-03-06T16:12:00,2025-03-06T16:12:00,32
00115521,Jump Street,2025-03-06,2025-03-06T16:15:00,2025-03-06T16:17:00,18
00311532,Fury Road,2025-03-06,2025-03-06T16:22:00,2025-03-06T16:26:00,7
00662113,Cloverfield Lane,2025-03-06,2025-03-06T16:41:00,2025-03-06T16:42:00,7
00113147,Bradshaw Street,2025-03-06,2025-03-06T17:03:00,2025-03-06T16:59:00,26
00261521,Elm Street,2025-03-06,2025-03-06T17:07:00,2025-03-06T17:08:00,47
00113264,Ocean Avenue,2025-03-06,2025-03-06T17:12:00,2025-03-06T17:12:00,34
00115521,Jump Street,2025-03-06,2025-03-06T17:15:00,2025-03-06T17:16:00,26
00311532,Fury Road,2025-03-06,2025-03-06T17:22:00,2025-03-06T17:30:00,13
00662113,Cloverfield Lane,2025-03-06,2025-03-06T17:41:00,2025-03-06T17:40:00,8
00113147,Bradshaw Street,2025-03-06,2025-03-06T18:03:00,2025-03-06T18:00:00,16
00261521,Elm Street,2025-03-06,2025-03-06T18:07:00,2025-03-06T18:06:00,39
00113264,Ocean Avenue,2025-03-06,2025-03-06T18:12:00,2025-03-06T18:12:00,29
00115521,Jump Street,2025-03-06,2025-03-06T18:15:00,2025-03-06T18:16:00,44
00311532,Fury Road,2025-03-06,2025-03-06T18:22:00,2025-03-06T18:23:00,14
00662113,Cloverfield Lane,2025-03-06,2025-03-06T18:41:00,2025-03-06T18:39:00,5
00113147,Bradshaw Street,2025-03-06,2025-03-06T19:03:00,2025-03-06T18:59:00,12
00261521,Elm Street,2025-03-06,2025-03-06T19:07:00,2025-03-06T19:11:00,18
00113264,Ocean Avenue,2025-03-06,2025-03-06T19:12:00,2025-03-06T19:14:00,26
00115521,Jump Street,2025-03-06,2025-03-06T19:15:00,2025-03-06T19:17:00,11
00311532,Fury Road,2025-03-06,2025-03-06T19:22:00,2025-03-06T19:25:00,8
00662113,Cloverfield Lane,2025-03-06,2025-03-06T19:41:00,2025-03-06T19:41:00,6
00113147,Bradshaw Street,2025-03-06,2025-03-06T20:03:00,2025-03-06T20:00:00,6
00261521,Elm Street,2025-03-06,2025-03-06T20:07:00,2025-03-06T20:07:00,8
00113264,Ocean Avenue,2025-03-06,2025-03-06T20:12:00,2025-03-06T20:11:00,8
00115521,Jump Street,2025-03-06,2025-03-06T20:15:00,2025-03-06T20:18:00,8
00311532,Fury Road,2025-03-06,2025-03-06T20:22:00,2025-03-06T20:26:00,7
00662113,Cloverfield Lane,2025-03-06,2025-03-06T20:41:00,2025-03-06T20:40:00,5
00113147,Bradshaw Street,2025-03-06,2025-03-06T21:03:00,2025-03-06T20:58:00,5
00261521,Elm Street,2025-03-06,2025-03-06T21:07:00,none,0
00113264,Ocean Avenue,2025-03-06,2025-03-06T21:12:00,2025-03-06T21:09:00,9
00115521,Jump Street,2025-03-06,2025-03-06T21:15:00,2025-03-06T21:17:00,17
00311532,Fury Road,2025-03-06,2025-03-06T21:22:00,2025-03-06T21:28:00,6
00662113,Cloverfield Lane,2025-03-06,2025-03-06T21:41:00,2025-03-06T21:40:00,6
00113147,Bradshaw Street,2025-03-07,2025-03-07T06:03:00,2025-03-07T05:59:00,13
00261521,Elm Street,2025-03-07,2025-03-07T06:07:00,2025-03-07T06:07:00,15
00113264,Ocean Avenue,2025-03-07,2025-03-07T06:12:00,2025-03-07T06:15:00,14
00115521,Jump Street,2025-03-07,2025-03-07T06:15:00,2025-03-07T06:17:00,13
00311532,Fury Road,2025-03-07,2025-03-07T06:22:00,2025-03-07T06:27:00,9
00662113,Cloverfield Lane,2025-03-07,2025-03-07T06:41:00,2025-03-07T06:40:00,3
00113147,Bradshaw Street,2025-03-07,2025-03-07T07:03:00,2025-03-07T07:02:00,23
00261521,Elm Street,2025-03-07,2025-03-07T07:07:00,2025-03-07T07:06:00,60
00113264,Ocean Avenue,2025-03-07,2025-03-07T07:12:00,2025-03-07T07:08:00,45
00115521,Jump Street,2025-03-07,2025-03-07T07:15:00,2025-03-07T07:16:00,32
00311532,Fury Road,2025-03-07,2025-03-07T07:22:00,2025-03-07T07:25:00,9
00662113,Cloverfield Lane,2025-03-07,2025-03-07T07:41:00,2025-03-07T07:41:00,5
00113147,Bradshaw Street,2025-03-07,2025-03-07T08:03:00,2025-03-07T08:02:00,25
00261521,Elm Street,2025-03-07,2025-03-07T08:07:00,2025-03-07T08:06:00,50
00113264,Ocean Avenue,2025-03-07,2025-03-07T08:12:00,2025-03-07T08:12:00,46
00115521,Jump Street,2025-03-07,2025-03-07T08:15:00,2025-03-07T08:16:00,23
00311532,Fury Road,2025-03-07,2025-03-07T08:22:00,2025-03-07T08:31:00,8
00662113,Cloverfield Lane,2025-03-07,2025-03-07T08:41:00,2025-03-07T08:41:00,0
00113147,Bradshaw Street,2025-03-07,2025-03-07T09:03:00,2025-03-07T09:00:00,29
00261521,Elm Street,2025-03-07,2025-03-07T09:07:00,2025-03-07T09:07:00,38
00113264,Ocean Avenue,2025-03-07,2025-03-07T09:12:00,2025-03-07T09:16:00,21
00115521,Jump Street,2025-03-07,2025-03-07T09:15:00,2025-03-07T09:19:00,14
00311532,Fury Road,2025-03-07,2025-03-07T09:22:00,2025-03-07T09:26:00,19
00662113,Cloverfield Lane,2025-03-07,2025-03-07T09:41:00,2025-03-07T09:38:00,6
00113147,Bradshaw Street,2025-03-07,2025-03-07T10:03:00,2025-03-07T10:03:00,24
00261521,Elm Street,2025-03-07,2025-03-07T10:07:00,2025-03-07T10:07:00,26
00113264,Ocean Avenue,2025-03-07,2025-03-07T10:12:00,2025-03-07T10:14:00,30
00115521,Jump Street,2025-03-07,2025-03-07T10:15:00,2025-03-07T10:17:00,22
00311532,Fury Road,2025-03-07,2025-03-07T10:22:00,2025-03-07T10:28:00,16
00662113,Cloverfield Lane,2025-03-07,2025-03-07T10:41:00,2025-03-07T10:40:00,10
00113147,Bradshaw Street,2025-03-07,2025-03-07T11:03:00,2025-03-07T10:59:00,22
00261521,Elm Street,2025-03-07,2025-03-07T11:07:00,2025-03-07T11:11:00,26
00113264,Ocean Avenue,2025-03-07,2025-03-07T11:12:00,2025-03-07T11:11:00,15
00115521,Jump Street,2025-03-07,2025-03-07T11:15:00,2025-03-07T11:18:00,18
00311532,Fury Road,2025-03-07,2025-03-07T11:22:00,2025-03-07T11:28:00,11
00662113,Cloverfield Lane,2025-03-07,2025-03-07T11:41:00,2025-03-07T11:40:00,9
00113147,Bradshaw Street,2025-03-07,2025-03-07T12:03:00,2025-03-07T11:58:00,12
00261521,Elm Street,2025-03-07,2025-03-07T12:07:00,2025-03-07T12:06:00,25
00113264,Ocean Avenue,2025-03-07,2025-03-07T12:12:00,2025-03-07T12:13:00,33
00115521,Jump Street,2025-03-07,2025-03-07T12:15:00,2025-03-07T12:16:00,27
00311532,Fury Road,2025-03-07,2025-03-07T12:22:00,2025-03-07T12:24:00,2
00662113,Cloverfield Lane,2025-03-07,2025-03-07T12:41:00,2025-03-07T12:40:00,10
00113147,Bradshaw Street,2025-03-07,2025-03-07T13:03:00,2025-03-07T12:59:00,24
00261521,Elm Street,2025-03-07,2025-03-07T13:07:00,2025-03-07T13:07:00,12
00113264,Ocean Avenue,2025-03-07,2025-03-07T13:12:00,2025-03-07T13:14:00,18
00115521,Jump Street,2025-03-07,2025-03-07T13:15:00,2025-03-07T13:19:00,25
00311532,Fury Road,2025-03-07,2025-03-07T13:22:00,2025-03-07T13:27:00,10
00662113,Cloverfield Lane,2025-03-07,2025-03-07T13:41:00,2025-03-07T13:44:00,4
00113147,Bradshaw Street,2025-03-07,2025-03-07T14:03:00,2025-03-07T14:00:00,13
00261521,Elm Street,2025-03-07,2025-03-07T14:07:00,2025-03-07T14:06:00,31
00113264,Ocean Avenue,2025-03-07,2025-03-07T14:12:00,2025-03-07T14:15:00,30
00115521,Jump Street,2025-03-07,2025-03-07T14:15:00,2025-03-07T14:19:00,11
00311532,Fury Road,2025-03-07,2025-03-07T14:22:00,2025-03-07T14:27:00,10
00662113,Cloverfield Lane,2025-03-07,2025-03-07T14:41:00,2025-03-07T14:39:00,13
00113147,Bradshaw Street,2025-03-07,2025-03-07T15:03:00,2025-03-07T15:00:00,21
00261521,Elm Street,2025-03-07,2025-03-07T15:07:00,2025-03-07T15:07:00,29
00113264,Ocean Avenue,2025-03-07,2025-03-07T15:12:00,2025-03-07T15:14:00,27
00115521,Jump Street,2025-03-07,2025-03-07T15:15:00,2025-03-07T15:15:00,5
00311532,Fury Road,2025-03-07,2025-03-07T15:22:00,2025-03-07T15:27:00,10
00662113,Cloverfield Lane,2025-03-07,2025-03-07T15:41:00,2025-03-07T15:43:00,10
00113147,Bradshaw Street,2025-03-07,2025-03-07T16:03:00,2025-03-07T16:00:00,20
00261521,Elm Street,2025-03-07,2025-03-07T16:07:00,2025-03-07T16:09:00,33
00113264,Ocean Avenue,2025-03-07,2025-03-07T16:12:00,2025-03-07T16:14:00,37
00115521,Jump Street,2025-03-07,2025-03-07T16:15:00,2025-03-07T16:14:00,26
00311532,Fury Road,2025-03-07,2025-03-07T16:22:00,2025-03-07T16:29:00,13
00662113,Cloverfield Lane,2025-03-07,2025-03-07T16:41:00,2025-03-07T16:42:00,9
00113147,Bradshaw Street,2025-03-07,2025-03-07T17:03:00,2025-03-07T17:01:00,29
00261521,Elm Street,2025-03-07,2025-03-07T17:07:00,2025-03-07T17:12:00,45
00113264,Ocean Avenue,2025-03-07,2025-03-07T17:12:00,2025-03-07T17:11:00,26
00115521,Jump Street,2025-03-07,2025-03-07T17:15:00,2025-03-07T17:20:00,34
00311532,Fury Road,2025-03-07,2025-03-07T17:22:00,2025-03-07T17:21:00,7
00662113,Cloverfield Lane,2025-03-07,2025-03-07T17:41:00,2025-03-07T17:39:00,6
00113147,Bradshaw Street,2025-03-07,2025-03-07T18:03:00,2025-03-07T18:01:00,9
00261521,Elm Street,2025-03-07,2025-03-07T18:07:00,2025-03-07T18:10:00,43
00113264,Ocean Avenue,2025-03-07,2025-03-07T18:12:00,2025-03-07T18:15:00,39
00115521,Jump Street,2025-03-07,2025-03-07T18:15:00,2025-03-07T18:18:00,52
00311532,Fury Road,2025-03-07,2025-03-07T18:22:00,2025-03-07T18:27:00,11
00662113,Cloverfield Lane,2025-03-07,2025-03-07T18:41:00,2025-03-07T18:40:00,7
00113147,Bradshaw Street,2025-03-07,2025-03-07T19:03:00,2025-03-07T19:02:00,15
00261521,Elm Street,2025-03-07,2025-03-07T19:07:00,none,0
00113264,Ocean Avenue,2025-03-07,2025-03-07T19:12:00,2025-03-07T19:10:00,15
00115521,Jump Street,2025-03-07,2025-03-07T19:15:00,2025-03-07T19:19:00,30
00311532,Fury Road,2025-03-07,2025-03-07T19:22:00,2025-03-07T19:26:00,9
00662113,Cloverfield Lane,2025-03-07,2025-03-07T19:41:00,2025-03-07T19:40:00,7
00113147,Bradshaw Street,2025-03-07,2025-03-07T20:03:00,2025-03-07T19:58:00,10
00261521,Elm Street,2025-03-07,2025-03-07T20:07:00,2025-03-07T20:05:00,12
00113264,Ocean Avenue,2025-03-07,2025-03-07T20:12:00,2025-03-07T20:14:00,23
00115521,Jump Street,2025-03-07,2025-03-07T20:15:00,2025-03-07T20:19:00,17
00311532,Fury Road,2025-03-07,2025-03-07T20:22:00,2025-03-07T20:31:00,12
00662113,Cloverfield Lane,2025-03-07,2025-03-07T20:41:00,2025-03-07T20:40:00,3
00113147,Bradshaw Street,2025-03-07,2025-03-07T21:03:00,2025-03-07T21:01:00,12
00261521,Elm Street,2025-03-07,2025-03-07T21:07:00,2025-03-07T21:09:00,57
00113264,Ocean Avenue,2025-03-07,2025-03-07T21:12:00,2025-03-07T21:11:00,23
00115521,Jump Street,2025-03-07,2025-03-07T21:15:00,2025-03-07T21:16:00,14
00311532,Fury Road,2025-03-07,2025-03-07T21:22:00,2025-03-07T21:28:00,10
00662113,Cloverfield Lane,2025-03-07,2025-03-07T21:41:00,2025-03-07T21:39:00,6
00113147,Bradshaw Street,2025-03-08,2025-03-08T06:03:00,2025-03-08T06:01:00,0
00261521,Elm Street,2025-03-08,2025-03-08T06:07:00,2025-03-08T06:09:00,0
00113264,Ocean Avenue,2025-03-08,2025-03-08T06:12:00,2025-03-08T06:13:00,4
00115521,Jump Street,2025-03-08,2025-03-08T06:15:00,2025-03-08T06:18:00,1
00311532,Fury Road,2025-03-08,2025-03-08T06:22:00,2025-03-08T06:29:00,6
00662113,Cloverfield Lane,2025-03-08,2025-03-08T06:41:00,2025-03-08T06:41:00,1
00113147,Bradshaw Street,2025-03-08,2025-03-08T07:03:00,2025-03-08T06:58:00,12
00261521,Elm Street,2025-03-08,2025-03-08T07:07:00,2025-03-08T07:06:00,21
00113264,Ocean Avenue,2025-03-08,2025-03-08T07:12:00,2025-03-08T07:15:00,23
00115521,Jump Street,2025-03-08,2025-03-08T07:15:00,2025-03-08T07:17:00,0
00311532,Fury Road,2025-03-08,2025-03-08T07:22:00,2025-03-08T07:26:00,10
00662113,Cloverfield Lane,2025-03-08,2025-03-08T07:41:00,2025-03-08T07:41:00,6
00113147,Bradshaw Street,2025-03-08,2025-03-08T08:03:00,2025-03-08T07:58:00,21
00261521,Elm Street,2025-03-08,2025-03-08T08:07:00,2025-03-08T08:08:00,26
00113264,Ocean Avenue,2025-03-08,2025-03-08T08:12:00,2025-03-08T08:11:00,16
00115521,Jump Street,2025-03-08,2025-03-08T08:15:00,2025-03-08T08:16:00,2
00311532,Fury Road,2025-03-08,2025-03-08T08:22:00,2025-03-08T08:25:00,7
00662113,Cloverfield Lane,2025-03-08,2025-03-08T08:41:00,2025-03-08T08:39:00,1
00113147,Bradshaw Street,2025-03-08,2025-03-08T09:03:00,2025-03-08T09:00:00,12
00261521,Elm Street,2025-03-08,2025-03-08T09:07:00,2025-03-08T09:07:00,31
00113264,Ocean Avenue,2025-03-08,2025-03-08T09:12:00,2025-03-08T09:12:00,18
00115521,Jump Street,2025-03-08,2025-03-08T09:15:00,2025-03-08T09:16:00,15
00311532,Fury Road,2025-03-08,2025-03-08T09:22:00,2025-03-08T09:24:00,10
00662113,Cloverfield Lane,2025-03-08,2025-03-08T09:41:00,2025-03-08T09:42:00,4
00113147,Bradshaw Street,2025-03-08,2025-03-08T10:03:00,2025-03-08T10:00:00,6
00261521,Elm Street,2025-03-08,2025-03-08T10:07:00,2025-03-08T10:05:00,7
00113264,Ocean Avenue,2025-03-08,2025-03-08T10:12:00,2025-03-08T10:10:00,17
00115521,Jump Street,2025-03-08,2025-03-08T10:15:00,2025-03-08T10:19:00,10
00311532,Fury Road,2025-03-08,2025-03-08T10:22:00,2025-03-08T10:25:00,4
00662113,Cloverfield Lane,2025-03-08,2025-03-08T10:41:00,2025-03-08T10:41:00,5
00113147,Bradshaw Street,2025-03-08,2025-03-08T11:03:00,2025-03-08T10:58:00,3
00261521,Elm Street,2025-03-08,2025-03-08T11:07:00,2025-03-08T11:08:00,16
00113264,Ocean Avenue,2025-03-08,2025-03-08T11:12:00,2025-03-08T11:13:00,9
00115521,Jump Street,2025-03-08,2025-03-08T11:15:00,2025-03-08T11:20:00,4
00311532,Fury Road,2025-03-08,2025-03-08T11:22:00,2025-03-08T11:24:00,9
00662113,Cloverfield Lane,2025-03-08,2025-03-08T11:41:00,2025-03-08T11:40:00,1
00113147,Bradshaw Street,2025-03-08,2025-03-08T12:03:00,2025-03-08T12:00:00,4
00261521,Elm Street,2025-03-08,2025-03-08T12:07:00,2025-03-08T12:08:00,5
00113264,Ocean Avenue,2025-03-08,2025-03-08T12:12:00,2025-03-08T12:14:00,12
00115521,Jump Street,2025-03-08,2025-03-08T12:15:00,2025-03-08T12:19:00,2
00311532,Fury Road,2025-03-08,2025-03-08T12:22:00,2025-03-08T12:27:00,5
00662113,Cloverfield Lane,2025-03-08,2025-03-08T12:41:00,2025-03-08T12:42:00,0
00113147,Bradshaw Street,2025-03-08,2025-03-08T13:03:00,2025-03-08T13:01:00,16
00261521,Elm Street,2025-03-08,2025-03-08T13:07:00,2025-03-08T13:09:00,2
00113264,Ocean Avenue,2025-03-08,2025-03-08T13:12:00,2025-03-08T13:11:00,22
00115521,Jump Street,2025-03-08,2025-03-08T13:15:00,2025-03-08T13:18:00,5
00311532,Fury Road,2025-03-08,2025-03-08T13:22:00,2025-03-08T13:28:00,6
00662113,Cloverfield Lane,2025-03-08,2025-03-08T13:41:00,2025-03-08T13:40:00,4
00113147,Bradshaw Street,2025-03-08,2025-03-08T14:03:00,2025-03-08T13:59:00,14
00261521,Elm Street,2025-03-08,2025-03-08T14:07:00,2025-03-08T14:09:00,13
00113264,Ocean Avenue,2025-03-08,2025-03-08T14:12:00,2025-03-08T14:12:00,7
00115521,Jump Street,2025-03-08,2025-03-08T14:15:00,2025-03-08T14:15:00,19
00311532,Fury Road,2025-03-08,2025-03-08T14:22:00,2025-03-08T14:29:00,9
00662113,Cloverfield Lane,2025-03-08,2025-03-08T14:41:00,2025-03-08T14:40:00,2
00113147,Bradshaw Street,2025-03-08,2025-03-08T15:03:00,2025-03-08T15:01:00,0
00261521,Elm Street,2025-03-08,2025-03-08T15:07:00,2025-03-08T15:11:00,33
00113264,Ocean Avenue,2025-03-08,2025-03-08T15:12:00,2025-03-08T15:11:00,19
00115521,Jump Street,2025-03-08,2025-03-08T15:15:00,2025-03-08T15:18:00,9
00311532,Fury Road,2025-03-08,2025-03-08T15:22:00,2025-03-08T15:27:00,9
00662113,Cloverfield Lane,2025-03-08,2025-03-08T15:41:00,2025-03-08T15:41:00,7
00113147,Bradshaw Street,2025-03-08,2025-03-08T16:03:00,2025-03-08T16:00:00,3
00261521,Elm Street,2025-03-08,2025-03-08T16:07:00,2025-03-08T16:09:00,21
00113264,Ocean Avenue,2025-03-08,2025-03-08T16:12:00,2025-03-08T16:10:00,18
00115521,Jump Street,2025-03-08,2025-03-08T16:15:00,2025-03-08T16:19:00,24
00311532,Fury Road,2025-03-08,2025-03-08T16:22:00,2025-03-08T16:24:00,7
00662113,Cloverfield Lane,2025-03-08,2025-03-08T16:41:00,2025-03-08T16:37:00,3
00113147,Bradshaw Street,2025-03-08,2025-03-08T17:03:00,2025-03-08T17:00:00,2
00261521,Elm Street,2025-03-08,2025-03-08T17:07:00,2025-03-08T17:08:00,35
00113264,Ocean Avenue,2025-03-08,2025-03-08T17:12:00,2025-03-08T17:08:00,28
00115521,Jump Street,2025-03-08,2025-03-08T17:15:00,2025-03-08T17:16:00,25
00311532,Fury Road,2025-03-08,2025-03-08T17:22:00,2025-03-08T17:33:00,1
00662113,Cloverfield Lane,2025-03-08,2025-03-08T17:41:00,2025-03-08T17:41:00,1
00113147,Bradshaw Street,2025-03-08,2025-03-08T18:03:00,2025-03-08T18:01:00,3
00261521,Elm Street,2025-03-08,2025-03-08T18:07:00,2025-03-08T18:08:00,38
00113264,Ocean Avenue,2025-03-08,2025-03-08T18:12:00,2025-03-08T18:14:00,15
00115521,Jump Street,2025-03-08,2025-03-08T18:15:00,2025-03-08T18:15:00,26
00311532,Fury Road,2025-03-08,2025-03-08T18:22:00,2025-03-08T18:29:00,0
00662113,Cloverfield Lane,2025-03-08,2025-03-08T18:41:00,2025-03-08T18:42:00,8
00113147,Bradshaw Street,2025-03-08,2025-03-08T19:03:00,2025-03-08T19:02:00,19
00261521,Elm Street,2025-03-08,2025-03-08T19:07:00,2025-03-08T19:08:00,13
00113264,Ocean Avenue,2025-03-08,2025-03-08T19:12:00,2025-03-08T19:13:00,5
00115521,Jump Street,2025-03-08,2025-03-08T19:15:00,2025-03-08T19:16:00,10
00311532,Fury Road,2025-03-08,2025-03-08T19:22:00,2025-03-08T19:25:00,4
00662113,Cloverfield Lane,2025-03-08,2025-03-08T19:41:00,2025-03-08T19:40:00,2
00113147,Bradshaw Street,2025-03-08,2025-03-08T20:03:00,2025-03-08T19:58:00,9
00261521,Elm Street,2025-03-08,2025-03-08T20:07:00,2025-03-08T20:06:00,22
00113264,Ocean Avenue,2025-03-08,2025-03-08T20:12:00,2025-03-08T20:11:00,11
00115521,Jump Street,2025-03-08,2025-03-08T20:15:00,2025-03-08T20:18:00,11
00311532,Fury Road,2025-03-08,2025-03-08T20:22:00,2025-03-08T20:26:00,7
00662113,Cloverfield Lane,2025-03-08,2025-03-08T20:41:00,2025-03-08T20:40:00,7
00113147,Bradshaw Street,2025-03-08,2025-03-08T21:03:00,2025-03-08T21:01:00,13
00261521,Elm Street,2025-03-08,2025-03-08T21:07:00,2025-03-08T21:08:00,7
00113264,Ocean Avenue,2025-03-08,2025-03-08T21:12:00,2025-03-08T21:16:00,20
00115521,Jump Street,2025-03-08,2025-03-08T21:15:00,2025-03-08T21:18:00,8
00311532,Fury Road,2025-03-08,2025-03-08T21:22:00,2025-03-08T21:23:00,3
00662113,Cloverfield Lane,2025-03-08,2025-03-08T21:41:00,2025-03-08T21:43:00,3
00113147,Bradshaw Street,2025-03-09,2025-03-09T06:03:00,2025-03-09T06:03:00,15
00261521,Elm Street,2025-03-09,2025-03-09T06:07:00,2025-03-09T06:09:00,11
00113264,Ocean Avenue,2025-03-09,2025-03-09T06:12:00,2025-03-09T06:12:00,20
00115521,Jump Street,2025-03-09,2025-03-09T06:15:00,2025-03-09T06:19:00,18
00311532,Fury Road,2025-03-09,2025-03-09T06:22:00,2025-03-09T06:30:00,2
00662113,Cloverfield Lane,2025-03-09,2025-03-09T06:41:00,2025-03-09T06:39:00,3
00113147,Bradshaw Street,2025-03-09,2025-03-09T07:03:00,2025-03-09T07:03:00,3
00261521,Elm Street,2025-03-09,2025-03-09T07:07:00,2025-03-09T07:06:00,34
00113264,Ocean Avenue,2025-03-09,2025-03-09T07:12:00,2025-03-09T07:09:00,13
00115521,Jump Street,2025-03-09,2025-03-09T07:15:00,2025-03-09T07:20:00,20
00311532,Fury Road,2025-03-09,2025-03-09T07:22:00,2025-03-09T07:28:00,5
00662113,Cloverfield Lane,2025-03-09,2025-03-09T07:41:00,2025-03-09T07:40:00,7
00113147,Bradshaw Street,2025-03-09,2025-03-09T08:03:00,2025-03-09T07:59:00,12
00261521,Elm Street,2025-03-09,2025-03-09T08:07:00,2025-03-09T08:07:00,30
00113264,Ocean Avenue,2025-03-09,2025-03-09T08:12:00,2025-03-09T08:09:00,22
00115521,Jump Street,2025-03-09,2025-03-09T08:15:00,2025-03-09T08:15:00,16
00311532,Fury Road,2025-03-09,2025-03-09T08:22:00,2025-03-09T08:23:00,4
00662113,Cloverfield Lane,2025-03-09,2025-03-09T08:41:00,2025-03-09T08:40:00,0
00113147,Bradshaw Street,2025-03-09,2025-03-09T09:03:00,2025-03-09T08:58:00,13
00261521,Elm Street,2025-03-09,2025-03-09T09:07:00,2025-03-09T09:10:00,23
00113264,Ocean Avenue,2025-03-09,2025-03-09T09:12:00,2025-03-09T09:14:00,26
00115521,Jump Street,2025-03-09,2025-03-09T09:15:00,2025-03-09T09:17:00,23
00311532,Fury Road,2025-03-09,2025-03-09T09:22:00,2025-03-09T09:21:00,0
00662113,Cloverfield Lane,2025-03-09,2025-03-09T09:41:00,2025-03-09T09:42:00,4
00113147,Bradshaw Street,2025-03-09,2025-03-09T10:03:00,2025-03-09T09:58:00,11
00261521,Elm Street,2025-03-09,2025-03-09T10:07:00,2025-03-09T10:09:00,16
00113264,Ocean Avenue,2025-03-09,2025-03-09T10:12:00,2025-03-09T10:16:00,5
00115521,Jump Street,2025-03-09,2025-03-09T10:15:00,2025-03-09T10:17:00,10
00311532,Fury Road,2025-03-09,2025-03-09T10:22:00,2025-03-09T10:27:00,2
00662113,Cloverfield Lane,2025-03-09,2025-03-09T10:41:00,2025-03-09T10:40:00,5
00113147,Bradshaw Street,2025-03-09,2025-03-09T11:03:00,2025-03-09T10:59:00,10
00261521,Elm Street,2025-03-09,2025-03-09T11:07:00,2025-03-09T11:07:00,23
00113264,Ocean Avenue,2025-03-09,2025-03-09T11:12:00,2025-03-09T11:11:00,13
00115521,Jump Street,2025-03-09,2025-03-09T11:15:00,2025-03-09T11:17:00,5
00311532,Fury Road,2025-03-09,2025-03-09T11:22:00,2025-03-09T11:21:00,0
00662113,Cloverfield Lane,2025-03-09,2025-03-09T11:41:00,2025-03-09T11:40:00,7
00113147,Bradshaw Street,2025-03-09,2025-03-09T12:03:00,2025-03-09T12:01:00,13
00261521,Elm Street,2025-03-09,2025-03-09T12:07:00,2025-03-09T12:05:00,25
00113264,Ocean Avenue,2025-03-09,2025-03-09T12:12:00,2025-03-09T12:12:00,13
00115521,Jump Street,2025-03-09,2025-03-09T12:15:00,2025-03-09T12:14:00,3
00311532,Fury Road,2025-03-09,2025-03-09T12:22:00,2025-03-09T12:23:00,1
00662113,Cloverfield Lane,2025-03-09,2025-03-09T12:41:00,2025-03-09T12:37:00,5
00113147,Bradshaw Street,2025-03-09,2025-03-09T13:03:00,2025-03-09T13:01:00,6
00261521,Elm Street,2025-03-09,2025-03-09T13:07:00,2025-03-09T13:08:00,1
00113264,Ocean Avenue,2025-03-09,2025-03-09T13:12:00,2025-03-09T13:14:00,6
00115521,Jump Street,2025-03-09,2025-03-09T13:15:00,2025-03-09T13:14:00,15
00311532,Fury Road,2025-03-09,2025-03-09T13:22:00,2025-03-09T13:27:00,6
00662113,Cloverfield Lane,2025-03-09,2025-03-09T13:41:00,2025-03-09T13:41:00,5
00113147,Bradshaw Street,2025-03-09,2025-03-09T14:03:00,2025-03-09T14:00:00,14
00261521,Elm Street,2025-03-09,2025-03-09T14:07:00,none,0
00113264,Ocean Avenue,2025-03-09,2025-03-09T14:12:00,2025-03-09T14:15:00,21
00115521,Jump Street,2025-03-09,2025-03-09T14:15:00,2025-03-09T14:15:00,1
00311532,Fury Road,2025-03-09,2025-03-09T14:22:00,2025-03-09T14:24:00,0
00662113,Cloverfield Lane,2025-03-09,2025-03-09T14:41:00,2025-03-09T14:40:00,0
00113147,Bradshaw Street,2025-03-09,2025-03-09T15:03:00,2025-03-09T15:00:00,8
00261521,Elm Street,2025-03-09,2025-03-09T15:07:00,2025-03-09T15:09:00,15
00113264,Ocean Avenue,2025-03-09,2025-03-09T15:12:00,2025-03-09T15:10:00,9
00115521,Jump Street,2025-03-09,2025-03-09T15:15:00,2025-03-09T15:19:00,4
00311532,Fury Road,2025-03-09,2025-03-09T15:22:00,2025-03-09T15:24:00,2
00662113,Cloverfield Lane,2025-03-09,2025-03-09T15:41:00,2025-03-09T15:41:00,4
00113147,Bradshaw Street,2025-03-09,2025-03-09T16:03:00,2025-03-09T16:01:00,5
00261521,Elm Street,2025-03-09,2025-03-09T16:07:00,2025-03-09T16:08:00,27
00113264,Ocean Avenue,2025-03-09,2025-03-09T16:12:00,2025-03-09T16:14:00,18
00115521,Jump Street,2025-03-09,2025-03-09T16:15:00,2025-03-09T16:18:00,9
00311532,Fury Road,2025-03-09,2025-03-09T16:22:00,2025-03-09T16:27:00,7
00662113,Cloverfield Lane,2025-03-09,2025-03-09T16:41:00,2025-03-09T16:40:00,6
00113147,Bradshaw Street,2025-03-09,2025-03-09T17:03:00,2025-03-09T16:59:00,11
00261521,Elm Street,2025-03-09,2025-03-09T17:07:00,2025-03-09T17:13:00,23
00113264,Ocean Avenue,2025-03-09,2025-03-09T17:12:00,2025-03-09T17:10:00,28
00115521,Jump Street,2025-03-09,2025-03-09T17:15:00,2025-03-09T17:18:00,33
00311532,Fury Road,2025-03-09,2025-03-09T17:22:00,2025-03-09T17:28:00,8
00662113,Cloverfield Lane,2025-03-09,2025-03-09T17:41:00,2025-03-09T17:42:00,3
00113147,Bradshaw Street,2025-03-09,2025-03-09T18:03:00,2025-03-09T18:02:00,0
00261521,Elm Street,2025-03-09,2025-03-09T18:07:00,2025-03-09T18:08:00,17
00113264,Ocean Avenue,2025-03-09,2025-03-09T18:12:00,2025-03-09T18:11:00,11
00115521,Jump Street,2025-03-09,2025-03-09T18:15:00,2025-03-09T18:15:00,14
00311532,Fury Road,2025-03-09,2025-03-09T18:22:00,2025-03-09T18:25:00,8
00662113,Cloverfield Lane,2025-03-09,2025-03-09T18:41:00,2025-03-09T18:40:00,5
00113147,Bradshaw Street,2025-03-09,2025-03-09T19:03:00,2025-03-09T19:02:00,6
00261521,Elm Street,2025-03-09,2025-03-09T19:07:00,2025-03-09T19:07:00,12
00113264,Ocean Avenue,2025-03-09,2025-03-09T19:12:00,2025-03-09T19:13:00,2
00115521,Jump Street,2025-03-09,2025-03-09T19:15:00,2025-03-09T19:19:00,10
00311532,Fury Road,2025-03-09,2025-03-09T19:22:00,2025-03-09T19:29:00,15
00662113,Cloverfield Lane,2025-03-09,2025-03-09T19:41:00,2025-03-09T19:39:00,0
00113147,Bradshaw Street,2025-03-09,2025-03-09T20:03:00,2025-03-09T20:00:00,9
00261521,Elm Street,2025-03-09,2025-03-09T20:07:00,2025-03-09T20:05:00,15
00113264,Ocean Avenue,2025-03-09,2025-03-09T20:12:00,2025-03-09T20:14:00,0
00115521,Jump Street,2025-03-09,2025-03-09T20:15:00,2025-03-09T20:16:00,5
00311532,Fury Road,2025-03-09,2025-03-09T20:22:00,2025-03-09T20:29:00,2
00662113,Cloverfield Lane,2025-03-09,2025-03-09T20:41:00,2025-03-09T20:37:00,3
00113147,Bradshaw Street,2025-03-09,2025-03-09T21:03:00,2025-03-09T20:58:00,2
00261521,Elm Street,2025-03-09,2025-03-09T21:07:00,2025-03-09T21:05:00,30
00113264,Ocean Avenue,2025-03-09,2025-03-09T21:12:00,2025-03-09T21:13:00,20
00115521,Jump Street,2025-03-09,2025-03-09T21:15:00,2025-03-09T21:19:00,19
00311532,Fury Road,2025-03-09,2025-03-09T21:22:00,2025-03-09T21:26:00,7
00662113,Cloverfield Lane,2025-03-09,2025-03-09T21:41:00,2025-03-09T21:40:00,5
00113147,Bradshaw Street,2025-03-10,2025-03-10T06:03:00,2025-03-10T06:04:00,10
00261521,Elm Street,2025-03-10,2025-03-10T06:07:00,2025-03-10T06:07:00,22
00113264,Ocean Avenue,2025-03-10,2025-03-10T06:12:00,2025-03-10T06:11:00,18
00115521,Jump Street,2025-03-10,2025-03-10T06:15:00,2025-03-10T06:19:00,1
00311532,Fury Road,2025-03-10,2025-03-10T06:22:00,2025-03-10T06:27:00,5
00662113,Cloverfield Lane,2025-03-10,2025-03-10T06:41:00,2025-03-10T06:40:00,3
00113147,Bradshaw Street,2025-03-10,2025-03-10T07:03:00,2025-03-10T07:01:00,18
00261521,Elm Street,2025-03-10,2025-03-10T07:07:00,2025-03-10T07:07:00,52
00113264,Ocean Avenue,2025-03-10,2025-03-10T07:12:00,2025-03-10T07:15:00,35
00115521,Jump Street,2025-03-10,2025-03-10T07:15:00,2025-03-10T07:16:00,31
00311532,Fury Road,2025-03-10,2025-03-10T07:22:00,2025-03-10T07:30:00,8
00662113,Cloverfield Lane,2025-03-10,2025-03-10T07:41:00,2025-03-10T07:40:00,8
00113147,Bradshaw Street,2025-03-10,2025-03-10T08:03:00,2025-03-10T08:00:00,13
00261521,Elm Street,2025-03-10,2025-03-10T08:07:00,2025-03-10T08:09:00,56
00113264,Ocean Avenue,2025-03-10,2025-03-10T08:12:00,2025-03-10T08:13:00,43
00115521,Jump Street,2025-03-10,2025-03-10T08:15:00,2025-03-10T08:19:00,20
00311532,Fury Road,2025-03-10,2025-03-10T08:22:00,2025-03-10T08:27:00,11
00662113,Cloverfield Lane,2025-03-10,2025-03-10T08:41:00,2025-03-10T08:39:00,10
00113147,Bradshaw Street,2025-03-10,2025-03-10T09:03:00,2025-03-10T09:02:00,14
00261521,Elm Street,2025-03-10,2025-03-10T09:07:00,2025-03-10T09:11:00,59
00113264,Ocean Avenue,2025-03-10,2025-03-10T09:12:00,2025-03-10T09:15:00,39
00115521,Jump Street,2025-03-10,2025-03-10T09:15:00,2025-03-10T09:23:00,26
00311532,Fury Road,2025-03-10,2025-03-10T09:22:00,2025-03-10T09:27:00,15
00662113,Cloverfield Lane,2025-03-10,2025-03-10T09:41:00,2025-03-10T09:42:00,8
00113147,Bradshaw Street,2025-03-10,2025-03-10T10:03:00,2025-03-10T09:59:00,13
00261521,Elm Street,2025-03-10,2025-03-10T10:07:00,2025-03-10T10:08:00,21
00113264,Ocean Avenue,2025-03-10,2025-03-10T10:12:00,2025-03-10T10:17:00,22
00115521,Jump Street,2025-03-10,2025-03-10T10:15:00,2025-03-10T10:18:00,16
00311532,Fury Road,2025-03-10,2025-03-10T10:22:00,2025-03-10T10:28:00,3
00662113,Cloverfield Lane,2025-03-10,2025-03-10T10:41:00,2025-03-10T10:38:00,8
00113147,Bradshaw Street,2025-03-10,2025-03-10T11:03:00,2025-03-10T11:00:00,12
00261521,Elm Street,2025-03-10,2025-03-10T11:07:00,2025-03-10T11:07:00,31
00113264,Ocean Avenue,2025-03-10,2025-03-10T11:12:00,2025-03-10T11:12:00,28
00115521,Jump Street,2025-03-10,2025-03-10T11:15:00,2025-03-10T11:16:00,17
00311532,Fury Road,2025-03-10,2025-03-10T11:22:00,2025-03-10T11:21:00,11
00662113,Cloverfield Lane,2025-03-10,2025-03-10T11:41:00,2025-03-10T11:41:00,6
00113147,Bradshaw Street,2025-03-10,2025-03-10T12:03:00,2025-03-10T12:01:00,9
00261521,Elm Street,2025-03-10,2025-03-10T12:07:00,2025-03-10T12:06:00,31
00113264,Ocean Avenue,2025-03-10,2025-03-10T12:12:00,2025-03-10T12:12:00,36
00115521,Jump Street,2025-03-10,2025-03-10T12:15:00,2025-03-10T12:19:00,27
00311532,Fury Road,2025-03-10,2025-03-10T12:22:00,2025-03-10T12:24:00,18
00662113,Cloverfield Lane,2025-03-10,2025-03-10T12:41:00,2025-03-10T12:39:00,7
00113147,Bradshaw Street,2025-03-10,2025-03-10T13:03:00,2025-03-10T13:01:00,16
00261521,Elm Street,2025-03-10,2025-03-10T13:07:00,none,0
00113264,Ocean Avenue,2025-03-10,2025-03-10T13:12:00,2025-03-10T13:12:00,18
00115521,Jump Street,2025-03-10,2025-03-10T13:15:00,2025-03-10T13:18:00,17
00311532,Fury Road,2025-03-10,2025-03-10T13:22:00,2025-03-10T13:29:00,11
00662113,Cloverfield Lane,2025-03-10,2025-03-10T13:41:00,2025-03-10T13:41:00,8
00113147,Bradshaw Street,2025-03-10,2025-03-10T14:03:00,2025-03-10T14:01:00,14
00261521,Elm Street,2025-03-10,2025-03-10T14:07:00,2025-03-10T14:05:00,30
00113264,Ocean Avenue,2025-03-10,2025-03-10T14:12:00,2025-03-10T14:13:00,27
00115521,Jump Street,2025-03-10,2025-03-10T14:15:00,2025-03-10T14:16:00,14
00311532,Fury Road,2025-03-10,2025-03-10T14:22:00,2025-03-10T14:25:00,4
00662113,Cloverfield Lane,2025-03-10,2025-03-10T14:41:00,2025-03-10T14:41:00,12
00113147,Bradshaw Street,2025-03-10,2025-03-10T15:03:00,2025-03-10T15:02:00,20
00261521,Elm Street,2025-03-10,2025-03-10T15:07:00,2025-03-10T15:09:00,18
00113264,Ocean Avenue,2025-03-10,2025-03-10T15:12:00,2025-03-10T15:14:00,19
00115521,Jump Street,2025-03-10,2025-03-10T15:15:00,2025-03-10T15:19:00,14
00311532,Fury Road,2025-03-10,2025-03-10T15:22:00,2025-03-10T15:29:00,14
00662113,Cloverfield Lane,2025-03-10,2025-03-10T15:41:00,2025-03-10T15:40:00,7
00113147,Bradshaw Street,2025-03-10,2025-03-10T16:03:00,2025-03-10T15:59:00,18
00261521,Elm Street,2025-03-10,2025-03-10T16:07:00,2025-03-10T16:08:00,58
00113264,Ocean Avenue,2025-03-10,2025-03-10T16:12:00,2025-03-10T16:10:00,30
00115521,Jump Street,2025-03-10,2025-03-10T16:15:00,2025-03-10T16:18:00,36
00311532,Fury Road,2025-03-10,2025-03-10T16:22:00,2025-03-10T16:26:00,9
00662113,Cloverfield Lane,2025-03-10,2025-03-10T16:41:00,2025-03-10T16:38:00,5
00113147,Bradshaw Street,2025-03-10,2025-03-10T17:03:00,2025-03-10T17:03:00,25
00261521,Elm Street,2025-03-10,2025-03-10T17:07:00,2025-03-10T17:08:00,34
00113264,Ocean Avenue,2025-03-10,2025-03-10T17:12:00,2025-03-10T17:13:00,31
00115521,Jump Street,2025-03-10,2025-03-10T17:15:00,2025-03-10T17:17:00,32
00311532,Fury Road,2025-03-10,2025-03-10T17:22:00,2025-03-10T17:26:00,7
00662113,Cloverfield Lane,2025-03-10,2025-03-10T17:41:00,2025-03-10T17:42:00,11
00113147,Bradshaw Street,2025-03-10,2025-03-10T18:03:00,2025-03-10T18:00:00,13
00261521,Elm Street,2025-03-10,2025-03-10T18:07:00,2025-03-10T18:09:00,36
00113264,Ocean Avenue,2025-03-10,2025-03-10T18:12:00,2025-03-10T18:13:00,13
00115521,Jump Street,2025-03-10,2025-03-10T18:15:00,2025-03-10T18:16:00,49
00311532,Fury Road,2025-03-10,2025-03-10T18:22:00,2025-03-10T18:27:00,12
00662113,Cloverfield Lane,2025-03-10,2025-03-10T18:41:00,2025-03-10T18:41:00,6
00113147,Bradshaw Street,2025-03-10,2025-03-10T19:03:00,2025-03-10T19:01:00,16
00261521,Elm Street,2025-03-10,2025-03-10T19:07:00,2025-03-10T19:07:00,17
00113264,Ocean Avenue,2025-03-10,2025-03-10T19:12:00,2025-03-10T19:10:00,32
00115521,Jump Street,2025-03-10,2025-03-10T19:15:00,2025-03-10T19:15:00,26
00311532,Fury Road,2025-03-10,2025-03-10T19:22:00,2025-03-10T19:27:00,9
00662113,Cloverfield Lane,2025-03-10,2025-03-10T19:41:00,2025-03-10T19:41:00,2
00113147,Bradshaw Street,2025-03-10,2025-03-10T20:03:00,2025-03-10T20:00:00,5
00261521,Elm Street,2025-03-10,2025-03-10T20:07:00,2025-03-10T20:11:00,22
00113264,Ocean Avenue,2025-03-10,2025-03-10T20:12:00,2025-03-10T20:10:00,11
00115521,Jump Street,2025-03-10,2025-03-10T20:15:00,2025-03-10T20:16:00,15
00311532,Fury Road,2025-03-10,2025-03-10T20:22:00,2025-03-10T20:24:00,9
00662113,Cloverfield Lane,2025-03-10,2025-03-10T20:41:00,2025-03-10T20:39:00,8
00113147,Bradshaw Street,2025-03-10,2025-03-10T21:03:00,2025-03-10T20:58:00,9
00261521,Elm Street,2025-03-10,2025-03-10T21:07:00,2025-03-10T21:06:00,10
00113264,Ocean Avenue,2025-03-10,2025-03-10T21:12:00,2025-03-10T21:10:00,7
00115521,Jump Street,2025-03-10,2025-03-10T21:15:00,2025-03-10T21:17:00,29
00311532,Fury Road,2025-03-10,2025-03-10T21:22:00,2025-03-10T21:25:00,9
00662113,Cloverfield Lane,2025-03-10,2025-03-10T21:41:00,2025-03-10T21:38:00,8
00113147,Bradshaw Street,2025-03-11,2025-03-11T06:03:00,2025-03-11T05:58:00,1
00261521,Elm Street,2025-03-11,2025-03-11T06:07:00,2025-03-11T06:10:00,9
00113264,Ocean Avenue,2025-03-11,2025-03-11T06:12:00,2025-03-11T06:15:00,11
00115521,Jump Street,2025-03-11,2025-03-11T06:15:00,2025-03-11T06:19:00,6
00311532,Fury Road,2025-03-11,2025-03-11T06:22:00,2025-03-11T06:24:00,7
00662113,Cloverfield Lane,2025-03-11,2025-03-11T06:41:00,2025-03-11T06:40:00,3
00113147,Bradshaw Street,2025-03-11,2025-03-11T07:03:00,2025-03-11T07:00:00,16
00261521,Elm Street,2025-03-11,2025-03-11T07:07:00,2025-03-11T07:11:00,58
00113264,Ocean Avenue,2025-03-11,2025-03-11T07:12:00,2025-03-11T07:10:00,34
00115521,Jump Street,2025-03-11,2025-03-11T07:15:00,2025-03-11T07:19:00,26
00311532,Fury Road,2025-03-11,2025-03-11T07:22:00,2025-03-11T07:23:00,4
00662113,Cloverfield Lane,2025-03-11,2025-03-11T07:41:00,2025-03-11T07:40:00,8
00113147,Bradshaw Street,2025-03-11,2025-03-11T08:03:00,2025-03-11T08:01:00,15
00261521,Elm Street,2025-03-11,2025-03-11T08:07:00,2025-03-11T08:06:00,60
00113264,Ocean Avenue,2025-03-11,2025-03-11T08:12:00,2025-03-11T08:14:00,40
00115521,Jump Street,2025-03-11,2025-03-11T08:15:00,2025-03-11T08:17:00,1
00311532,Fury Road,2025-03-11,2025-03-11T08:22:00,2025-03-11T08:23:00,8
00662113,Cloverfield Lane,2025-03-11,2025-03-11T08:41:00,2025-03-11T08:41:00,9
00113147,Bradshaw Street,2025-03-11,2025-03-11T09:03:00,2025-03-11T08:59:00,20
00261521,Elm Street,2025-03-11,2025-03-11T09:07:00,2025-03-11T09:08:00,60
00113264,Ocean Avenue,2025-03-11,2025-03-11T09:12:00,2025-03-11T09:13:00,38
00115521,Jump Street,2025-03-11,2025-03-11T09:15:00,2025-03-11T09:17:00,33
00311532,Fury Road,2025-03-11,2025-03-11T09:22:00,2025-03-11T09:31:00,11
00662113,Cloverfield Lane,2025-03-11,2025-03-11T09:41:00,2025-03-11T09:40:00,7
00113147,Bradshaw Street,2025-03-11,2025-03-11T10:03:00,2025-03-11T10:01:00,13
00261521,Elm Street,2025-03-11,2025-03-11T10:07:00,none,0
00113264,Ocean Avenue,2025-03-11,2025-03-11T10:12:00,2025-03-11T10:11:00,25
00115521,Jump Street,2025-03-11,2025-03-11T10:15:00,2025-03-11T10:19:00,15
00311532,Fury Road,2025-03-11,2025-03-11T10:22:00,2025-03-11T10:28:00,7
00662113,Cloverfield Lane,2025-03-11,2025-03-11T10:41:00,2025-03-11T10:42:00,7
00113147,Bradshaw Street,2025-03-11,2025-03-11T11:03:00,2025-03-11T11:03:00,15
00261521,Elm Street,2025-03-11,2025-03-11T11:07:00,2025-03-11T11:11:00,16
00113264,Ocean Avenue,2025-03-11,2025-03-11T11:12:00,2025-03-11T11:11:00,32
00115521,Jump Street,2025-03-11,2025-03-11T11:15:00,2025-03-11T11:18:00,11
00311532,Fury Road,2025-03-11,2025-03-11T11:22:00,2025-03-11T11:26:00,8
00662113,Cloverfield Lane,2025-03-11,2025-03-11T11:41:00,2025-03-11T11:40:00,9
00113147,Bradshaw Street,2025-03-11,2025-03-11T12:03:00,2025-03-11T12:00:00,6
00261521,Elm Street,2025-03-11,2025-03-11T12:07:00,none,0
00113264,Ocean Avenue,2025-03-11,2025-03-11T12:12:00,2025-03-11T12:11:00,3
00115521,Jump Street,2025-03-11,2025-03-11T12:15:00,2025-03-11T12:17:00,26
00311532,Fury Road,2025-03-11,2025-03-11T12:22:00,2025-03-11T12:29:00,7
00662113,Cloverfield Lane,2025-03-11,2025-03-11T12:41:00,2025-03-11T12:41:00,2
00113147,Bradshaw Street,2025-03-11,2025-03-11T13:03:00,2025-03-11T13:01:00,12
00261521,Elm Street,2025-03-11,2025-03-11T13:07:00,2025-03-11T13:07:00,30
00113264,Ocean Avenue,2025-03-11,2025-03-11T13:12:00,2025-03-11T13:13:00,19
00115521,Jump Street,2025-03-11,2025-03-11T13:15:00,2025-03-11T13:19:00,3
00311532,Fury Road,2025-03-11,2025-03-11T13:22:00,2025-03-11T13:26:00,11
00662113,Cloverfield Lane,2025-03-11,2025-03-11T13:41:00,2025-03-11T13:40:00,3
00113147,Bradshaw Street,2025-03-11,2025-03-11T14:03:00,2025-03-11T13:59:00,22
00261521,Elm Street,2025-03-11,2025-03-11T14:07:00,2025-03-11T14:08:00,36
00113264,Ocean Avenue,2025-03-11,2025-03-11T14:12:00,2025-03-11T14:15:00,20
00115521,Jump Street,2025-03-11,2025-03-11T14:15:00,2025-03-11T14:19:00,19
00311532,Fury Road,2025-03-11,2025-03-11T14:22:00,2025-03-11T14:25:00,9
00662113,Cloverfield Lane,2025-03-11,2025-03-11T14:41:00,2025-03-11T14:41:00,5
00113147,Bradshaw Street,2025-03-11,2025-03-11T15:03:00,2025-03-11T15:00:00,22
00261521,Elm Street,2025-03-11,2025-03-11T15:07:00,2025-03-11T15:11:00,32
00113264,Ocean Avenue,2025-03-11,2025-03-11T15:12:00,2025-03-11T15:13:00,13
00115521,Jump Street,2025-03-11,2025-03-11T15:15:00,2025-03-11T15:17:00,25
00311532,Fury Road,2025-03-11,2025-03-11T15:22:00,2025-03-11T15:28:00,4
00662113,Cloverfield Lane,2025-03-11,2025-03-11T15:41:00,2025-03-11T15:41:00,5
00113147,Bradshaw Street,2025-03-11,2025-03-11T16:03:00,2025-03-11T15:58:00,8
00261521,Elm Street,2025-03-11,2025-03-11T16:07:00,2025-03-11T16:10:00,41
00113264,Ocean Avenue,2025-03-11,2025-03-11T16:12:00,2025-03-11T16:10:00,35
00115521,Jump Street,2025-03-11,2025-03-11T16:15:00,2025-03-11T16:16:00,35
00311532,Fury Road,2025-03-11,2025-03-11T16:22:00,2025-03-11T16:25:00,8
00662113,Cloverfield Lane,2025-03-11,2025-03-11T16:41:00,2025-03-11T16:39:00,2
00113147,Bradshaw Street,2025-03-11,2025-03-11T17:03:00,2025-03-11T16:57:00,19
00261521,Elm Street,2025-03-11,2025-03-11T17:07:00,2025-03-11T17:09:00,47
00113264,Ocean Avenue,2025-03-11,2025-03-11T17:12:00,2025-03-11T17:14:00,34
00115521,Jump Street,2025-03-11,2025-03-11T17:15:00,2025-03-11T17:17:00,30
00311532,Fury Road,2025-03-11,2025-03-11T17:22:00,2025-03-11T17:29:00,19
00662113,Cloverfield Lane,2025-03-11,2025-03-11T17:41:00,2025-03-11T17:41:00,9
00113147,Bradshaw Street,2025-03-11,2025-03-11T18:03:00,2025-03-11T18:00:00,17
00261521,Elm Street,2025-03-11,2025-03-11T18:07:00,2025-03-11T18:07:00,35
00113264,Ocean Avenue,2025-03-11,2025-03-11T18:12:00,2025-03-11T18:13:00,30
00115521,Jump Street,2025-03-11,2025-03-11T18:15:00,2025-03-11T18:19:00,26
00311532,Fury Road,2025-03-11,2025-03-11T18:22:00,2025-03-11T18:29:00,7
00662113,Cloverfield Lane,2025-03-11,2025-03-11T18:41:00,2025-03-11T18:42:00,4
00113147,Bradshaw Street,2025-03-11,2025-03-11T19:03:00,2025-03-11T18:59:00,8
00261521,Elm Street,2025-03-11,2025-03-11T19:07:00,2025-03-11T19:10:00,21
00113264,Ocean Avenue,2025-03-11,2025-03-11T19:12:00,2025-03-11T19:13:00,18
00115521,Jump Street,2025-03-11,2025-03-11T19:15:00,2025-03-11T19:16:00,8
00311532,Fury Road,2025-03-11,2025-03-11T19:22:00,2025-03-11T19:28:00,11
00662113,Cloverfield Lane,2025-03-11,2025-03-11T19:41:00,2025-03-11T19:39:00,5
00113147,Bradshaw Street,2025-03-11,2025-03-11T20:03:00,2025-03-11T19:59:00,8
00261521,Elm Street,2025-03-11,2025-03-11T20:07:00,2025-03-11T20:07:00,29
00113264,Ocean Avenue,2025-03-11,2025-03-11T20:12:00,2025-03-11T20:13:00,19
00115521,Jump Street,2025-03-11,2025-03-11T20:15:00,2025-03-11T20:18:00,23
00311532,Fury Road,2025-03-11,2025-03-11T20:22:00,2025-03-11T20:24:00,9
00662113,Cloverfield Lane,2025-03-11,2025-03-11T20:41:00,2025-03-11T20:40:00,5
00113147,Bradshaw Street,2025-03-11,2025-03-11T21:03:00,2025-03-11T21:01:00,16
00261521,Elm Street,2025-03-11,2025-03-11T21:07:00,2025-03-11T21:09:00,16
00113264,Ocean Avenue,2025-03-11,2025-03-11T21:12:00,2025-03-11T21:11:00,23
00115521,Jump Street,2025-03-11,2025-03-11T21:15:00,2025-03-11T21:17:00,12
00311532,Fury Road,2025-03-11,2025-03-11T21:22:00,2025-03-11T21:26:00,12
00662113,Cloverfield Lane,2025-03-11,2025-03-11T21:41:00,2025-03-11T21:38:00,6
00113147,Bradshaw Street,2025-03-12,2025-03-12T06:03:00,2025-03-12T06:01:00,14
00261521,Elm Street,2025-03-12,2025-03-12T06:07:00,none,0
00113264,Ocean Avenue,2025-03-12,2025-03-12T06:12:00,2025-03-12T06:13:00,12
00115521,Jump Street,2025-03-12,2025-03-12T06:15:00,2025-03-12T06:18:00,13
00311532,Fury Road,2025-03-12,2025-03-12T06:22:00,2025-03-12T06:27:00,10
00662113,Cloverfield Lane,2025-03-12,2025-03-12T06:41:00,2025-03-12T06:38:00,4
00113147,Bradshaw Street,2025-03-12,2025-03-12T07:03:00,2025-03-12T06:58:00,32
00261521,Elm Street,2025-03-12,2025-03-12T07:07:00,2025-03-12T07:09:00,38
00113264,Ocean Avenue,2025-03-12,2025-03-12T07:12:00,2025-03-12T07:11:00,31
00115521,Jump Street,2025-03-12,2025-03-12T07:15:00,2025-03-12T07:16:00,29
00311532,Fury Road,2025-03-12,2025-03-12T07:22:00,2025-03-12T07:30:00,7
00662113,Cloverfield Lane,2025-03-12,2025-03-12T07:41:00,2025-03-12T07:41:00,10
00113147,Bradshaw Street,2025-03-12,2025-03-12T08:03:00,2025-03-12T07:59:00,27
00261521,Elm Street,2025-03-12,2025-03-12T08:07:00,2025-03-12T08:07:00,58
00113264,Ocean Avenue,2025-03-12,2025-03-12T08:12:00,2025-03-12T08:15:00,39
00115521,Jump Street,2025-03-12,2025-03-12T08:15:00,2025-03-12T08:19:00,15
00311532,Fury Road,2025-03-12,2025-03-12T08:22:00,2025-03-12T08:20:00,13
00662113,Cloverfield Lane,2025-03-12,2025-03-12T08:41:00,2025-03-12T08:41:00,8
00113147,Bradshaw Street,2025-03-12,2025-03-12T09:03:00,2025-03-12T09:00:00,24
00261521,Elm Street,2025-03-12,2025-03-12T09:07:00,2025-03-12T09:07:00,57
00113264,Ocean Avenue,2025-03-12,2025-03-12T09:12:00,2025-03-12T09:11:00,37
00115521,Jump Street,2025-03-12,2025-03-12T09:15:00,2025-03-12T09:18:00,10
00311532,Fury Road,2025-03-12,2025-03-12T09:22:00,2025-03-12T09:29:00,6
00662113,Cloverfield Lane,2025-03-12,2025-03-12T09:41:00,2025-03-12T09:39:00,5
00113147,Bradshaw Street,2025-03-12,2025-03-12T10:03:00,2025-03-12T10:02:00,28
00261521,Elm Street,2025-03-12,2025-03-12T10:07:00,2025-03-12T10:10:00,29
00113264,Ocean Avenue,2025-03-12,2025-03-12T10:12:00,2025-03-12T10:11:00,34
00115521,Jump Street,2025-03-12,2025-03-12T10:15:00,2025-03-12T10:17:00,22
00311532,Fury Road,2025-03-12,2025-03-12T10:22:00,2025-03-12T10:28:00,14
00662113,Cloverfield Lane,2025-03-12,2025-03-12T10:41:00,2025-03-12T10:39:00,10
00113147,Bradshaw Street,2025-03-12,2025-03-12T11:03:00,2025-03-12T11:01:00,18
00261521,Elm Street,2025-03-12,2025-03-12T11:07:00,2025-03-12T11:07:00,27
00113264,Ocean Avenue,2025-03-12,2025-03-12T11:12:00,2025-03-12T11:12:00,28
00115521,Jump Street,2025-03-12,2025-03-12T11:15:00,2025-03-12T11:18:00,0
00311532,Fury Road,2025-03-12,2025-03-12T11:22:00,2025-03-12T11:25:00,10
00662113,Cloverfield Lane,2025-03-12,2025-03-12T11:41:00,2025-03-12T11:36:00,5
00113147,Bradshaw Street,2025-03-12,2025-03-12T12:03:00,2025-03-12T12:00:00,10
00261521,Elm Street,2025-03-12,2025-03-12T12:07:00,2025-03-12T12:09:00,25
00113264,Ocean Avenue,2025-03-12,2025-03-12T12:12:00,2025-03-12T12:12:00,21
00115521,Jump Street,2025-03-12,2025-03-12T12:15:00,2025-03-12T12:17:00,18
00311532,Fury Road,2025-03-12,2025-03-12T12:22:00,2025-03-12T12:29:00,6
00662113,Cloverfield Lane,2025-03-12,2025-03-12T12:41:00,2025-03-12T12:41:00,0
00113147,Bradshaw Street,2025-03-12,2025-03-12T13:03:00,2025-03-12T13:02:00,7
00261521,Elm Street,2025-03-12,2025-03-12T13:07:00,2025-03-12T13:07:00,20
00113264,Ocean Avenue,2025-03-12,2025-03-12T13:12:00,2025-03-12T13:13:00,18
00115521,Jump Street,2025-03-12,2025-03-12T13:15:00,2025-03-12T13:19:00,22
00311532,Fury Road,2025-03-12,2025-03-12T13:22:00,2025-03-12T13:30:00,14
00662113,Cloverfield Lane,2025-03-12,2025-03-12T13:41:00,2025-03-12T13:39:00,1
00113147,Bradshaw Street,2025-03-12,2025-03-12T14:03:00,2025-03-12T14:01:00,10
00261521,Elm Street,2025-03-12,2025-03-12T14:07:00,2025-03-12T14:07:00,25
00113264,Ocean Avenue,2025-03-12,2025-03-12T14:12:00,2025-03-12T14:12:00,14
00115521,Jump Street,2025-03-12,2025-03-12T14:15:00,2025-03-12T14:20:00,18
00311532,Fury Road,2025-03-12,2025-03-12T14:22:00,2025-03-12T14:25:00,10
00662113,Cloverfield Lane,2025-03-12,2025-03-12T14:41:00,2025-03-12T14:39:00,6
00113147,Bradshaw Street,2025-03-12,2025-03-12T15:03:00,2025-03-12T14:59:00,18
00261521,Elm Street,2025-03-12,2025-03-12T15:07:00,2025-03-12T15:05:00,31
00113264,Ocean Avenue,2025-03-12,2025-03-12T15:12:00,2025-03-12T15:14:00,29
00115521,Jump Street,2025-03-12,2025-03-12T15:15:00,2025-03-12T15:15:00,20
00311532,Fury Road,2025-03-12,2025-03-12T15:22:00,2025-03-12T15:30:00,11
00662113,Cloverfield Lane,2025-03-12,2025-03-12T15:41:00,2025-03-12T15:41:00,7
00113147,Bradshaw Street,2025-03-12,2025-03-12T16:03:00,2025-03-12T15:58:00,10
00261521,Elm Street,2025-03-12,2025-03-12T16:07:00,2025-03-12T16:09:00,40
00113264,Ocean Avenue,2025-03-12,2025-03-12T16:12:00,2025-03-12T16:11:00,22
00115521,Jump Street,2025-03-12,2025-03-12T16:15:00,2025-03-12T16:15:00,37
00311532,Fury Road,2025-03-12,2025-03-12T16:22:00,2025-03-12T16:28:00,14
00662113,Cloverfield Lane,2025-03-12,2025-03-12T16:41:00,2025-03-12T16:37:00,2
00113147,Bradshaw Street,2025-03-12,2025-03-12T17:03:00,2025-03-12T16:59:00,19
00261521,Elm Street,2025-03-12,2025-03-12T17:07:00,2025-03-12T17:08:00,60
00113264,Ocean Avenue,2025-03-12,2025-03-12T17:12:00,2025-03-12T17:12:00,34
00115521,Jump Street,2025-03-12,2025-03-12T17:15:00,2025-03-12T17:13:00,46
00311532,Fury Road,2025-03-12,2025-03-12T17:22:00,2025-03-12T17:25:00,5
00662113,Cloverfield Lane,2025-03-12,2025-03-12T17:41:00,2025-03-12T17:40:00,4
00113147,Bradshaw Street,2025-03-12,2025-03-12T18:03:00,2025-03-12T18:00:00,17
00261521,Elm Street,2025-03-12,2025-03-12T18:07:00,2025-03-12T18:06:00,37
00113264,Ocean Avenue,2025-03-12,2025-03-12T18:12:00,2025-03-12T18:12:00,8
00115521,Jump Street,2025-03-12,2025-03-12T18:15:00,2025-03-12T18:18:00,30
00311532,Fury Road,2025-03-12,2025-03-12T18:22:00,2025-03-12T18:27:00,20
00662113,Cloverfield Lane,2025-03-12,2025-03-12T18:41:00,2025-03-12T18:38:00,1
00113147,Bradshaw Street,2025-03-12,2025-03-12T19:03:00,2025-03-12T18:59:00,14
00261521,Elm Street,2025-03-12,2025-03-12T19:07:00,2025-03-12T19:07:00,16
00113264,Ocean Avenue,2025-03-12,2025-03-12T19:12:00,2025-03-12T19:14:00,27
00115521,Jump Street,2025-03-12,2025-03-12T19:15:00,2025-03-12T19:23:00,25
00311532,Fury Road,2025-03-12,2025-03-12T19:22:00,2025-03-12T19:30:00,2
00662113,Cloverfield Lane,2025-03-12,2025-03-12T19:41:00,2025-03-12T19:39:00,8
00113147,Bradshaw Street,2025-03-12,2025-03-12T20:03:00,2025-03-12T20:03:00,9
00261521,Elm Street,2025-03-12,2025-03-12T20:07:00,2025-03-12T20:09:00,30
00113264,Ocean Avenue,2025-03-12,2025-03-12T20:12:00,2025-03-12T20:13:00,27
00115521,Jump Street,2025-03-12,2025-03-12T20:15:00,2025-03-12T20:19:00,20
00311532,Fury Road,2025-03-12,2025-03-12T20:22:00,2025-03-12T20:27:00,4
00662113,Cloverfield Lane,2025-03-12,2025-03-12T20:41:00,2025-03-12T20:41:00,9
00113147,Bradshaw Street,2025-03-12,2025-03-12T21:03:00,2025-03-12T20:58:00,9
00261521,Elm Street,2025-03-12,2025-03-12T21:07:00,2025-03-12T21:09:00,17
00113264,Ocean Avenue,2025-03-12,2025-03-12T21:12:00,2025-03-12T21:09:00,27
00115521,Jump Street,2025-03-12,2025-03-12T21:15:00,2025-03-12T21:18:00,10
00311532,Fury Road,2025-03-12,2025-03-12T21:22:00,2025-03-12T21:27:00,11
00662113,Cloverfield Lane,2025-03-12,2025-03-12T21:41:00,2025-03-12T21:41:00,12
00113147,Bradshaw Street,2025-03-13,2025-03-13T06:03:00,2025-03-13T06:01:00,4
00261521,Elm Street,2025-03-13,2025-03-13T06:07:00,2025-03-13T06:07:00,26
00113264,Ocean Avenue,2025-03-13,2025-03-13T06:12:00,2025-03-13T06:15:00,8
00115521,Jump Street,2025-03-13,2025-03-13T06:15:00,2025-03-13T06:18:00,13
00311532,Fury Road,2025-03-13,2025-03-13T06:22:00,2025-03-13T06:27:00,15
00662113,Cloverfield Lane,2025-03-13,2025-03-13T06:41:00,2025-03-13T06:38:00,2
00113147,Bradshaw Street,2025-03-13,2025-03-13T07:03:00,2025-03-13T07:02:00,30
00261521,Elm Street,2025-03-13,2025-03-13T07:07:00,2025-03-13T07:06:00,52
00113264,Ocean Avenue,2025-03-13,2025-03-13T07:12:00,2025-03-13T07:12:00,34
00115521,Jump Street,2025-03-13,2025-03-13T07:15:00,2025-03-13T07:18:00,16
00311532,Fury Road,2025-03-13,2025-03-13T07:22:00,2025-03-13T07:32:00,10
00662113,Cloverfield Lane,2025-03-13,2025-03-13T07:41:00,2025-03-13T07:39:00,8
00113147,Bradshaw Street,2025-03-13,2025-03-13T08:03:00,2025-03-13T08:01:00,19
00261521,Elm Street,2025-03-13,2025-03-13T08:07:00,2025-03-13T08:07:00,60
00113264,Ocean Avenue,2025-03-13,2025-03-13T08:12:00,2025-03-13T08:12:00,40
00115521,Jump Street,2025-03-13,2025-03-13T08:15:00,2025-03-13T08:21:00,20
00311532,Fury Road,2025-03-13,2025-03-13T08:22:00,2025-03-13T08:25:00,11
00662113,Cloverfield Lane,2025-03-13,2025-03-13T08:41:00,2025-03-13T08:40:00,13
00113147,Bradshaw Street,2025-03-13,2025-03-13T09:03:00,2025-03-13T09:01:00,25
00261521,Elm Street,2025-03-13,2025-03-13T09:07:00,2025-03-13T09:11:00,60
00113264,Ocean Avenue,2025-03-13,2025-03-13T09:12:00,2025-03-13T09:11:00,39
00115521,Jump Street,2025-03-13,2025-03-13T09:15:00,2025-03-13T09:19:00,32
00311532,Fury Road,2025-03-13,2025-03-13T09:22:00,2025-03-13T09:29:00,2
00662113,Cloverfield Lane,2025-03-13,2025-03-13T09:41:00,2025-03-13T09:39:00,6
00113147,Bradshaw Street,2025-03-13,2025-03-13T10:03:00,2025-03-13T09:59:00,17
00261521,Elm Street,2025-03-13,2025-03-13T10:07:00,2025-03-13T10:09:00,43
00113264,Ocean Avenue,2025-03-13,2025-03-13T10:12:00,2025-03-13T10:14:00,13
00115521,Jump Street,2025-03-13,2025-03-13T10:15:00,2025-03-13T10:14:00,20
00311532,Fury Road,2025-03-13,2025-03-13T10:22:00,2025-03-13T10:28:00,14
00662113,Cloverfield Lane,2025-03-13,2025-03-13T10:41:00,2025-03-13T10:41:00,5
00113147,Bradshaw Street,2025-03-13,2025-03-13T11:03:00,2025-03-13T10:57:00,16
00261521,Elm Street,2025-03-13,2025-03-13T11:07:00,2025-03-13T11:11:00,30
00113264,Ocean Avenue,2025-03-13,2025-03-13T11:12:00,2025-03-13T11:13:00,24
00115521,Jump Street,2025-03-13,2025-03-13T11:15:00,2025-03-13T11:21:00,21
00311532,Fury Road,2025-03-13,2025-03-13T11:22:00,2025-03-13T11:25:00,0
00662113,Cloverfield Lane,2025-03-13,2025-03-13T11:41:00,2025-03-13T11:41:00,9
00113147,Bradshaw Street,2025-03-13,2025-03-13T12:03:00,2025-03-13T12:02:00,11
00261521,Elm Street,2025-03-13,2025-03-13T12:07:00,2025-03-13T12:11:00,55
00113264,Ocean Avenue,2025-03-13,2025-03-13T12:12:00,2025-03-13T12:14:00,31
00115521,Jump Street,2025-03-13,2025-03-13T12:15:00,2025-03-13T12:16:00,11
00311532,Fury Road,2025-03-13,2025-03-13T12:22:00,2025-03-13T12:25:00,6
00662113,Cloverfield Lane,2025-03-13,2025-03-13T12:41:00,2025-03-13T12:41:00,11
00113147,Bradshaw Street,2025-03-13,2025-03-13T13:03:00,2025-03-13T13:00:00,11
00261521,Elm Street,2025-03-13,2025-03-13T13:07:00,2025-03-13T13:13:00,26
00113264,Ocean Avenue,2025-03-13,2025-03-13T13:12:00,2025-03-13T13:14:00,15
00115521,Jump Street,2025-03-13,2025-03-13T13:15:00,2025-03-13T13:18:00,1
00311532,Fury Road,2025-03-13,2025-03-13T13:22:00,2025-03-13T13:28:00,7
00662113,Cloverfield Lane,2025-03-13,2025-03-13T13:41:00,2025-03-13T13:39:00,9
00113147,Bradshaw Street,2025-03-13,2025-03-13T14:03:00,2025-03-13T14:00:00,16
00261521,Elm Street,2025-03-13,2025-03-13T14:07:00,2025-03-13T14:10:00,31
00113264,Ocean Avenue,2025-03-13,2025-03-13T14:12:00,2025-03-13T14:16:00,19
00115521,Jump Street,2025-03-13,2025-03-13T14:15:00,2025-03-13T14:19:00,12
00311532,Fury Road,2025-03-13,2025-03-13T14:22:00,2025-03-13T14:28:00,9
00662113,Cloverfield Lane,2025-03-13,2025-03-13T14:41:00,2025-03-13T14:40:00,5
00113147,Bradshaw Street,2025-03-13,2025-03-13T15:03:00,2025-03-13T15:00:00,18
00261521,Elm Street,2025-03-13,2025-03-13T15:07:00,2025-03-13T15:08:00,19
00113264,Ocean Avenue,2025-03-13,2025-03-13T15:12:00,2025-03-13T15:12:00,10
00115521,Jump Street,2025-03-13,2025-03-13T15:15:00,2025-03-13T15:20:00,10
00311532,Fury Road,2025-03-13,2025-03-13T15:22:00,2025-03-13T15:30:00,4
00662113,Cloverfield Lane,2025-03-13,2025-03-13T15:41:00,2025-03-13T15:42:00,14
00113147,Bradshaw Street,2025-03-13,2025-03-13T16:03:00,2025-03-13T15:58:00,16
00261521,Elm Street,2025-03-13,2025-03-13T16:07:00,2025-03-13T16:10:00,44
00113264,Ocean Avenue,2025-03-13,2025-03-13T16:12:00,2025-03-13T16:09:00,31
00115521,Jump Street,2025-03-13,2025-03-13T16:15:00,2025-03-13T16:15:00,34
00311532,Fury Road,2025-03-13,2025-03-13T16:22:00,2025-03-13T16:28:00,8
00662113,Cloverfield Lane,2025-03-13,2025-03-13T16:41:00,2025-03-13T16:40:00,7
00113147,Bradshaw Street,2025-03-13,2025-03-13T17:03:00,2025-03-13T17:01:00,15
00261521,Elm Street,2025-03-13,2025-03-13T17:07:00,2025-03-13T17:06:00,42
00113264,Ocean Avenue,2025-03-13,2025-03-13T17:12:00,2025-03-13T17:12:00,35
00115521,Jump Street,2025-03-13,2025-03-13T17:15:00,2025-03-13T17:18:00,48
00311532,Fury Road,2025-03-13,2025-03-13T17:22:00,2025-03-13T17:27:00,12
00662113,Cloverfield Lane,2025-03-13,2025-03-13T17:41:00,2025-03-13T17:40:00,10
00113147,Bradshaw Street,2025-03-13,2025-03-13T18:03:00,2025-03-13T17:58:00,20
00261521,Elm Street,2025-03-13,2025-03-13T18:07:00,2025-03-13T18:07:00,47
00113264,Ocean Avenue,2025-03-13,2025-03-13T18:12:00,2025-03-13T18:15:00,28
00115521,Jump Street,2025-03-13,2025-03-13T18:15:00,2025-03-13T18:18:00,30
00311532,Fury Road,2025-03-13,2025-03-13T18:22:00,2025-03-13T18:23:00,17
00662113,Cloverfield Lane,2025-03-13,2025-03-13T18:41:00,2025-03-13T18:40:00,8
00113147,Bradshaw Street,2025-03-13,2025-03-13T19:03:00,2025-03-13T19:02:00,12
00261521,Elm Street,2025-03-13,2025-03-13T19:07:00,2025-03-13T19:08:00,12
00113264,Ocean Avenue,2025-03-13,2025-03-13T19:12:00,2025-03-13T19:14:00,25
00115521,Jump Street,2025-03-13,2025-03-13T19:15:00,2025-03-13T19:21:00,17
00311532,Fury Road,2025-03-13,2025-03-13T19:22:00,2025-03-13T19:24:00,2
00662113,Cloverfield Lane,2025-03-13,2025-03-13T19:41:00,2025-03-13T19:41:00,8
00113147,Bradshaw Street,2025-03-13,2025-03-13T20:03:00,2025-03-13T20:01:00,17
00261521,Elm Street,2025-03-13,2025-03-13T20:07:00,2025-03-13T20:11:00,37
00113264,Ocean Avenue,2025-03-13,2025-03-13T20:12:00,2025-03-13T20:13:00,13
00115521,Jump Street,2025-03-13,2025-03-13T20:15:00,2025-03-13T20:18:00,16
00311532,Fury Road,2025-03-13,2025-03-13T20:22:00,2025-03-13T20:26:00,11
00662113,Cloverfield Lane,2025-03-13,2025-03-13T20:41:00,2025-03-13T20:41:00,8
00113147,Bradshaw Street,2025-03-13,2025-03-13T21:03:00,2025-03-13T20:59:00,12
00261521,Elm Street,2025-03-13,2025-03-13T21:07:00,2025-03-13T21:13:00,10
00113264,Ocean Avenue,2025-03-13,2025-03-13T21:12:00,2025-03-13T21:09:00,17
00115521,Jump Street,2025-03-13,2025-03-13T21:15:00,2025-03-13T21:23:00,19
00311532,Fury Road,2025-03-13,2025-03-13T21:22:00,2025-03-13T21:26:00,7
00662113,Cloverfield Lane,2025-03-13,2025-03-13T21:41:00,2025-03-13T21:40:00,0
00113147,Bradshaw Street,2025-03-14,2025-03-14T06:03:00,2025-03-14T05:59:00,15
00261521,Elm Street,2025-03-14,2025-03-14T06:07:00,2025-03-14T06:11:00,6
00113264,Ocean Avenue,2025-03-14,2025-03-14T06:12:00,2025-03-14T06:11:00,5
00115521,Jump Street,2025-03-14,2025-03-14T06:15:00,2025-03-14T06:18:00,4
00311532,Fury Road,2025-03-14,2025-03-14T06:22:00,2025-03-14T06:28:00,5
00662113,Cloverfield Lane,2025-03-14,2025-03-14T06:41:00,2025-03-14T06:41:00,9
00113147,Bradshaw Street,2025-03-14,2025-03-14T07:03:00,2025-03-14T06:56:00,19
00261521,Elm Street,2025-03-14,2025-03-14T07:07:00,2025-03-14T07:10:00,58
00113264,Ocean Avenue,2025-03-14,2025-03-14T07:12:00,2025-03-14T07:13:00,42
00115521,Jump Street,2025-03-14,2025-03-14T07:15:00,2025-03-14T07:18:00,27
00311532,Fury Road,2025-03-14,2025-03-14T07:22:00,2025-03-14T07:26:00,14
00662113,Cloverfield Lane,2025-03-14,2025-03-14T07:41:00,2025-03-14T07:41:00,5
00113147,Bradshaw Street,2025-03-14,2025-03-14T08:03:00,2025-03-14T08:01:00,25
00261521,Elm Street,2025-03-14,2025-03-14T08:07:00,2025-03-14T08:08:00,60
00113264,Ocean Avenue,2025-03-14,2025-03-14T08:12:00,2025-03-14T08:13:00,58
00115521,Jump Street,2025-03-14,2025-03-14T08:15:00,2025-03-14T08:18:00,31
00311532,Fury Road,2025-03-14,2025-03-14T08:22:00,2025-03-14T08:27:00,6
00662113,Cloverfield Lane,2025-03-14,2025-03-14T08:41:00,2025-03-14T08:40:00,4
00113147,Bradshaw Street,2025-03-14,2025-03-14T09:03:00,2025-03-14T09:01:00,13
00261521,Elm Street,2025-03-14,2025-03-14T09:07:00,2025-03-14T09:05:00,38
00113264,Ocean Avenue,2025-03-14,2025-03-14T09:12:00,2025-03-14T09:12:00,34
00115521,Jump Street,2025-03-14,2025-03-14T09:15:00,2025-03-14T09:18:00,29
00311532,Fury Road,2025-03-14,2025-03-14T09:22:00,2025-03-14T09:28:00,14
00662113,Cloverfield Lane,2025-03-14,2025-03-14T09:41:00,2025-03-14T09:40:00,3
00113147,Bradshaw Street,2025-03-14,2025-03-14T10:03:00,2025-03-14T10:00:00,0
00261521,Elm Street,2025-03-14,2025-03-14T10:07:00,2025-03-14T10:10:00,24
00113264,Ocean Avenue,2025-03-14,2025-03-14T10:12:00,2025-03-14T10:12:00,32
00115521,Jump Street,2025-03-14,2025-03-14T10:15:00,2025-03-14T10:18:00,20
00311532,Fury Road,2025-03-14,2025-03-14T10:22:00,2025-03-14T10:23:00,10
00662113,Cloverfield Lane,2025-03-14,2025-03-14T10:41:00,2025-03-14T10:41:00,13
00113147,Bradshaw Street,2025-03-14,2025-03-14T11:03:00,2025-03-14T11:01:00,2
00261521,Elm Street,2025-03-14,2025-03-14T11:07:00,none,0
00113264,Ocean Avenue,2025-03-14,2025-03-14T11:12:00,2025-03-14T11:15:00,39
00115521,Jump Street,2025-03-14,2025-03-14T11:15:00,2025-03-14T11:19:00,17
00311532,Fury Road,2025-03-14,2025-03-14T11:22:00,2025-03-14T11:28:00,10
00662113,Cloverfield Lane,2025-03-14,2025-03-14T11:41:00,2025-03-14T11:36:00,2
00113147,Bradshaw Street,2025-03-14,2025-03-14T12:03:00,2025-03-14T11:57:00,5
00261521,Elm Street,2025-03-14,2025-03-14T12:07:00,2025-03-14T12:08:00,29
00113264,Ocean Avenue,2025-03-14,2025-03-14T12:12:00,2025-03-14T12:13:00,21
00115521,Jump Street,2025-03-14,2025-03-14T12:15:00,2025-03-14T12:18:00,13
00311532,Fury Road,2025-03-14,2025-03-14T12:22:00,2025-03-14T12:24:00,7
00662113,Cloverfield Lane,2025-03-14,2025-03-14T12:41:00,2025-03-14T12:41:00,10
00113147,Bradshaw Street,2025-03-14,2025-03-14T13:03:00,2025-03-14T12:58:00,12
00261521,Elm Street,2025-03-14,2025-03-14T13:07:00,2025-03-14T13:08:00,38
00113264,Ocean Avenue,2025-03-14,2025-03-14T13:12:00,2025-03-14T13:15:00,28
00115521,Jump Street,2025-03-14,2025-03-14T13:15:00,2025-03-14T13:18:00,22
00311532,Fury Road,2025-03-14,2025-03-14T13:22:00,2025-03-14T13:28:00,9
00662113,Cloverfield Lane,2025-03-14,2025-03-14T13:41:00,2025-03-14T13:38:00,8
00113147,Bradshaw Street,2025-03-14,2025-03-14T14:03:00,2025-03-14T14:01:00,14
00261521,Elm Street,2025-03-14,2025-03-14T14:07:00,2025-03-14T14:09:00,34
00113264,Ocean Avenue,2025-03-14,2025-03-14T14:12:00,2025-03-14T14:11:00,31
00115521,Jump Street,2025-03-14,2025-03-14T14:15:00,2025-03-14T14:22:00,9
00311532,Fury Road,2025-03-14,2025-03-14T14:22:00,2025-03-14T14:24:00,11
00662113,Cloverfield Lane,2025-03-14,2025-03-14T14:41:00,2025-03-14T14:41:00,11
00113147,Bradshaw Street,2025-03-14,2025-03-14T15:03:00,2025-03-14T14:58:00,5
00261521,Elm Street,2025-03-14,2025-03-14T15:07:00,2025-03-14T15:10:00,28
00113264,Ocean Avenue,2025-03-14,2025-03-14T15:12:00,2025-03-14T15:10:00,28
00115521,Jump Street,2025-03-14,2025-03-14T15:15:00,2025-03-14T15:16:00,16
00311532,Fury Road,2025-03-14,2025-03-14T15:22:00,2025-03-14T15:24:00,13
00662113,Cloverfield Lane,2025-03-14,2025-03-14T15:41:00,2025-03-14T15:41:00,1
00113147,Bradshaw Street,2025-03-14,2025-03-14T16:03:00,2025-03-14T16:01:00,12
00261521,Elm Street,2025-03-14,2025-03-14T16:07:00,2025-03-14T16:06:00,48
00113264,Ocean Avenue,2025-03-14,2025-03-14T16:12:00,2025-03-14T16:15:00,21
00115521,Jump Street,2025-03-14,2025-03-14T16:15:00,2025-03-14T16:20:00,50
00311532,Fury Road,2025-03-14,2025-03-14T16:22:00,2025-03-14T16:29:00,10
00662113,Cloverfield Lane,2025-03-14,2025-03-14T16:41:00,2025-03-14T16:40:00,10
00113147,Bradshaw Street,2025-03-14,2025-03-14T17:03:00,2025-03-14T16:59:00,8
00261521,Elm Street,2025-03-14,2025-03-14T17:07:00,2025-03-14T17:08:00,36
00113264,Ocean Avenue,2025-03-14,2025-03-14T17:12:00,2025-03-14T17:10:00,40
00115521,Jump Street,2025-03-14,2025-03-14T17:15:00,2025-03-14T17:18:00,45
00311532,Fury Road,2025-03-14,2025-03-14T17:22:00,2025-03-14T17:30:00,14
00662113,Cloverfield Lane,2025-03-14,2025-03-14T17:41:00,2025-03-14T17:43:00,8
00113147,Bradshaw Street,2025-03-14,2025-03-14T18:03:00,2025-03-14T17:58:00,3
00261521,Elm Street,2025-03-14,2025-03-14T18:07:00,2025-03-14T18:07:00,31
00113264,Ocean Avenue,2025-03-14,2025-03-14T18:12:00,2025-03-14T18:17:00,33
00115521,Jump Street,2025-03-14,2025-03-14T18:15:00,2025-03-14T18:21:00,42
00311532,Fury Road,2025-03-14,2025-03-14T18:22:00,2025-03-14T18:23:00,17
00662113,Cloverfield Lane,2025-03-14,2025-03-14T18:41:00,2025-03-14T18:41:00,8
00113147,Bradshaw Street,2025-03-14,2025-03-14T19:03:00,2025-03-14T19:00:00,11
00261521,Elm Street,2025-03-14,2025-03-14T19:07:00,2025-03-14T19:10:00,15
00113264,Ocean Avenue,2025-03-14,2025-03-14T19:12:00,2025-03-14T19:12:00,39
00115521,Jump Street,2025-03-14,2025-03-14T19:15:00,2025-03-14T19:17:00,10
00311532,Fury Road,2025-03-14,2025-03-14T19:22:00,2025-03-14T19:24:00,9
00662113,Cloverfield Lane,2025-03-14,2025-03-14T19:41:00,2025-03-14T19:38:00,3
00113147,Bradshaw Street,2025-03-14,2025-03-14T20:03:00,2025-03-14T19:58:00,12
00261521,Elm Street,2025-03-14,2025-03-14T20:07:00,2025-03-14T20:07:00,14
00113264,Ocean Avenue,2025-03-14,2025-03-14T20:12:00,2025-03-14T20:13:00,18
00115521,Jump Street,2025-03-14,2025-03-14T20:15:00,2025-03-14T20:23:00,5
00311532,Fury Road,2025-03-14,2025-03-14T20:22:00,2025-03-14T20:30:00,5
00662113,Cloverfield Lane,2025-03-14,2025-03-14T20:41:00,2025-03-14T20:38:00,7
00113147,Bradshaw Street,2025-03-14,2025-03-14T21:03:00,2025-03-14T20:59:00,5
00261521,Elm Street,2025-03-14,2025-03-14T21:07:00,2025-03-14T21:09:00,28
00113264,Ocean Avenue,2025-03-14,2025-03-14T21:12:00,2025-03-14T21:08:00,14
00115521,Jump Street,2025-03-14,2025-03-14T21:15:00,2025-03-14T21:18:00,24
00311532,Fury Road,2025-03-14,2025-03-14T21:22:00,2025-03-14T21:29:00,13
00662113,Cloverfield Lane,2025-03-14,2025-03-14T21:41:00,2025-03-14T21:38:00,9
00113147,Bradshaw Street,2025-03-15,2025-03-15T06:03:00,2025-03-15T06:00:00,9
00261521,Elm Street,2025-03-15,2025-03-15T06:07:00,2025-03-15T06:07:00,6
00113264,Ocean Avenue,2025-03-15,2025-03-15T06:12:00,2025-03-15T06:16:00,6
00115521,Jump Street,2025-03-15,2025-03-15T06:15:00,2025-03-15T06:18:00,16
00311532,Fury Road,2025-03-15,2025-03-15T06:22:00,2025-03-15T06:24:00,8
00662113,Cloverfield Lane,2025-03-15,2025-03-15T06:41:00,2025-03-15T06:40:00,1
00113147,Bradshaw Street,2025-03-15,2025-03-15T07:03:00,2025-03-15T06:58:00,26
00261521,Elm Street,2025-03-15,2025-03-15T07:07:00,2025-03-15T07:10:00,44
00113264,Ocean Avenue,2025-03-15,2025-03-15T07:12:00,2025-03-15T07:12:00,19
00115521,Jump Street,2025-03-15,2025-03-15T07:15:00,2025-03-15T07:18:00,7
00311532,Fury Road,2025-03-15,2025-03-15T07:22:00,2025-03-15T07:26:00,8
00662113,Cloverfield Lane,2025-03-15,2025-03-15T07:41:00,2025-03-15T07:38:00,4
00113147,Bradshaw Street,2025-03-15,2025-03-15T08:03:00,2025-03-15T08:01:00,14
00261521,Elm Street,2025-03-15,2025-03-15T08:07:00,2025-03-15T08:08:00,41
00113264,Ocean Avenue,2025-03-15,2025-03-15T08:12:00,2025-03-15T08:09:00,25
00115521,Jump Street,2025-03-15,2025-03-15T08:15:00,2025-03-15T08:18:00,20
00311532,Fury Road,2025-03-15,2025-03-15T08:22:00,2025-03-15T08:22:00,5
00662113,Cloverfield Lane,2025-03-15,2025-03-15T08:41:00,2025-03-15T08:41:00,4
00113147,Bradshaw Street,2025-03-15,2025-03-15T09:03:00,2025-03-15T09:00:00,13
00261521,Elm Street,2025-03-15,2025-03-15T09:07:00,2025-03-15T09:08:00,42
00113264,Ocean Avenue,2025-03-15,2025-03-15T09:12:00,2025-03-15T09:12:00,34
00115521,Jump Street,2025-03-15,2025-03-15T09:15:00,2025-03-15T09:17:00,18
00311532,Fury Road,2025-03-15,2025-03-15T09:22:00,2025-03-15T09:31:00,3
00662113,Cloverfield Lane,2025-03-15,2025-03-15T09:41:00,2025-03-15T09:42:00,0
00113147,Bradshaw Street,2025-03-15,2025-03-15T10:03:00,2025-03-15T10:00:00,4
00261521,Elm Street,2025-03-15,2025-03-15T10:07:00,2025-03-15T10:08:00,17
00113264,Ocean Avenue,2025-03-15,2025-03-15T10:12:00,2025-03-15T10:14:00,22
00115521,Jump Street,2025-03-15,2025-03-15T10:15:00,2025-03-15T10:19:00,23
00311532,Fury Road,2025-03-15,2025-03-15T10:22:00,2025-03-15T10:23:00,11
00662113,Cloverfield Lane,2025-03-15,2025-03-15T10:41:00,2025-03-15T10:39:00,10
00113147,Bradshaw Street,2025-03-15,2025-03-15T11:03:00,2025-03-15T11:01:00,5
00261521,Elm Street,2025-03-15,2025-03-15T11:07:00,2025-03-15T11:07:00,19
00113264,Ocean Avenue,2025-03-15,2025-03-15T11:12:00,2025-03-15T11:14:00,16
00115521,Jump Street,2025-03-15,2025-03-15T11:15:00,2025-03-15T11:19:00,10
00311532,Fury Road,2025-03-15,2025-03-15T11:22:00,2025-03-15T11:27:00,8
00662113,Cloverfield Lane,2025-03-15,2025-03-15T11:41:00,2025-03-15T11:41:00,3
00113147,Bradshaw Street,2025-03-15,2025-03-15T12:03:00,2025-03-15T11:59:00,0
00261521,Elm Street,2025-03-15,2025-03-15T12:07:00,2025-03-15T12:05:00,20
00113264,Ocean Avenue,2025-03-15,2025-03-15T12:12:00,2025-03-15T12:12:00,12
00115521,Jump Street,2025-03-15,2025-03-15T12:15:00,2025-03-15T12:18:00,3
00311532,Fury Road,2025-03-15,2025-03-15T12:22:00,2025-03-15T12:25:00,6
00662113,Cloverfield Lane,2025-03-15,2025-03-15T12:41:00,2025-03-15T12:40:00,3
00113147,Bradshaw Street,2025-03-15,2025-03-15T13:03:00,2025-03-15T13:01:00,3
00261521,Elm Street,2025-03-15,2025-03-15T13:07:00,2025-03-15T13:05:00,5
00113264,Ocean Avenue,2025-03-15,2025-03-15T13:12:00,2025-03-15T13:13:00,11
00115521,Jump Street,2025-03-15,2025-03-15T13:15:00,2025-03-15T13:18:00,0
00311532,Fury Road,2025-03-15,2025-03-15T13:22:00,2025-03-15T13:28:00,2
00662113,Cloverfield Lane,2025-03-15,2025-03-15T13:41:00,2025-03-15T13:41:00,2
00113147,Bradshaw Street,2025-03-15,2025-03-15T14:03:00,2025-03-15T14:00:00,9
00261521,Elm Street,2025-03-15,2025-03-15T14:07:00,2025-03-15T14:07:00,11
00113264,Ocean Avenue,2025-03-15,2025-03-15T14:12:00,2025-03-15T14:12:00,21
00115521,Jump Street,2025-03-15,2025-03-15T14:15:00,2025-03-15T14:17:00,15
00311532,Fury Road,2025-03-15,2025-03-15T14:22:00,2025-03-15T14:28:00,2
00662113,Cloverfield Lane,2025-03-15,2025-03-15T14:41:00,2025-03-15T14:41:00,4
00113147,Bradshaw Street,2025-03-15,2025-03-15T15:03:00,2025-03-15T14:58:00,5
00261521,Elm Street,2025-03-15,2025-03-15T15:07:00,2025-03-15T15:11:00,5
00113264,Ocean Avenue,2025-03-15,2025-03-15T15:12:00,2025-03-15T15:13:00,11
00115521,Jump Street,2025-03-15,2025-03-15T15:15:00,2025-03-15T15:20:00,0
00311532,Fury Road,2025-03-15,2025-03-15T15:22:00,2025-03-15T15:23:00,6
00662113,Cloverfield Lane,2025-03-15,2025-03-15T15:41:00,2025-03-15T15:40:00,1
00113147,Bradshaw Street,2025-03-15,2025-03-15T16:03:00,2025-03-15T16:01:00,9
00261521,Elm Street,2025-03-15,2025-03-15T16:07:00,2025-03-15T16:06:00,22
00113264,Ocean Avenue,2025-03-15,2025-03-15T16:12:00,2025-03-15T16:12:00,20
00115521,Jump Street,2025-03-15,2025-03-15T16:15:00,2025-03-15T16:19:00,23
00311532,Fury Road,2025-03-15,2025-03-15T16:22:00,2025-03-15T16:25:00,8
00662113,Cloverfield Lane,2025-03-15,2025-03-15T16:41:00,2025-03-15T16:41:00,7
00113147,Bradshaw Street,2025-03-15,2025-03-15T17:03:00,none,0
00261521,Elm Street,2025-03-15,2025-03-15T17:07:00,2025-03-15T17:10:00,29
00113264,Ocean Avenue,2025-03-15,2025-03-15T17:12:00,2025-03-15T17:09:00,20
00115521,Jump Street,2025-03-15,2025-03-15T17:15:00,2025-03-15T17:20:00,23
00311532,Fury Road,2025-03-15,2025-03-15T17:22:00,2025-03-15T17:28:00,10
00662113,Cloverfield Lane,2025-03-15,2025-03-15T17:41:00,2025-03-15T17:40:00,3
00113147,Bradshaw Street,2025-03-15,2025-03-15T18:03:00,2025-03-15T18:03:00,10
00261521,Elm Street,2025-03-15,2025-03-15T18:07:00,2025-03-15T18:08:00,33
00113264,Ocean Avenue,2025-03-15,2025-03-15T18:12:00,2025-03-15T18:13:00,10
00115521,Jump Street,2025-03-15,2025-03-15T18:15:00,2025-03-15T18:19:00,17
00311532,Fury Road,2025-03-15,2025-03-15T18:22:00,2025-03-15T18:25:00,0
00662113,Cloverfield Lane,2025-03-15,2025-03-15T18:41:00,2025-03-15T18:40:00,5
00113147,Bradshaw Street,2025-03-15,2025-03-15T19:03:00,2025-03-15T19:02:00,12
00261521,Elm Street,2025-03-15,2025-03-15T19:07:00,2025-03-15T19:09:00,11
00113264,Ocean Avenue,2025-03-15,2025-03-15T19:12:00,2025-03-15T19:13:00,16
00115521,Jump Street,2025-03-15,2025-03-15T19:15:00,2025-03-15T19:19:00,9
00311532,Fury Road,2025-03-15,2025-03-15T19:22:00,2025-03-15T19:29:00,7
00662113,Cloverfield Lane,2025-03-15,2025-03-15T19:41:00,2025-03-15T19:39:00,4
00113147,Bradshaw Street,2025-03-15,2025-03-15T20:03:00,2025-03-15T20:00:00,10
00261521,Elm Street,2025-03-15,2025-03-15T20:07:00,2025-03-15T20:04:00,12
00113264,Ocean Avenue,2025-03-15,2025-03-15T20:12:00,2025-03-15T20:13:00,22
00115521,Jump Street,2025-03-15,2025-03-15T20:15:00,2025-03-15T20:17:00,0
00311532,Fury Road,2025-03-15,2025-03-15T20:22:00,2025-03-15T20:30:00,2
00662113,Cloverfield Lane,2025-03-15,2025-03-15T20:41:00,2025-03-15T20:39:00,1
00113147,Bradshaw Street,2025-03-15,2025-03-15T21:03:00,2025-03-15T20:59:00,18
00261521,Elm Street,2025-03-15,2025-03-15T21:07:00,2025-03-15T21:10:00,19
00113264,Ocean Avenue,2025-03-15,2025-03-15T21:12:00,2025-03-15T21:09:00,11
00115521,Jump Street,2025-03-15,2025-03-15T21:15:00,2025-03-15T21:17:00,13
00311532,Fury Road,2025-03-15,2025-03-15T21:22:00,2025-03-15T21:26:00,2
00662113,Cloverfield Lane,2025-03-15,2025-03-15T21:41:00,2025-03-15T21:41:00,8
00113147,Bradshaw Street,2025-03-16,2025-03-16T06:03:00,2025-03-16T06:00:00,7
00261521,Elm Street,2025-03-16,2025-03-16T06:07:00,none,0
00113264,Ocean Avenue,2025-03-16,2025-03-16T06:12:00,2025-03-16T06:16:00,7
00115521,Jump Street,2025-03-16,2025-03-16T06:15:00,2025-03-16T06:17:00,0
00311532,Fury Road,2025-03-16,2025-03-16T06:22:00,2025-03-16T06:31:00,0
00662113,Cloverfield Lane,2025-03-16,2025-03-16T06:41:00,2025-03-16T06:43:00,4
00113147,Bradshaw Street,2025-03-16,2025-03-16T07:03:00,2025-03-16T07:03:00,19
00261521,Elm Street,2025-03-16,2025-03-16T07:07:00,2025-03-16T07:10:00,33
00113264,Ocean Avenue,2025-03-16,2025-03-16T07:12:00,2025-03-16T07:13:00,23
00115521,Jump Street,2025-03-16,2025-03-16T07:15:00,2025-03-16T07:20:00,21
00311532,Fury Road,2025-03-16,2025-03-16T07:22:00,2025-03-16T07:26:00,7
00662113,Cloverfield Lane,2025-03-16,2025-03-16T07:41:00,2025-03-16T07:39:00,2
00113147,Bradshaw Street,2025-03-16,2025-03-16T08:03:00,2025-03-16T07:59:00,9
00261521,Elm Street,2025-03-16,2025-03-16T08:07:00,2025-03-16T08:08:00,30
00113264,Ocean Avenue,2025-03-16,2025-03-16T08:12:00,2025-03-16T08:16:00,9
00115521,Jump Street,2025-03-16,2025-03-16T08:15:00,2025-03-16T08:20:00,18
00311532,Fury Road,2025-03-16,2025-03-16T08:22:00,2025-03-16T08:27:00,5
00662113,Cloverfield Lane,2025-03-16,2025-03-16T08:41:00,2025-03-16T08:39:00,1
00113147,Bradshaw Street,2025-03-16,2025-03-16T09:03:00,2025-03-16T08:59:00,10
00261521,Elm Street,2025-03-16,2025-03-16T09:07:00,2025-03-16T09:04:00,25
00113264,Ocean Avenue,2025-03-16,2025-03-16T09:12:00,2025-03-16T09:11:00,17
00115521,Jump Street,2025-03-16,2025-03-16T09:15:00,2025-03-16T09:20:00,9
00311532,Fury Road,2025-03-16,2025-03-16T09:22:00,2025-03-16T09:25:00,4
00662113,Cloverfield Lane,2025-03-16,2025-03-16T09:41:00,2025-03-16T09:38:00,0
00113147,Bradshaw Street,2025-03-16,2025-03-16T10:03:00,2025-03-16T10:00:00,10
00261521,Elm Street,2025-03-16,2025-03-16T10:07:00,2025-03-16T10:05:00,19
00113264,Ocean Avenue,2025-03-16,2025-03-16T10:12:00,2025-03-16T10:15:00,12
00115521,Jump Street,2025-03-16,2025-03-16T10:15:00,2025-03-16T10:19:00,18
00311532,Fury Road,2025-03-16,2025-03-16T10:22:00,2025-03-16T10:28:00,4
00662113,Cloverfield Lane,2025-03-16,2025-03-16T10:41:00,2025-03-16T10:37:00,0
00113147,Bradshaw Street,2025-03-16,2025-03-16T11:03:00,2025-03-16T11:02:00,5
00261521,Elm Street,2025-03-16,2025-03-16T11:07:00,2025-03-16T11:06:00,0
00113264,Ocean Avenue,2025-03-16,2025-03-16T11:12:00,2025-03-16T11:09:00,0
00115521,Jump Street,2025-03-16,2025-03-16T11:15:00,2025-03-16T11:19:00,5
00311532,Fury Road,2025-03-16,2025-03-16T11:22:00,2025-03-16T11:23:00,4
00662113,Cloverfield Lane,2025-03-16,2025-03-16T11:41:00,2025-03-16T11:40:00,6
00113147,Bradshaw Street,2025-03-16,2025-03-16T12:03:00,2025-03-16T12:01:00,6
00261521,Elm Street,2025-03-16,2025-03-16T12:07:00,2025-03-16T12:07:00,31
00113264,Ocean Avenue,2025-03-16,2025-03-16T12:12:00,2025-03-16T12:13:00,14
00115521,Jump Street,2025-03-16,2025-03-16T12:15:00,2025-03-16T12:18:00,0
00311532,Fury Road,2025-03-16,2025-03-16T12:22:00,2025-03-16T12:27:00,2
00662113,Cloverfield Lane,2025-03-16,2025-03-16T12:41:00,2025-03-16T12:39:00,8
00113147,Bradshaw Street,2025-03-16,2025-03-16T13:03:00,2025-03-16T13:00:00,10
00261521,Elm Street,2025-03-16,2025-03-16T13:07:00,2025-03-16T13:05:00,20
00113264,Ocean Avenue,2025-03-16,2025-03-16T13:12:00,2025-03-16T13:16:00,11
00115521,Jump Street,2025-03-16,2025-03-16T13:15:00,2025-03-16T13:16:00,5
00311532,Fury Road,2025-03-16,2025-03-16T13:22:00,2025-03-16T13:24:00,11
00662113,Cloverfield Lane,2025-03-16,2025-03-16T13:41:00,2025-03-16T13:40:00,1
00113147,Bradshaw Street,2025-03-16,2025-03-16T14:03:00,2025-03-16T14:01:00,16
00261521,Elm Street,2025-03-16,2025-03-16T14:07:00,2025-03-16T14:08:00,0
00113264,Ocean Avenue,2025-03-16,2025-03-16T14:12:00,2025-03-16T14:14:00,20
00115521,Jump Street,2025-03-16,2025-03-16T14:15:00,2025-03-16T14:18:00,10
00311532,Fury Road,2025-03-16,2025-03-16T14:22:00,none,0
00662113,Cloverfield Lane,2025-03-16,2025-03-16T14:41:00,2025-03-16T14:41:00,4
00113147,Bradshaw Street,2025-03-16,2025-03-16T15:03:00,2025-03-16T14:59:00,0
00261521,Elm Street,2025-03-16,2025-03-16T15:07:00,2025-03-16T15:10:00,3
00113264,Ocean Avenue,2025-03-16,2025-03-16T15:12:00,2025-03-16T15:09:00,24
00115521,Jump Street,2025-03-16,2025-03-16T15:15:00,2025-03-16T15:19:00,11
00311532,Fury Road,2025-03-16,2025-03-16T15:22:00,2025-03-16T15:34:00,7
00662113,Cloverfield Lane,2025-03-16,2025-03-16T15:41:00,2025-03-16T15:41:00,6
00113147,Bradshaw Street,2025-03-16,2025-03-16T16:03:00,2025-03-16T15:59:00,19
00261521,Elm Street,2025-03-16,2025-03-16T16:07:00,2025-03-16T16:10:00,22
00113264,Ocean Avenue,2025-03-16,2025-03-16T16:12:00,2025-03-16T16:13:00,24
00115521,Jump Street,2025-03-16,2025-03-16T16:15:00,2025-03-16T16:17:00,35
00311532,Fury Road,2025-03-16,2025-03-16T16:22:00,2025-03-16T16:28:00,7
00662113,Cloverfield Lane,2025-03-16,2025-03-16T16:41:00,2025-03-16T16:40:00,2
00113147,Bradshaw Street,2025-03-16,2025-03-16T17:03:00,2025-03-16T17:01:00,21
00261521,Elm Street,2025-03-16,2025-03-16T17:07:00,2025-03-16T17:09:00,38
00113264,Ocean Avenue,2025-03-16,2025-03-16T17:12:00,2025-03-16T17:13:00,26
00115521,Jump Street,2025-03-16,2025-03-16T17:15:00,2025-03-16T17:19:00,22
00311532,Fury Road,2025-03-16,2025-03-16T17:22:00,2025-03-16T17:27:00,12
00662113,Cloverfield Lane,2025-03-16,2025-03-16T17:41:00,2025-03-16T17:40:00,0
00113147,Bradshaw Street,2025-03-16,2025-03-16T18:03:00,2025-03-16T18:01:00,13
00261521,Elm Street,2025-03-16,2025-03-16T18:07:00,2025-03-16T18:10:00,38
00113264,Ocean Avenue,2025-03-16,2025-03-16T18:12:00,2025-03-16T18:12:00,4
00115521,Jump Street,2025-03-16,2025-03-16T18:15:00,2025-03-16T18:19:00,24
00311532,Fury Road,2025-03-16,2025-03-16T18:22:00,2025-03-16T18:26:00,13
00662113,Cloverfield Lane,2025-03-16,2025-03-16T18:41:00,2025-03-16T18:41:00,0
00113147,Bradshaw Street,2025-03-16,2025-03-16T19:03:00,2025-03-16T19:01:00,5
00261521,Elm Street,2025-03-16,2025-03-16T19:07:00,2025-03-16T19:08:00,13
00113264,Ocean Avenue,2025-03-16,2025-03-16T19:12:00,2025-03-16T19:12:00,18
00115521,Jump Street,2025-03-16,2025-03-16T19:15:00,2025-03-16T19:17:00,14
00311532,Fury Road,2025-03-16,2025-03-16T19:22:00,2025-03-16T19:24:00,0
00662113,Cloverfield Lane,2025-03-16,2025-03-16T19:41:00,2025-03-16T19:38:00,2
00113147,Bradshaw Street,2025-03-16,2025-03-16T20:03:00,2025-03-16T20:02:00,4
00261521,Elm Street,2025-03-16,2025-03-16T20:07:00,none,0
00113264,Ocean Avenue,2025-03-16,2025-03-16T20:12:00,2025-03-16T20:13:00,0
00115521,Jump Street,2025-03-16,2025-03-16T20:15:00,2025-03-16T20:19:00,2
00311532,Fury Road,2025-03-16,2025-03-16T20:22:00,2025-03-16T20:25:00,0
00662113,Cloverfield Lane,2025-03-16,2025-03-16T20:41:00,2025-03-16T20:43:00,3
00113147,Bradshaw Street,2025-03-16,2025-03-16T21:03:00,2025-03-16T21:00:00,10
00261521,Elm Street,2025-03-16,2025-03-16T21:07:00,2025-03-16T21:05:00,21
00113264,Ocean Avenue,2025-03-16,2025-03-16T21:12:00,2025-03-16T21:14:00,28
00115521,Jump Street,2025-03-16,2025-03-16T21:15:00,2025-03-16T21:18:00,10
00311532,Fury Road,2025-03-16,2025-03-16T21:22:00,2025-03-16T21:25:00,1
00662113,Cloverfield Lane,2025-03-16,2025-03-16T21:41:00,2025-03-16T21:42:00,0
00113147,Bradshaw Street,2025-03-17,2025-03-17T06:03:00,none,0
00261521,Elm Street,2025-03-17,2025-03-17T06:07:00,2025-03-17T06:07:00,15
00113264,Ocean Avenue,2025-03-17,2025-03-17T06:12:00,2025-03-17T06:10:00,12
00115521,Jump Street,2025-03-17,2025-03-17T06:15:00,2025-03-17T06:19:00,13
00311532,Fury Road,2025-03-17,2025-03-17T06:22:00,2025-03-17T06:26:00,8
00662113,Cloverfield Lane,2025-03-17,2025-03-17T06:41:00,2025-03-17T06:43:00,5
00113147,Bradshaw Street,2025-03-17,2025-03-17T07:03:00,2025-03-17T07:00:00,19
00261521,Elm Street,2025-03-17,2025-03-17T07:07:00,2025-03-17T07:08:00,57
00113264,Ocean Avenue,2025-03-17,2025-03-17T07:12:00,2025-03-17T07:11:00,40
00115521,Jump Street,2025-03-17,2025-03-17T07:15:00,2025-03-17T07:17:00,30
00311532,Fury Road,2025-03-17,2025-03-17T07:22:00,2025-03-17T07:24:00,14
00662113,Cloverfield Lane,2025-03-17,2025-03-17T07:41:00,2025-03-17T07:37:00,4
00113147,Bradshaw Street,2025-03-17,2025-03-17T08:03:00,2025-03-17T08:00:00,21
00261521,Elm Street,2025-03-17,2025-03-17T08:07:00,2025-03-17T08:09:00,50
00113264,Ocean Avenue,2025-03-17,2025-03-17T08:12:00,2025-03-17T08:15:00,31
00115521,Jump Street,2025-03-17,2025-03-17T08:15:00,2025-03-17T08:21:00,19
00311532,Fury Road,2025-03-17,2025-03-17T08:22:00,2025-03-17T08:22:00,11
00662113,Cloverfield Lane,2025-03-17,2025-03-17T08:41:00,2025-03-17T08:43:00,6
00113147,Bradshaw Street,2025-03-17,2025-03-17T09:03:00,2025-03-17T09:00:00,21
00261521,Elm Street,2025-03-17,2025-03-17T09:07:00,2025-03-17T09:10:00,55
00113264,Ocean Avenue,2025-03-17,2025-03-17T09:12:00,2025-03-17T09:13:00,30
00115521,Jump Street,2025-03-17,2025-03-17T09:15:00,2025-03-17T09:20:00,23
00311532,Fury Road,2025-03-17,2025-03-17T09:22:00,2025-03-17T09:26:00,11
00662113,Cloverfield Lane,2025-03-17,2025-03-17T09:41:00,2025-03-17T09:42:00,8
00113147,Bradshaw Street,2025-03-17,2025-03-17T10:03:00,2025-03-17T10:02:00,24
00261521,Elm Street,2025-03-17,2025-03-17T10:07:00,2025-03-17T10:08:00,18
00113264,Ocean Avenue,2025-03-17,2025-03-17T10:12:00,2025-03-17T10:12:00,9
00115521,Jump Street,2025-03-17,2025-03-17T10:15:00,2025-03-17T10:18:00,8
00311532,Fury Road,2025-03-17,2025-03-17T10:22:00,none,0
00662113,Cloverfield Lane,2025-03-17,2025-03-17T10:41:00,2025-03-17T10:40:00,6
00113147,Bradshaw Street,2025-03-17,2025-03-17T11:03:00,2025-03-17T11:01:00,12
00261521,Elm Street,2025-03-17,2025-03-17T11:07:00,2025-03-17T11:10:00,25
00113264,Ocean Avenue,2025-03-17,2025-03-17T11:12:00,2025-03-17T11:11:00,33
00115521,Jump Street,2025-03-17,2025-03-17T11:15:00,2025-03-17T11:20:00,21
00311532,Fury Road,2025-03-17,2025-03-17T11:22:00,2025-03-17T11:21:00,10
00662113,Cloverfield Lane,2025-03-17,2025-03-17T11:41:00,2025-03-17T11:37:00,7
00113147,Bradshaw Street,2025-03-17,2025-03-17T12:03:00,none,0
00261521,Elm Street,2025-03-17,2025-03-17T12:07:00,2025-03-17T12:06:00,33
00113264,Ocean Avenue,2025-03-17,2025-03-17T12:12:00,2025-03-17T12:13:00,25
00115521,Jump Street,2025-03-17,2025-03-17T12:15:00,2025-03-17T12:16:00,16
00311532,Fury Road,2025-03-17,2025-03-17T12:22:00,2025-03-17T12:23:00,8
00662113,Cloverfield Lane,2025-03-17,2025-03-17T12:41:00,2025-03-17T12:40:00,8
00113147,Bradshaw Street,2025-03-17,2025-03-17T13:03:00,2025-03-17T13:01:00,3
00261521,Elm Street,2025-03-17,2025-03-17T13:07:00,2025-03-17T13:06:00,18
00113264,Ocean Avenue,2025-03-17,2025-03-17T13:12:00,2025-03-17T13:11:00,24
00115521,Jump Street,2025-03-17,2025-03-17T13:15:00,2025-03-17T13:20:00,18
00311532,Fury Road,2025-03-17,2025-03-17T13:22:00,2025-03-17T13:31:00,8
00662113,Cloverfield Lane,2025-03-17,2025-03-17T13:41:00,2025-03-17T13:43:00,9
00113147,Bradshaw Street,2025-03-17,2025-03-17T14:03:00,2025-03-17T13:59:00,9
00261521,Elm Street,2025-03-17,2025-03-17T14:07:00,2025-03-17T14:07:00,33
00113264,Ocean Avenue,2025-03-17,2025-03-17T14:12:00,2025-03-17T14:13:00,32
00115521,Jump Street,2025-03-17,2025-03-17T14:15:00,2025-03-17T14:18:00,25
00311532,Fury Road,2025-03-17,2025-03-17T14:22:00,2025-03-17T14:26:00,12
00662113,Cloverfield Lane,2025-03-17,2025-03-17T14:41:00,2025-03-17T14:43:00,5
00113147,Bradshaw Street,2025-03-17,2025-03-17T15:03:00,2025-03-17T15:04:00,12
00261521,Elm Street,2025-03-17,2025-03-17T15:07:00,2025-03-17T15:07:00,35
00113264,Ocean Avenue,2025-03-17,2025-03-17T15:12:00,2025-03-17T15:10:00,19
00115521,Jump Street,2025-03-17,2025-03-17T15:15:00,2025-03-17T15:17:00,15
00311532,Fury Road,2025-03-17,2025-03-17T15:22:00,2025-03-17T15:22:00,11
00662113,Cloverfield Lane,2025-03-17,2025-03-17T15:41:00,2025-03-17T15:39:00,6
00113147,Bradshaw Street,2025-03-17,2025-03-17T16:03:00,2025-03-17T15:59:00,8
00261521,Elm Street,2025-03-17,2025-03-17T16:07:00,2025-03-17T16:10:00,43
00113264,Ocean Avenue,2025-03-17,2025-03-17T16:12:00,2025-03-17T16:10:00,33
00115521,Jump Street,2025-03-17,2025-03-17T16:15:00,2025-03-17T16:19:00,22
00311532,Fury Road,2025-03-17,2025-03-17T16:22:00,2025-03-17T16:27:00,10
00662113,Cloverfield Lane,2025-03-17,2025-03-17T16:41:00,2025-03-17T16:39:00,10
00113147,Bradshaw Street,2025-03-17,2025-03-17T17:03:00,2025-03-17T17:01:00,19
00261521,Elm Street,2025-03-17,2025-03-17T17:07:00,2025-03-17T17:08:00,60
00113264,Ocean Avenue,2025-03-17,2025-03-17T17:12:00,2025-03-17T17:14:00,24
00115521,Jump Street,2025-03-17,2025-03-17T17:15:00,2025-03-17T17:18:00,29
00311532,Fury Road,2025-03-17,2025-03-17T17:22:00,2025-03-17T17:28:00,14
00662113,Cloverfield Lane,2025-03-17,2025-03-17T17:41:00,2025-03-17T17:43:00,5
00113147,Bradshaw Street,2025-03-17,2025-03-17T18:03:00,2025-03-17T18:01:00,13
00261521,Elm Street,2025-03-17,2025-03-17T18:07:00,2025-03-17T18:08:00,38
00113264,Ocean Avenue,2025-03-17,2025-03-17T18:12:00,2025-03-17T18:12:00,30
00115521,Jump Street,2025-03-17,2025-03-17T18:15:00,2025-03-17T18:17:00,35
00311532,Fury Road,2025-03-17,2025-03-17T18:22:00,2025-03-17T18:28:00,7
00662113,Cloverfield Lane,2025-03-17,2025-03-17T18:41:00,2025-03-17T18:38:00,0
00113147,Bradshaw Street,2025-03-17,2025-03-17T19:03:00,2025-03-17T18:59:00,0
00261521,Elm Street,2025-03-17,2025-03-17T19:07:00,2025-03-17T19:07:00,16
00113264,Ocean Avenue,2025-03-17,2025-03-17T19:12:00,2025-03-17T19:12:00,24
00115521,Jump Street,2025-03-17,2025-03-17T19:15:00,2025-03-17T19:21:00,10
00311532,Fury Road,2025-03-17,2025-03-17T19:22:00,2025-03-17T19:24:00,9
00662113,Cloverfield Lane,2025-03-17,2025-03-17T19:41:00,2025-03-17T19:36:00,9
00113147,Bradshaw Street,2025-03-17,2025-03-17T20:03:00,2025-03-17T19:59:00,6
00261521,Elm Street,2025-03-17,2025-03-17T20:07:00,2025-03-17T20:10:00,33
00113264,Ocean Avenue,2025-03-17,2025-03-17T20:12:00,2025-03-17T20:11:00,27
00115521,Jump Street,2025-03-17,2025-03-17T20:15:00,2025-03-17T20:19:00,18
00311532,Fury Road,2025-03-17,2025-03-17T20:22:00,2025-03-17T20:23:00,12
00662113,Cloverfield Lane,2025-03-17,2025-03-17T20:41:00,2025-03-17T20:38:00,1
00113147,Bradshaw Street,2025-03-17,2025-03-17T21:03:00,2025-03-17T21:02:00,18
00261521,Elm Street,2025-03-17,2025-03-17T21:07:00,2025-03-17T21:09:00,26
00113264,Ocean Avenue,2025-03-17,2025-03-17T21:12:00,2025-03-17T21:15:00,2
00115521,Jump Street,2025-03-17,2025-03-17T21:15:00,2025-03-17T21:18:00,14
00311532,Fury Road,2025-03-17,2025-03-17T21:22:00,2025-03-17T21:32:00,8
00662113,Cloverfield Lane,2025-03-17,2025-03-17T21:41:00,2025-03-17T21:40:00,3
00113147,Bradshaw Street,2025-03-18,2025-03-18T06:03:00,2025-03-18T05:59:00,10
00261521,Elm Street,2025-03-18,2025-03-18T06:07:00,2025-03-18T06:03:00,2
00113264,Ocean Avenue,2025-03-18,2025-03-18T06:12:00,2025-03-18T06:14:00,9
00115521,Jump Street,2025-03-18,2025-03-18T06:15:00,2025-03-18T06:16:00,2
00311532,Fury Road,2025-03-18,2025-03-18T06:22:00,2025-03-18T06:28:00,3
00662113,Cloverfield Lane,2025-03-18,2025-03-18T06:41:00,2025-03-18T06:40:00,4
00113147,Bradshaw Street,2025-03-18,2025-03-18T07:03:00,2025-03-18T07:02:00,21
00261521,Elm Street,2025-03-18,2025-03-18T07:07:00,2025-03-18T07:07:00,60
00113264,Ocean Avenue,2025-03-18,2025-03-18T07:12:00,2025-03-18T07:15:00,59
00115521,Jump Street,2025-03-18,2025-03-18T07:15:00,2025-03-18T07:21:00,28
00311532,Fury Road,2025-03-18,2025-03-18T07:22:00,2025-03-18T07:25:00,12
00662113,Cloverfield Lane,2025-03-18,2025-03-18T07:41:00,2025-03-18T07:39:00,11
00113147,Bradshaw Street,2025-03-18,2025-03-18T08:03:00,2025-03-18T08:01:00,33
00261521,Elm Street,2025-03-18,2025-03-18T08:07:00,2025-03-18T08:08:00,50
00113264,Ocean Avenue,2025-03-18,2025-03-18T08:12:00,2025-03-18T08:13:00,44
00115521,Jump Street,2025-03-18,2025-03-18T08:15:00,2025-03-18T08:17:00,23
00311532,Fury Road,2025-03-18,2025-03-18T08:22:00,2025-03-18T08:26:00,7
00662113,Cloverfield Lane,2025-03-18,2025-03-18T08:41:00,2025-03-18T08:42:00,6
00113147,Bradshaw Street,2025-03-18,2025-03-18T09:03:00,2025-03-18T08:58:00,20
00261521,Elm Street,2025-03-18,2025-03-18T09:07:00,2025-03-18T09:11:00,60
00113264,Ocean Avenue,2025-03-18,2025-03-18T09:12:00,2025-03-18T09:16:00,26
00115521,Jump Street,2025-03-18,2025-03-18T09:15:00,2025-03-18T09:20:00,30
00311532,Fury Road,2025-03-18,2025-03-18T09:22:00,2025-03-18T09:25:00,14
00662113,Cloverfield Lane,2025-03-18,2025-03-18T09:41:00,2025-03-18T09:40:00,5
00113147,Bradshaw Street,2025-03-18,2025-03-18T10:03:00,2025-03-18T09:59:00,12
00261521,Elm Street,2025-03-18,2025-03-18T10:07:00,2025-03-18T10:10:00,30
00113264,Ocean Avenue,2025-03-18,2025-03-18T10:12:00,2025-03-18T10:10:00,17
00115521,Jump Street,2025-03-18,2025-03-18T10:15:00,2025-03-18T10:19:00,16
00311532,Fury Road,2025-03-18,2025-03-18T10:22:00,2025-03-18T10:26:00,7
00662113,Cloverfield Lane,2025-03-18,2025-03-18T10:41:00,2025-03-18T10:40:00,8
00113147,Bradshaw Street,2025-03-18,2025-03-18T11:03:00,2025-03-18T11:00:00,3
00261521,Elm Street,2025-03-18,2025-03-18T11:07:00,2025-03-18T11:11:00,29
00113264,Ocean Avenue,2025-03-18,2025-03-18T11:12:00,2025-03-18T11:12:00,24
00115521,Jump Street,2025-03-18,2025-03-18T11:15:00,2025-03-18T11:22:00,24
00311532,Fury Road,2025-03-18,2025-03-18T11:22:00,2025-03-18T11:26:00,13
00662113,Cloverfield Lane,2025-03-18,2025-03-18T11:41:00,2025-03-18T11:38:00,7
00113147,Bradshaw Street,2025-03-18,2025-03-18T12:03:00,2025-03-18T11:59:00,8
00261521,Elm Street,2025-03-18,2025-03-18T12:07:00,none,0
00113264,Ocean Avenue,2025-03-18,2025-03-18T12:12:00,none,0
00115521,Jump Street,2025-03-18,2025-03-18T12:15:00,2025-03-18T12:16:00,19
00311532,Fury Road,2025-03-18,2025-03-18T12:22:00,2025-03-18T12:23:00,6
00662113,Cloverfield Lane,2025-03-18,2025-03-18T12:41:00,2025-03-18T12:40:00,6
00113147,Bradshaw Street,2025-03-18,2025-03-18T13:03:00,2025-03-18T12:59:00,17
00261521,Elm Street,2025-03-18,2025-03-18T13:07:00,2025-03-18T13:09:00,32
00113264,Ocean Avenue,2025-03-18,2025-03-18T13:12:00,2025-03-18T13:13:00,12
00115521,Jump Street,2025-03-18,2025-03-18T13:15:00,2025-03-18T13:18:00,19
00311532,Fury Road,2025-03-18,2025-03-18T13:22:00,2025-03-18T13:24:00,13
00662113,Cloverfield Lane,2025-03-18,2025-03-18T13:41:00,2025-03-18T13:43:00,10
00113147,Bradshaw Street,2025-03-18,2025-03-18T14:03:00,2025-03-18T13:59:00,23
00261521,Elm Street,2025-03-18,2025-03-18T14:07:00,2025-03-18T14:10:00,24
00113264,Ocean Avenue,2025-03-18,2025-03-18T14:12:00,2025-03-18T14:14:00,25
00115521,Jump Street,2025-03-18,2025-03-18T14:15:00,2025-03-18T14:17:00,14
00311532,Fury Road,2025-03-18,2025-03-18T14:22:00,2025-03-18T14:28:00,11
00662113,Cloverfield Lane,2025-03-18,2025-03-18T14:41:00,2025-03-18T14:41:00,8
00113147,Bradshaw Street,2025-03-18,2025-03-18T15:03:00,2025-03-18T15:00:00,19
00261521,Elm Street,2025-03-18,2025-03-18T15:07:00,2025-03-18T15:09:00,21
00113264,Ocean Avenue,2025-03-18,2025-03-18T15:12:00,2025-03-18T15:15:00,29
00115521,Jump Street,2025-03-18,2025-03-18T15:15:00,2025-03-18T15:20:00,8
00311532,Fury Road,2025-03-18,2025-03-18T15:22:00,2025-03-18T15:30:00,4
00662113,Cloverfield Lane,2025-03-18,2025-03-18T15:41:00,2025-03-18T15:41:00,5
00113147,Bradshaw Street,2025-03-18,2025-03-18T16:03:00,2025-03-18T16:01:00,12
00261521,Elm Street,2025-03-18,2025-03-18T16:07:00,2025-03-18T16:09:00,35
00113264,Ocean Avenue,2025-03-18,2025-03-18T16:12:00,2025-03-18T16:13:00,42
00115521,Jump Street,2025-03-18,2025-03-18T16:15:00,2025-03-18T16:16:00,35
00311532,Fury Road,2025-03-18,2025-03-18T16:22:00,2025-03-18T16:25:00,9
00662113,Cloverfield Lane,2025-03-18,2025-03-18T16:41:00,2025-03-18T16:38:00,7
00113147,Bradshaw Street,2025-03-18,2025-03-18T17:03:00,2025-03-18T16:59:00,12
00261521,Elm Street,2025-03-18,2025-03-18T17:07:00,2025-03-18T17:08:00,27
00113264,Ocean Avenue,2025-03-18,2025-03-18T17:12:00,2025-03-18T17:14:00,37
00115521,Jump Street,2025-03-18,2025-03-18T17:15:00,2025-03-18T17:20:00,38
00311532,Fury Road,2025-03-18,2025-03-18T17:22:00,2025-03-18T17:23:00,14
00662113,Cloverfield Lane,2025-03-18,2025-03-18T17:41:00,2025-03-18T17:40:00,9
00113147,Bradshaw Street,2025-03-18,2025-03-18T18:03:00,2025-03-18T18:00:00,27
00261521,Elm Street,2025-03-18,2025-03-18T18:07:00,2025-03-18T18:09:00,41
00113264,Ocean Avenue,2025-03-18,2025-03-18T18:12:00,2025-03-18T18:15:00,11
00115521,Jump Street,2025-03-18,2025-03-18T18:15:00,2025-03-18T18:17:00,33
00311532,Fury Road,2025-03-18,2025-03-18T18:22:00,2025-03-18T18:28:00,18
00662113,Cloverfield Lane,2025-03-18,2025-03-18T18:41:00,2025-03-18T18:39:00,5
00113147,Bradshaw Street,2025-03-18,2025-03-18T19:03:00,2025-03-18T19:02:00,17
00261521,Elm Street,2025-03-18,2025-03-18T19:07:00,2025-03-18T19:06:00,29
00113264,Ocean Avenue,2025-03-18,2025-03-18T19:12:00,2025-03-18T19:13:00,18
00115521,Jump Street,2025-03-18,2025-03-18T19:15:00,2025-03-18T19:17:00,11
00311532,Fury Road,2025-03-18,2025-03-18T19:22:00,2025-03-18T19:25:00,7
00662113,Cloverfield Lane,2025-03-18,2025-03-18T19:41:00,2025-03-18T19:38:00,7
00113147,Bradshaw Street,2025-03-18,2025-03-18T20:03:00,2025-03-18T20:01:00,19
00261521,Elm Street,2025-03-18,2025-03-18T20:07:00,2025-03-18T20:07:00,50
00113264,Ocean Avenue,2025-03-18,2025-03-18T20:12:00,2025-03-18T20:16:00,25
00115521,Jump Street,2025-03-18,2025-03-18T20:15:00,2025-03-18T20:19:00,14
00311532,Fury Road,2025-03-18,2025-03-18T20:22:00,2025-03-18T20:24:00,8
00662113,Cloverfield Lane,2025-03-18,2025-03-18T20:41:00,2025-03-18T20:41:00,4
00113147,Bradshaw Street,2025-03-18,2025-03-18T21:03:00,2025-03-18T21:00:00,7
00261521,Elm Street,2025-03-18,2025-03-18T21:07:00,2025-03-18T21:08:00,29
00113264,Ocean Avenue,2025-03-18,2025-03-18T21:12:00,2025-03-18T21:12:00,13
00115521,Jump Street,2025-03-18,2025-03-18T21:15:00,2025-03-18T21:19:00,32
00311532,Fury Road,2025-03-18,2025-03-18T21:22:00,2025-03-18T21:28:00,4
00662113,Cloverfield Lane,2025-03-18,2025-03-18T21:41:00,2025-03-18T21:39:00,7
00113147,Bradshaw Street,2025-03-19,2025-03-19T06:03:00,2025-03-19T05:59:00,11
00261521,Elm Street,2025-03-19,2025-03-19T06:07:00,2025-03-19T06:08:00,17
00113264,Ocean Avenue,2025-03-19,2025-03-19T06:12:00,2025-03-19T06:19:00,2
00115521,Jump Street,2025-03-19,2025-03-19T06:15:00,2025-03-19T06:17:00,16
00311532,Fury Road,2025-03-19,2025-03-19T06:22:00,2025-03-19T06:25:00,8
00662113,Cloverfield Lane,2025-03-19,2025-03-19T06:41:00,2025-03-19T06:42:00,4
00113147,Bradshaw Street,2025-03-19,2025-03-19T07:03:00,2025-03-19T07:01:00,29
00261521,Elm Street,2025-03-19,2025-03-19T07:07:00,2025-03-19T07:09:00,60
00113264,Ocean Avenue,2025-03-19,2025-03-19T07:12:00,2025-03-19T07:09:00,34
00115521,Jump Street,2025-03-19,2025-03-19T07:15:00,2025-03-19T07:16:00,25
00311532,Fury Road,2025-03-19,2025-03-19T07:22:00,2025-03-19T07:27:00,4
00662113,Cloverfield Lane,2025-03-19,2025-03-19T07:41:00,2025-03-19T07:38:00,8
00113147,Bradshaw Street,2025-03-19,2025-03-19T08:03:00,2025-03-19T07:59:00,19
00261521,Elm Street,2025-03-19,2025-03-19T08:07:00,2025-03-19T08:10:00,39
00113264,Ocean Avenue,2025-03-19,2025-03-19T08:12:00,2025-03-19T08:14:00,34
00115521,Jump Street,2025-03-19,2025-03-19T08:15:00,2025-03-19T08:17:00,18
00311532,Fury Road,2025-03-19,2025-03-19T08:22:00,2025-03-19T08:27:00,6
00662113,Cloverfield Lane,2025-03-19,2025-03-19T08:41:00,2025-03-19T08:41:00,8
00113147,Bradshaw Street,2025-03-19,2025-03-19T09:03:00,2025-03-19T09:00:00,28
00261521,Elm Street,2025-03-19,2025-03-19T09:07:00,2025-03-19T09:09:00,60
00113264,Ocean Avenue,2025-03-19,2025-03-19T09:12:00,2025-03-19T09:13:00,40
00115521,Jump Street,2025-03-19,2025-03-19T09:15:00,2025-03-19T09:19:00,18
00311532,Fury Road,2025-03-19,2025-03-19T09:22:00,2025-03-19T09:26:00,12
00662113,Cloverfield Lane,2025-03-19,2025-03-19T09:41:00,2025-03-19T09:39:00,3
00113147,Bradshaw Street,2025-03-19,2025-03-19T10:03:00,2025-03-19T09:56:00,21
00261521,Elm Street,2025-03-19,2025-03-19T10:07:00,2025-03-19T10:10:00,29
00113264,Ocean Avenue,2025-03-19,2025-03-19T10:12:00,2025-03-19T10:13:00,15
00115521,Jump Street,2025-03-19,2025-03-19T10:15:00,2025-03-19T10:22:00,22
00311532,Fury Road,2025-03-19,2025-03-19T10:22:00,2025-03-19T10:31:00,7
00662113,Cloverfield Lane,2025-03-19,2025-03-19T10:41:00,2025-03-19T10:39:00,9
00113147,Bradshaw Street,2025-03-19,2025-03-19T11:03:00,2025-03-19T11:02:00,18
00261521,Elm Street,2025-03-19,2025-03-19T11:07:00,none,0
00113264,Ocean Avenue,2025-03-19,2025-03-19T11:12:00,2025-03-19T11:09:00,28
00115521,Jump Street,2025-03-19,2025-03-19T11:15:00,2025-03-19T11:18:00,19
00311532,Fury Road,2025-03-19,2025-03-19T11:22:00,2025-03-19T11:25:00,10
00662113,Cloverfield Lane,2025-03-19,2025-03-19T11:41:00,2025-03-19T11:40:00,6
00113147,Bradshaw Street,2025-03-19,2025-03-19T12:03:00,2025-03-19T12:02:00,2
00261521,Elm Street,2025-03-19,2025-03-19T12:07:00,2025-03-19T12:09:00,30
00113264,Ocean Avenue,2025-03-19,2025-03-19T12:12:00,2025-03-19T12:11:00,19
00115521,Jump Street,2025-03-19,2025-03-19T12:15:00,2025-03-19T12:21:00,12
00311532,Fury Road,2025-03-19,2025-03-19T12:22:00,2025-03-19T12:24:00,13
00662113,Cloverfield Lane,2025-03-19,2025-03-19T12:41:00,2025-03-19T12:40:00,11
00113147,Bradshaw Street,2025-03-19,2025-03-19T13:03:00,2025-03-19T12:57:00,15
00261521,Elm Street,2025-03-19,2025-03-19T13:07:00,2025-03-19T13:05:00,49
00113264,Ocean Avenue,2025-03-19,2025-03-19T13:12:00,2025-03-19T13:14:00,30
00115521,Jump Street,2025-03-19,2025-03-19T13:15:00,2025-03-19T13:20:00,17
00311532,Fury Road,2025-03-19,2025-03-19T13:22:00,2025-03-19T13:29:00,4
00662113,Cloverfield Lane,2025-03-19,2025-03-19T13:41:00,2025-03-19T13:40:00,7
00113147,Bradshaw Street,2025-03-19,2025-03-19T14:03:00,2025-03-19T14:03:00,10
00261521,Elm Street,2025-03-19,2025-03-19T14:07:00,2025-03-19T14:08:00,22
00113264,Ocean Avenue,2025-03-19,2025-03-19T14:12:00,2025-03-19T14:12:00,21
00115521,Jump Street,2025-03-19,2025-03-19T14:15:00,2025-03-19T14:14:00,19
00311532,Fury Road,2025-03-19,2025-03-19T14:22:00,2025-03-19T14:28:00,9
00662113,Cloverfield Lane,2025-03-19,2025-03-19T14:41:00,2025-03-19T14:41:00,7
00113147,Bradshaw Street,2025-03-19,2025-03-19T15:03:00,2025-03-19T15:01:00,18
00261521,Elm Street,2025-03-19,2025-03-19T15:07:00,2025-03-19T15:07:00,26
00113264,Ocean Avenue,2025-03-19,2025-03-19T15:12:00,2025-03-19T15:12:00,3
00115521,Jump Street,2025-03-19,2025-03-19T15:15:00,2025-03-19T15:19:00,13
00311532,Fury Road,2025-03-19,2025-03-19T15:22:00,2025-03-19T15:26:00,12
00662113,Cloverfield Lane,2025-03-19,2025-03-19T15:41:00,2025-03-19T15:40:00,6
00113147,Bradshaw Street,2025-03-19,2025-03-19T16:03:00,2025-03-19T16:00:00,21
00261521,Elm Street,2025-03-19,2025-03-19T16:07:00,2025-03-19T16:10:00,48
00113264,Ocean Avenue,2025-03-19,2025-03-19T16:12:00,2025-03-19T16:11:00,23
00115521,Jump Street,2025-03-19,2025-03-19T16:15:00,2025-03-19T16:18:00,31
00311532,Fury Road,2025-03-19,2025-03-19T16:22:00,2025-03-19T16:30:00,8
00662113,Cloverfield Lane,2025-03-19,2025-03-19T16:41:00,2025-03-19T16:39:00,8
00113147,Bradshaw Street,2025-03-19,2025-03-19T17:03:00,2025-03-19T17:02:00,15
00261521,Elm Street,2025-03-19,2025-03-19T17:07:00,2025-03-19T17:10:00,45
00113264,Ocean Avenue,2025-03-19,2025-03-19T17:12:00,none,0
00115521,Jump Street,2025-03-19,2025-03-19T17:15:00,2025-03-19T17:20:00,32
00311532,Fury Road,2025-03-19,2025-03-19T17:22:00,2025-03-19T17:26:00,21
00662113,Cloverfield Lane,2025-03-19,2025-03-19T17:41:00,2025-03-19T17:42:00,10
00113147,Bradshaw Street,2025-03-19,2025-03-19T18:03:00,2025-03-19T18:00:00,13
00261521,Elm Street,2025-03-19,2025-03-19T18:07:00,2025-03-19T18:09:00,26
00113264,Ocean Avenue,2025-03-19,2025-03-19T18:12:00,2025-03-19T18:13:00,18
00115521,Jump Street,2025-03-19,2025-03-19T18:15:00,2025-03-19T18:18:00,40
00311532,Fury Road,2025-03-19,2025-03-19T18:22:00,2025-03-19T18:23:00,7
00662113,Cloverfield Lane,2025-03-19,2025-03-19T18:41:00,2025-03-19T18:39:00,4
00113147,Bradshaw Street,2025-03-19,2025-03-19T19:03:00,2025-03-19T19:00:00,1
00261521,Elm Street,2025-03-19,2025-03-19T19:07:00,2025-03-19T19:08:00,15
00113264,Ocean Avenue,2025-03-19,2025-03-19T19:12:00,2025-03-19T19:14:00,26
00115521,Jump Street,2025-03-19,2025-03-19T19:15:00,2025-03-19T19:24:00,12
00311532,Fury Road,2025-03-19,2025-03-19T19:22:00,2025-03-19T19:27:00,7
00662113,Cloverfield Lane,2025-03-19,2025-03-19T19:41:00,2025-03-19T19:39:00,3
00113147,Bradshaw Street,2025-03-19,2025-03-19T20:03:00,2025-03-19T20:01:00,8
00261521,Elm Street,2025-03-19,2025-03-19T20:07:00,2025-03-19T20:08:00,28
00113264,Ocean Avenue,2025-03-19,2025-03-19T20:12:00,2025-03-19T20:13:00,25
00115521,Jump Street,2025-03-19,2025-03-19T20:15:00,2025-03-19T20:17:00,4
00311532,Fury Road,2025-03-19,2025-03-19T20:22:00,2025-03-19T20:28:00,1
00662113,Cloverfield Lane,2025-03-19,2025-03-19T20:41:00,2025-03-19T20:41:00,6
00113147,Bradshaw Street,2025-03-19,2025-03-19T21:03:00,2025-03-19T20:57:00,9
00261521,Elm Street,2025-03-19,2025-03-19T21:07:00,2025-03-19T21:09:00,56
00113264,Ocean Avenue,2025-03-19,2025-03-19T21:12:00,2025-03-19T21:12:00,27
00115521,Jump Street,2025-03-19,2025-03-19T21:15:00,2025-03-19T21:19:00,6
00311532,Fury Road,2025-03-19,2025-03-19T21:22:00,2025-03-19T21:27:00,16
00662113,Cloverfield Lane,2025-03-19,2025-03-19T21:41:00,2025-03-19T21:42:00,7
00113147,Bradshaw Street,2025-03-20,2025-03-20T06:03:00,2025-03-20T05:59:00,3
00261521,Elm Street,2025-03-20,2025-03-20T06:07:00,2025-03-20T06:05:00,25
00113264,Ocean Avenue,2025-03-20,2025-03-20T06:12:00,2025-03-20T06:12:00,9
00115521,Jump Street,2025-03-20,2025-03-20T06:15:00,2025-03-20T06:21:00,5
00311532,Fury Road,2025-03-20,2025-03-20T06:22:00,2025-03-20T06:32:00,3
00662113,Cloverfield Lane,2025-03-20,2025-03-20T06:41:00,2025-03-20T06:42:00,3
00113147,Bradshaw Street,2025-03-20,2025-03-20T07:03:00,2025-03-20T06:58:00,15
00261521,Elm Street,2025-03-20,2025-03-20T07:07:00,2025-03-20T07:09:00,44
00113264,Ocean Avenue,2025-03-20,2025-03-20T07:12:00,2025-03-20T07:12:00,43
00115521,Jump Street,2025-03-20,2025-03-20T07:15:00,2025-03-20T07:16:00,13
00311532,Fury Road,2025-03-20,2025-03-20T07:22:00,2025-03-20T07:27:00,6
00662113,Cloverfield Lane,2025-03-20,2025-03-20T07:41:00,2025-03-20T07:38:00,4
00113147,Bradshaw Street,2025-03-20,2025-03-20T08:03:00,2025-03-20T08:00:00,18
00261521,Elm Street,2025-03-20,2025-03-20T08:07:00,2025-03-20T08:08:00,57
00113264,Ocean Avenue,2025-03-20,2025-03-20T08:12:00,2025-03-20T08:09:00,34
00115521,Jump Street,2025-03-20,2025-03-20T08:15:00,2025-03-20T08:18:00,22
00311532,Fury Road,2025-03-20,2025-03-20T08:22:00,2025-03-20T08:28:00,12
00662113,Cloverfield Lane,2025-03-20,2025-03-20T08:41:00,2025-03-20T08:39:00,1
00113147,Bradshaw Street,2025-03-20,2025-03-20T09:03:00,2025-03-20T08:59:00,24
00261521,Elm Street,2025-03-20,2025-03-20T09:07:00,2025-03-20T09:09:00,60
00113264,Ocean Avenue,2025-03-20,2025-03-20T09:12:00,2025-03-20T09:13:00,30
00115521,Jump Street,2025-03-20,2025-03-20T09:15:00,2025-03-20T09:20:00,27
00311532,Fury Road,2025-03-20,2025-03-20T09:22:00,2025-03-20T09:24:00,10
00662113,Cloverfield Lane,2025-03-20,2025-03-20T09:41:00,2025-03-20T09:38:00,3
00113147,Bradshaw Street,2025-03-20,2025-03-20T10:03:00,2025-03-20T09:59:00,18
00261521,Elm Street,2025-03-20,2025-03-20T10:07:00,2025-03-20T10:09:00,29
00113264,Ocean Avenue,2025-03-20,2025-03-20T10:12:00,2025-03-20T10:12:00,27
00115521,Jump Street,2025-03-20,2025-03-20T10:15:00,2025-03-20T10:17:00,6
00311532,Fury Road,2025-03-20,2025-03-20T10:22:00,2025-03-20T10:26:00,13
00662113,Cloverfield Lane,2025-03-20,2025-03-20T10:41:00,2025-03-20T10:38:00,5
00113147,Bradshaw Street,2025-03-20,2025-03-20T11:03:00,2025-03-20T11:00:00,11
00261521,Elm Street,2025-03-20,2025-03-20T11:07:00,2025-03-20T11:07:00,33
00113264,Ocean Avenue,2025-03-20,2025-03-20T11:12:00,2025-03-20T11:14:00,20
00115521,Jump Street,2025-03-20,2025-03-20T11:15:00,2025-03-20T11:17:00,10
00311532,Fury Road,2025-03-20,2025-03-20T11:22:00,2025-03-20T11:22:00,14
00662113,Cloverfield Lane,2025-03-20,2025-03-20T11:41:00,2025-03-20T11:39:00,6
00113147,Bradshaw Street,2025-03-20,2025-03-20T12:03:00,2025-03-20T12:01:00,20
00261521,Elm Street,2025-03-20,2025-03-20T12:07:00,2025-03-20T12:07:00,22
00113264,Ocean Avenue,2025-03-20,2025-03-20T12:12:00,2025-03-20T12:13:00,33
00115521,Jump Street,2025-03-20,2025-03-20T12:15:00,2025-03-20T12:16:00,16
00311532,Fury Road,2025-03-20,2025-03-20T12:22:00,2025-03-20T12:21:00,7
00662113,Cloverfield Lane,2025-03-20,2025-03-20T12:41:00,2025-03-20T12:40:00,1
00113147,Bradshaw Street,2025-03-20,2025-03-20T13:03:00,2025-03-20T12:59:00,13
00261521,Elm Street,2025-03-20,2025-03-20T13:07:00,2025-03-20T13:09:00,26
00113264,Ocean Avenue,2025-03-20,2025-03-20T13:12:00,2025-03-20T13:08:00,25
00115521,Jump Street,2025-03-20,2025-03-20T13:15:00,2025-03-20T13:17:00,25
00311532,Fury Road,2025-03-20,2025-03-20T13:22:00,2025-03-20T13:25:00,13
00662113,Cloverfield Lane,2025-03-20,2025-03-20T13:41:00,2025-03-20T13:41:00,7
00113147,Bradshaw Street,2025-03-20,2025-03-20T14:03:00,2025-03-20T13:58:00,16
00261521,Elm Street,2025-03-20,2025-03-20T14:07:00,2025-03-20T14:07:00,25
00113264,Ocean Avenue,2025-03-20,2025-03-20T14:12:00,2025-03-20T14:14:00,6
00115521,Jump Street,2025-03-20,2025-03-20T14:15:00,2025-03-20T14:16:00,13
00311532,Fury Road,2025-03-20,2025-03-20T14:22:00,2025-03-20T14:27:00,8
00662113,Cloverfield Lane,2025-03-20,2025-03-20T14:41:00,2025-03-20T14:41:00,9
00113147,Bradshaw Street,2025-03-20,2025-03-20T15:03:00,2025-03-20T15:01:00,5
00261521,Elm Street,2025-03-20,2025-03-20T15:07:00,2025-03-20T15:08:00,19
00113264,Ocean Avenue,2025-03-20,2025-03-20T15:12:00,2025-03-20T15:11:00,20
00115521,Jump Street,2025-03-20,2025-03-20T15:15:00,2025-03-20T15:18:00,28
00311532,Fury Road,2025-03-20,2025-03-20T15:22:00,2025-03-20T15:27:00,12
00662113,Cloverfield Lane,2025-03-20,2025-03-20T15:41:00,2025-03-20T15:39:00,8
00113147,Bradshaw Street,2025-03-20,2025-03-20T16:03:00,2025-03-20T16:02:00,17
00261521,Elm Street,2025-03-20,2025-03-20T16:07:00,2025-03-20T16:08:00,41
00113264,Ocean Avenue,2025-03-20,2025-03-20T16:12:00,2025-03-20T16:10:00,32
00115521,Jump Street,2025-03-20,2025-03-20T16:15:00,2025-03-20T16:20:00,44
00311532,Fury Road,2025-03-20,2025-03-20T16:22:00,2025-03-20T16:25:00,19
00662113,Cloverfield Lane,2025-03-20,2025-03-20T16:41:00,2025-03-20T16:38:00,5
00113147,Bradshaw Street,2025-03-20,2025-03-20T17:03:00,2025-03-20T17:00:00,19
00261521,Elm Street,2025-03-20,2025-03-20T17:07:00,2025-03-20T17:10:00,22
00113264,Ocean Avenue,2025-03-20,2025-03-20T17:12:00,2025-03-20T17:13:00,30
00115521,Jump Street,2025-03-20,2025-03-20T17:15:00,2025-03-20T17:18:00,29
00311532,Fury Road,2025-03-20,2025-03-20T17:22:00,2025-03-20T17:25:00,3
00662113,Cloverfield Lane,2025-03-20,2025-03-20T17:41:00,2025-03-20T17:42:00,5
00113147,Bradshaw Street,2025-03-20,2025-03-20T18:03:00,2025-03-20T18:03:00,16
00261521,Elm Street,2025-03-20,2025-03-20T18:07:00,2025-03-20T18:11:00,32
00113264,Ocean Avenue,2025-03-20,2025-03-20T18:12:00,2025-03-20T18:11:00,15
00115521,Jump Street,2025-03-20,2025-03-20T18:15:00,2025-03-20T18:17:00,32
00311532,Fury Road,2025-03-20,2025-03-20T18:22:00,2025-03-20T18:26:00,15
00662113,Cloverfield Lane,2025-03-20,2025-03-20T18:41:00,2025-03-20T18:39:00,12
00113147,Bradshaw Street,2025-03-20,2025-03-20T19:03:00,2025-03-20T18:58:00,5
00261521,Elm Street,2025-03-20,2025-03-20T19:07:00,2025-03-20T19:07:00,27
00113264,Ocean Avenue,2025-03-20,2025-03-20T19:12:00,2025-03-20T19:12:00,25
00115521,Jump Street,2025-03-20,2025-03-20T19:15:00,2025-03-20T19:21:00,12
00311532,Fury Road,2025-03-20,2025-03-20T19:22:00,2025-03-20T19:28:00,0
00662113,Cloverfield Lane,2025-03-20,2025-03-20T19:41:00,2025-03-20T19:39:00,0
00113147,Bradshaw Street,2025-03-20,2025-03-20T20:03:00,2025-03-20T20:00:00,9
00261521,Elm Street,2025-03-20,2025-03-20T20:07:00,2025-03-20T20:09:00,18
00113264,Ocean Avenue,2025-03-20,2025-03-20T20:12:00,2025-03-20T20:11:00,10
00115521,Jump Street,2025-03-20,2025-03-20T20:15:00,2025-03-20T20:18:00,5
00311532,Fury Road,2025-03-20,2025-03-20T20:22:00,2025-03-20T20:25:00,4
00662113,Cloverfield Lane,2025-03-20,2025-03-20T20:41:00,2025-03-20T20:37:00,4
00113147,Bradshaw Street,2025-03-20,2025-03-20T21:03:00,2025-03-20T20:59:00,13
00261521,Elm Street,2025-03-20,2025-03-20T21:07:00,2025-03-20T21:10:00,34
00113264,Ocean Avenue,2025-03-20,2025-03-20T21:12:00,2025-03-20T21:13:00,19
00115521,Jump Street,2025-03-20,2025-03-20T21:15:00,2025-03-20T21:16:00,23
00311532,Fury Road,2025-03-20,2025-03-20T21:22:00,2025-03-20T21:30:00,7
00662113,Cloverfield Lane,2025-03-20,2025-03-20T21:41:00,2025-03-20T21:38:00,8
00113147,Bradshaw Street,2025-03-21,2025-03-21T06:03:00,2025-03-21T06:01:00,11
00261521,Elm Street,2025-03-21,2025-03-21T06:07:00,2025-03-21T06:06:00,27
00113264,Ocean Avenue,2025-03-21,2025-03-21T06:12:00,2025-03-21T06:15:00,15
00115521,Jump Street,2025-03-21,2025-03-21T06:15:00,2025-03-21T06:20:00,7
00311532,Fury Road,2025-03-21,2025-03-21T06:22:00,2025-03-21T06:29:00,10
00662113,Cloverfield Lane,2025-03-21,2025-03-21T06:41:00,2025-03-21T06:40:00,7
00113147,Bradshaw Street,2025-03-21,2025-03-21T07:03:00,2025-03-21T07:01:00,35
00261521,Elm Street,2025-03-21,2025-03-21T07:07:00,2025-03-21T07:09:00,60
00113264,Ocean Avenue,2025-03-21,2025-03-21T07:12:00,2025-03-21T07:15:00,40
00115521,Jump Street,2025-03-21,2025-03-21T07:15:00,2025-03-21T07:18:00,23
00311532,Fury Road,2025-03-21,2025-03-21T07:22:00,2025-03-21T07:23:00,18
00662113,Cloverfield Lane,2025-03-21,2025-03-21T07:41:00,2025-03-21T07:40:00,6
00113147,Bradshaw Street,2025-03-21,2025-03-21T08:03:00,2025-03-21T08:00:00,21
00261521,Elm Street,2025-03-21,2025-03-21T08:07:00,2025-03-21T08:07:00,33
00113264,Ocean Avenue,2025-03-21,2025-03-21T08:12:00,2025-03-21T08:08:00,36
00115521,Jump Street,2025-03-21,2025-03-21T08:15:00,2025-03-21T08:22:00,28
00311532,Fury Road,2025-03-21,2025-03-21T08:22:00,2025-03-21T08:23:00,15
00662113,Cloverfield Lane,2025-03-21,2025-03-21T08:41:00,2025-03-21T08:40:00,5
00113147,Bradshaw Street,2025-03-21,2025-03-21T09:03:00,2025-03-21T09:01:00,21
00261521,Elm Street,2025-03-21,2025-03-21T09:07:00,2025-03-21T09:10:00,56
00113264,Ocean Avenue,2025-03-21,2025-03-21T09:12:00,2025-03-21T09:11:00,51
00115521,Jump Street,2025-03-21,2025-03-21T09:15:00,2025-03-21T09:19:00,30
00311532,Fury Road,2025-03-21,2025-03-21T09:22:00,2025-03-21T09:23:00,11
00662113,Cloverfield Lane,2025-03-21,2025-03-21T09:41:00,2025-03-21T09:37:00,10
00113147,Bradshaw Street,2025-03-21,2025-03-21T10:03:00,2025-03-21T09:57:00,11
00261521,Elm Street,2025-03-21,2025-03-21T10:07:00,2025-03-21T10:09:00,33
00113264,Ocean Avenue,2025-03-21,2025-03-21T10:12:00,2025-03-21T10:15:00,28
00115521,Jump Street,2025-03-21,2025-03-21T10:15:00,2025-03-21T10:15:00,22
00311532,Fury Road,2025-03-21,2025-03-21T10:22:00,2025-03-21T10:28:00,7
00662113,Cloverfield Lane,2025-03-21,2025-03-21T10:41:00,2025-03-21T10:37:00,11
00113147,Bradshaw Street,2025-03-21,2025-03-21T11:03:00,2025-03-21T11:00:00,14
00261521,Elm Street,2025-03-21,2025-03-21T11:07:00,2025-03-21T11:08:00,19
00113264,Ocean Avenue,2025-03-21,2025-03-21T11:12:00,2025-03-21T11:14:00,31
00115521,Jump Street,2025-03-21,2025-03-21T11:15:00,2025-03-21T11:18:00,16
00311532,Fury Road,2025-03-21,2025-03-21T11:22:00,2025-03-21T11:24:00,5
00662113,Cloverfield Lane,2025-03-21,2025-03-21T11:41:00,2025-03-21T11:39:00,8
00113147,Bradshaw Street,2025-03-21,2025-03-21T12:03:00,2025-03-21T12:01:00,1
00261521,Elm Street,2025-03-21,2025-03-21T12:07:00,2025-03-21T12:09:00,27
00113264,Ocean Avenue,2025-03-21,2025-03-21T12:12:00,2025-03-21T12:15:00,22
00115521,Jump Street,2025-03-21,2025-03-21T12:15:00,2025-03-21T12:21:00,6
00311532,Fury Road,2025-03-21,2025-03-21T12:22:00,2025-03-21T12:26:00,6
00662113,Cloverfield Lane,2025-03-21,2025-03-21T12:41:00,2025-03-21T12:40:00,3
00113147,Bradshaw Street,2025-03-21,2025-03-21T13:03:00,2025-03-21T13:01:00,23
00261521,Elm Street,2025-03-21,2025-03-21T13:07:00,none,0
00113264,Ocean Avenue,2025-03-21,2025-03-21T13:12:00,2025-03-21T13:18:00,16
00115521,Jump Street,2025-03-21,2025-03-21T13:15:00,2025-03-21T13:20:00,13
00311532,Fury Road,2025-03-21,2025-03-21T13:22:00,2025-03-21T13:25:00,11
00662113,Cloverfield Lane,2025-03-21,2025-03-21T13:41:00,2025-03-21T13:38:00,10
00113147,Bradshaw Street,2025-03-21,2025-03-21T14:03:00,2025-03-21T13:58:00,8
00261521,Elm Street,2025-03-21,2025-03-21T14:07:00,2025-03-21T14:14:00,37
00113264,Ocean Avenue,2025-03-21,2025-03-21T14:12:00,2025-03-21T14:14:00,25
00115521,Jump Street,2025-03-21,2025-03-21T14:15:00,2025-03-21T14:21:00,17
00311532,Fury Road,2025-03-21,2025-03-21T14:22:00,2025-03-21T14:27:00,16
00662113,Cloverfield Lane,2025-03-21,2025-03-21T14:41:00,2025-03-21T14:41:00,6
00113147,Bradshaw Street,2025-03-21,2025-03-21T15:03:00,2025-03-21T14:58:00,14
00261521,Elm Street,2025-03-21,2025-03-21T15:07:00,none,0
00113264,Ocean Avenue,2025-03-21,2025-03-21T15:12:00,2025-03-21T15:14:00,27
00115521,Jump Street,2025-03-21,2025-03-21T15:15:00,2025-03-21T15:19:00,14
00311532,Fury Road,2025-03-21,2025-03-21T15:22:00,2025-03-21T15:24:00,10
00662113,Cloverfield Lane,2025-03-21,2025-03-21T15:41:00,2025-03-21T15:40:00,8
00113147,Bradshaw Street,2025-03-21,2025-03-21T16:03:00,2025-03-21T16:01:00,26
00261521,Elm Street,2025-03-21,2025-03-21T16:07:00,2025-03-21T16:06:00,52
00113264,Ocean Avenue,2025-03-21,2025-03-21T16:12:00,2025-03-21T16:09:00,37
00115521,Jump Street,2025-03-21,2025-03-21T16:15:00,2025-03-21T16:21:00,39
00311532,Fury Road,2025-03-21,2025-03-21T16:22:00,2025-03-21T16:31:00,5
00662113,Cloverfield Lane,2025-03-21,2025-03-21T16:41:00,2025-03-21T16:38:00,8
00113147,Bradshaw Street,2025-03-21,2025-03-21T17:03:00,2025-03-21T16:59:00,19
00261521,Elm Street,2025-03-21,2025-03-21T17:07:00,none,0
00113264,Ocean Avenue,2025-03-21,2025-03-21T17:12:00,2025-03-21T17:10:00,26
00115521,Jump Street,2025-03-21,2025-03-21T17:15:00,2025-03-21T17:18:00,40
00311532,Fury Road,2025-03-21,2025-03-21T17:22:00,2025-03-21T17:25:00,9
00662113,Cloverfield Lane,2025-03-21,2025-03-21T17:41:00,2025-03-21T17:41:00,7
00113147,Bradshaw Street,2025-03-21,2025-03-21T18:03:00,2025-03-21T18:02:00,8
00261521,Elm Street,2025-03-21,2025-03-21T18:07:00,2025-03-21T18:06:00,45
00113264,Ocean Avenue,2025-03-21,2025-03-21T18:12:00,2025-03-21T18:11:00,20
00115521,Jump Street,2025-03-21,2025-03-21T18:15:00,2025-03-21T18:15:00,33
00311532,Fury Road,2025-03-21,2025-03-21T18:22:00,2025-03-21T18:28:00,10
00662113,Cloverfield Lane,2025-03-21,2025-03-21T18:41:00,2025-03-21T18:41:00,5
00113147,Bradshaw Street,2025-03-21,2025-03-21T19:03:00,2025-03-21T19:01:00,17
00261521,Elm Street,2025-03-21,2025-03-21T19:07:00,2025-03-21T19:11:00,36
00113264,Ocean Avenue,2025-03-21,2025-03-21T19:12:00,2025-03-21T19:15:00,18
00115521,Jump Street,2025-03-21,2025-03-21T19:15:00,2025-03-21T19:21:00,17
00311532,Fury Road,2025-03-21,2025-03-21T19:22:00,2025-03-21T19:22:00,0
00662113,Cloverfield Lane,2025-03-21,2025-03-21T19:41:00,2025-03-21T19:42:00,7
00113147,Bradshaw Street,2025-03-21,2025-03-21T20:03:00,2025-03-21T20:01:00,14
00261521,Elm Street,2025-03-21,2025-03-21T20:07:00,2025-03-21T20:08:00,42
00113264,Ocean Avenue,2025-03-21,2025-03-21T20:12:00,2025-03-21T20:11:00,25
00115521,Jump Street,2025-03-21,2025-03-21T20:15:00,2025-03-21T20:21:00,11
00311532,Fury Road,2025-03-21,2025-03-21T20:22:00,2025-03-21T20:31:00,7
00662113,Cloverfield Lane,2025-03-21,2025-03-21T20:41:00,2025-03-21T20:40:00,2
00113147,Bradshaw Street,2025-03-21,2025-03-21T21:03:00,2025-03-21T21:01:00,15
00261521,Elm Street,2025-03-21,2025-03-21T21:07:00,2025-03-21T21:08:00,39
00113264,Ocean Avenue,2025-03-21,2025-03-21T21:12:00,2025-03-21T21:16:00,15
00115521,Jump Street,2025-03-21,2025-03-21T21:15:00,2025-03-21T21:20:00,5
00311532,Fury Road,2025-03-21,2025-03-21T21:22:00,2025-03-21T21:25:00,19
00662113,Cloverfield Lane,2025-03-21,2025-03-21T21:41:00,2025-03-21T21:41:00,2
00113147,Bradshaw Street,2025-03-22,2025-03-22T06:03:00,2025-03-22T06:02:00,4
00261521,Elm Street,2025-03-22,2025-03-22T06:07:00,2025-03-22T06:07:00,20
00113264,Ocean Avenue,2025-03-22,2025-03-22T06:12:00,2025-03-22T06:13:00,18
00115521,Jump Street,2025-03-22,2025-03-22T06:15:00,2025-03-22T06:16:00,7
00311532,Fury Road,2025-03-22,2025-03-22T06:22:00,2025-03-22T06:25:00,13
00662113,Cloverfield Lane,2025-03-22,2025-03-22T06:41:00,2025-03-22T06:42:00,7
00113147,Bradshaw Street,2025-03-22,2025-03-22T07:03:00,2025-03-22T06:59:00,15
00261521,Elm Street,2025-03-22,2025-03-22T07:07:00,2025-03-22T07:09:00,19
00113264,Ocean Avenue,2025-03-22,2025-03-22T07:12:00,2025-03-22T07:14:00,17
00115521,Jump Street,2025-03-22,2025-03-22T07:15:00,2025-03-22T07:22:00,34
00311532,Fury Road,2025-03-22,2025-03-22T07:22:00,2025-03-22T07:32:00,9
00662113,Cloverfield Lane,2025-03-22,2025-03-22T07:41:00,2025-03-22T07:40:00,7
00113147,Bradshaw Street,2025-03-22,2025-03-22T08:03:00,2025-03-22T08:00:00,18
00261521,Elm Street,2025-03-22,2025-03-22T08:07:00,2025-03-22T08:10:00,42
00113264,Ocean Avenue,2025-03-22,2025-03-22T08:12:00,2025-03-22T08:11:00,15
00115521,Jump Street,2025-03-22,2025-03-22T08:15:00,2025-03-22T08:19:00,22
00311532,Fury Road,2025-03-22,2025-03-22T08:22:00,2025-03-22T08:25:00,0
00662113,Cloverfield Lane,2025-03-22,2025-03-22T08:41:00,2025-03-22T08:40:00,0
00113147,Bradshaw Street,2025-03-22,2025-03-22T09:03:00,2025-03-22T08:59:00,11
00261521,Elm Street,2025-03-22,2025-03-22T09:07:00,2025-03-22T09:08:00,23
00113264,Ocean Avenue,2025-03-22,2025-03-22T09:12:00,2025-03-22T09:16:00,23
00115521,Jump Street,2025-03-22,2025-03-22T09:15:00,2025-03-22T09:22:00,16
00311532,Fury Road,2025-03-22,2025-03-22T09:22:00,2025-03-22T09:23:00,3
00662113,Cloverfield Lane,2025-03-22,2025-03-22T09:41:00,2025-03-22T09:42:00,0
00113147,Bradshaw Street,2025-03-22,2025-03-22T10:03:00,2025-03-22T10:00:00,3
00261521,Elm Street,2025-03-22,2025-03-22T10:07:00,2025-03-22T10:07:00,11
00113264,Ocean Avenue,2025-03-22,2025-03-22T10:12:00,2025-03-22T10:15:00,5
00115521,Jump Street,2025-03-22,2025-03-22T10:15:00,2025-03-22T10:16:00,14
00311532,Fury Road,2025-03-22,2025-03-22T10:22:00,2025-03-22T10:23:00,10
00662113,Cloverfield Lane,2025-03-22,2025-03-22T10:41:00,2025-03-22T10:40:00,2
00113147,Bradshaw Street,2025-03-22,2025-03-22T11:03:00,2025-03-22T11:01:00,10
00261521,Elm Street,2025-03-22,2025-03-22T11:07:00,2025-03-22T11:08:00,16
00113264,Ocean Avenue,2025-03-22,2025-03-22T11:12:00,2025-03-22T11:13:00,8
00115521,Jump Street,2025-03-22,2025-03-22T11:15:00,2025-03-22T11:18:00,8
00311532,Fury Road,2025-03-22,2025-03-22T11:22:00,2025-03-22T11:25:00,6
00662113,Cloverfield Lane,2025-03-22,2025-03-22T11:41:00,2025-03-22T11:40:00,3
00113147,Bradshaw Street,2025-03-22,2025-03-22T12:03:00,2025-03-22T11:59:00,7
00261521,Elm Street,2025-03-22,2025-03-22T12:07:00,2025-03-22T12:10:00,2
00113264,Ocean Avenue,2025-03-22,2025-03-22T12:12:00,2025-03-22T12:16:00,21
00115521,Jump Street,2025-03-22,2025-03-22T12:15:00,2025-03-22T12:20:00,8
00311532,Fury Road,2025-03-22,2025-03-22T12:22:00,2025-03-22T12:31:00,0
00662113,Cloverfield Lane,2025-03-22,2025-03-22T12:41:00,2025-03-22T12:39:00,1
00113147,Bradshaw Street,2025-03-22,2025-03-22T13:03:00,2025-03-22T13:04:00,9
00261521,Elm Street,2025-03-22,2025-03-22T13:07:00,2025-03-22T13:07:00,9
00113264,Ocean Avenue,2025-03-22,2025-03-22T13:12:00,2025-03-22T13:12:00,14
00115521,Jump Street,2025-03-22,2025-03-22T13:15:00,2025-03-22T13:17:00,4
00311532,Fury Road,2025-03-22,2025-03-22T13:22:00,2025-03-22T13:24:00,6
00662113,Cloverfield Lane,2025-03-22,2025-03-22T13:41:00,2025-03-22T13:38:00,10
00113147,Bradshaw Street,2025-03-22,2025-03-22T14:03:00,2025-03-22T14:02:00,0
00261521,Elm Street,2025-03-22,2025-03-22T14:07:00,2025-03-22T14:07:00,22
00113264,Ocean Avenue,2025-03-22,2025-03-22T14:12:00,2025-03-22T14:12:00,28
00115521,Jump Street,2025-03-22,2025-03-22T14:15:00,2025-03-22T14:16:00,3
00311532,Fury Road,2025-03-22,2025-03-22T14:22:00,2025-03-22T14:26:00,3
00662113,Cloverfield Lane,2025-03-22,2025-03-22T14:41:00,2025-03-22T14:41:00,7
00113147,Bradshaw Street,2025-03-22,2025-03-22T15:03:00,2025-03-22T15:03:00,8
00261521,Elm Street,2025-03-22,2025-03-22T15:07:00,2025-03-22T15:10:00,23
00113264,Ocean Avenue,2025-03-22,2025-03-22T15:12:00,2025-03-22T15:10:00,24
00115521,Jump Street,2025-03-22,2025-03-22T15:15:00,2025-03-22T15:21:00,8
00311532,Fury Road,2025-03-22,2025-03-22T15:22:00,2025-03-22T15:29:00,12
00662113,Cloverfield Lane,2025-03-22,2025-03-22T15:41:00,2025-03-22T15:41:00,6
00113147,Bradshaw Street,2025-03-22,2025-03-22T16:03:00,2025-03-22T16:01:00,7
00261521,Elm Street,2025-03-22,2025-03-22T16:07:00,2025-03-22T16:09:00,14
00113264,Ocean Avenue,2025-03-22,2025-03-22T16:12:00,2025-03-22T16:12:00,11
00115521,Jump Street,2025-03-22,2025-03-22T16:15:00,2025-03-22T16:23:00,12
00311532,Fury Road,2025-03-22,2025-03-22T16:22:00,2025-03-22T16:27:00,8
00662113,Cloverfield Lane,2025-03-22,2025-03-22T16:41:00,2025-03-22T16:40:00,2
00113147,Bradshaw Street,2025-03-22,2025-03-22T17:03:00,2025-03-22T16:59:00,23
00261521,Elm Street,2025-03-22,2025-03-22T17:07:00,2025-03-22T17:09:00,15
00113264,Ocean Avenue,2025-03-22,2025-03-22T17:12:00,2025-03-22T17:16:00,16
00115521,Jump Street,2025-03-22,2025-03-22T17:15:00,2025-03-22T17:18:00,9
00311532,Fury Road,2025-03-22,2025-03-22T17:22:00,2025-03-22T17:31:00,5
00662113,Cloverfield Lane,2025-03-22,2025-03-22T17:41:00,2025-03-22T17:39:00,7
00113147,Bradshaw Street,2025-03-22,2025-03-22T18:03:00,2025-03-22T18:00:00,0
00261521,Elm Street,2025-03-22,2025-03-22T18:07:00,2025-03-22T18:09:00,26
00113264,Ocean Avenue,2025-03-22,2025-03-22T18:12:00,2025-03-22T18:11:00,11
00115521,Jump Street,2025-03-22,2025-03-22T18:15:00,2025-03-22T18:18:00,26
00311532,Fury Road,2025-03-22,2025-03-22T18:22:00,2025-03-22T18:27:00,16
00662113,Cloverfield Lane,2025-03-22,2025-03-22T18:41:00,2025-03-22T18:41:00,1
00113147,Bradshaw Street,2025-03-22,2025-03-22T19:03:00,2025-03-22T18:59:00,0
00261521,Elm Street,2025-03-22,2025-03-22T19:07:00,2025-03-22T19:04:00,23
00113264,Ocean Avenue,2025-03-22,2025-03-22T19:12:00,2025-03-22T19:12:00,22
00115521,Jump Street,2025-03-22,2025-03-22T19:15:00,2025-03-22T19:15:00,16
00311532,Fury Road,2025-03-22,2025-03-22T19:22:00,2025-03-22T19:26:00,6
00662113,Cloverfield Lane,2025-03-22,2025-03-22T19:41:00,2025-03-22T19:41:00,4
00113147,Bradshaw Street,2025-03-22,2025-03-22T20:03:00,2025-03-22T20:00:00,6
00261521,Elm Street,2025-03-22,2025-03-22T20:07:00,2025-03-22T20:09:00,37
00113264,Ocean Avenue,2025-03-22,2025-03-22T20:12:00,2025-03-22T20:13:00,5
00115521,Jump Street,2025-03-22,2025-03-22T20:15:00,2025-03-22T20:17:00,6
00311532,Fury Road,2025-03-22,2025-03-22T20:22:00,2025-03-22T20:24:00,0
00662113,Cloverfield Lane,2025-03-22,2025-03-22T20:41:00,2025-03-22T20:38:00,5
00113147,Bradshaw Street,2025-03-22,2025-03-22T21:03:00,2025-03-22T21:00:00,0
00261521,Elm Street,2025-03-22,2025-03-22T21:07:00,2025-03-22T21:05:00,9
00113264,Ocean Avenue,2025-03-22,2025-03-22T21:12:00,2025-03-22T21:13:00,24
00115521,Jump Street,2025-03-22,2025-03-22T21:15:00,2025-03-22T21:20:00,14
00311532,Fury Road,2025-03-22,2025-03-22T21:22:00,2025-03-22T21:24:00,0
00662113,Cloverfield Lane,2025-03-22,2025-03-22T21:41:00,2025-03-22T21:41:00,1
00113147,Bradshaw Street,2025-03-23,2025-03-23T06:03:00,2025-03-23T06:02:00,5
00261521,Elm Street,2025-03-23,2025-03-23T06:07:00,2025-03-23T06:13:00,1
00113264,Ocean Avenue,2025-03-23,2025-03-23T06:12:00,2025-03-23T06:13:00,13
00115521,Jump Street,2025-03-23,2025-03-23T06:15:00,2025-03-23T06:20:00,0
00311532,Fury Road,2025-03-23,2025-03-23T06:22:00,2025-03-23T06:26:00,0
00662113,Cloverfield Lane,2025-03-23,2025-03-23T06:41:00,2025-03-23T06:38:00,0
00113147,Bradshaw Street,2025-03-23,2025-03-23T07:03:00,2025-03-23T06:59:00,23
00261521,Elm Street,2025-03-23,2025-03-23T07:07:00,none,0
00113264,Ocean Avenue,2025-03-23,2025-03-23T07:12:00,2025-03-23T07:13:00,9
00115521,Jump Street,2025-03-23,2025-03-23T07:15:00,2025-03-23T07:17:00,8
00311532,Fury Road,2025-03-23,2025-03-23T07:22:00,2025-03-23T07:25:00,1
00662113,Cloverfield Lane,2025-03-23,2025-03-23T07:41:00,2025-03-23T07:40:00,7
00113147,Bradshaw Street,2025-03-23,2025-03-23T08:03:00,2025-03-23T08:02:00,24
00261521,Elm Street,2025-03-23,2025-03-23T08:07:00,2025-03-23T08:07:00,18
00113264,Ocean Avenue,2025-03-23,2025-03-23T08:12:00,2025-03-23T08:14:00,16
00115521,Jump Street,2025-03-23,2025-03-23T08:15:00,2025-03-23T08:19:00,9
00311532,Fury Road,2025-03-23,2025-03-23T08:22:00,2025-03-23T08:23:00,7
00662113,Cloverfield Lane,2025-03-23,2025-03-23T08:41:00,2025-03-23T08:41:00,6
00113147,Bradshaw Street,2025-03-23,2025-03-23T09:03:00,2025-03-23T08:59:00,2
00261521,Elm Street,2025-03-23,2025-03-23T09:07:00,2025-03-23T09:08:00,36
00113264,Ocean Avenue,2025-03-23,2025-03-23T09:12:00,2025-03-23T09:10:00,21
00115521,Jump Street,2025-03-23,2025-03-23T09:15:00,2025-03-23T09:18:00,17
00311532,Fury Road,2025-03-23,2025-03-23T09:22:00,2025-03-23T09:29:00,1
00662113,Cloverfield Lane,2025-03-23,2025-03-23T09:41:00,2025-03-23T09:40:00,5
00113147,Bradshaw Street,2025-03-23,2025-03-23T10:03:00,2025-03-23T10:00:00,0
00261521,Elm Street,2025-03-23,2025-03-23T10:07:00,2025-03-23T10:06:00,24
00113264,Ocean Avenue,2025-03-23,2025-03-23T10:12:00,2025-03-23T10:14:00,18
00115521,Jump Street,2025-03-23,2025-03-23T10:15:00,2025-03-23T10:16:00,10
00311532,Fury Road,2025-03-23,2025-03-23T10:22:00,2025-03-23T10:24:00,5
00662113,Cloverfield Lane,2025-03-23,2025-03-23T10:41:00,2025-03-23T10:39:00,6
00113147,Bradshaw Street,2025-03-23,2025-03-23T11:03:00,2025-03-23T11:01:00,3
00261521,Elm Street,2025-03-23,2025-03-23T11:07:00,none,0
00113264,Ocean Avenue,2025-03-23,2025-03-23T11:12:00,2025-03-23T11:16:00,22
00115521,Jump Street,2025-03-23,2025-03-23T11:15:00,2025-03-23T11:20:00,11
00311532,Fury Road,2025-03-23,2025-03-23T11:22:00,2025-03-23T11:28:00,1
00662113,Cloverfield Lane,2025-03-23,2025-03-23T11:41:00,2025-03-23T11:40:00,1
00113147,Bradshaw Street,2025-03-23,2025-03-23T12:03:00,2025-03-23T12:01:00,0
00261521,Elm Street,2025-03-23,2025-03-23T12:07:00,2025-03-23T12:07:00,29
00113264,Ocean Avenue,2025-03-23,2025-03-23T12:12:00,2025-03-23T12:13:00,24
00115521,Jump Street,2025-03-23,2025-03-23T12:15:00,2025-03-23T12:22:00,2
00311532,Fury Road,2025-03-23,2025-03-23T12:22:00,2025-03-23T12:28:00,11
00662113,Cloverfield Lane,2025-03-23,2025-03-23T12:41:00,2025-03-23T12:37:00,1
00113147,Bradshaw Street,2025-03-23,2025-03-23T13:03:00,2025-03-23T12:58:00,17
00261521,Elm Street,2025-03-23,2025-03-23T13:07:00,2025-03-23T13:04:00,28
00113264,Ocean Avenue,2025-03-23,2025-03-23T13:12:00,2025-03-23T13:13:00,32
00115521,Jump Street,2025-03-23,2025-03-23T13:15:00,2025-03-23T13:18:00,12
00311532,Fury Road,2025-03-23,2025-03-23T13:22:00,2025-03-23T13:26:00,1
00662113,Cloverfield Lane,2025-03-23,2025-03-23T13:41:00,2025-03-23T13:44:00,4
00113147,Bradshaw Street,2025-03-23,2025-03-23T14:03:00,2025-03-23T13:59:00,8
00261521,Elm Street,2025-03-23,2025-03-23T14:07:00,2025-03-23T14:08:00,12
00113264,Ocean Avenue,2025-03-23,2025-03-23T14:12:00,2025-03-23T14:13:00,20
00115521,Jump Street,2025-03-23,2025-03-23T14:15:00,2025-03-23T14:20:00,11
00311532,Fury Road,2025-03-23,2025-03-23T14:22:00,2025-03-23T14:27:00,5
00662113,Cloverfield Lane,2025-03-23,2025-03-23T14:41:00,2025-03-23T14:41:00,5
00113147,Bradshaw Street,2025-03-23,2025-03-23T15:03:00,2025-03-23T14:57:00,10
00261521,Elm Street,2025-03-23,2025-03-23T15:07:00,2025-03-23T15:07:00,3
00113264,Ocean Avenue,2025-03-23,2025-03-23T15:12:00,2025-03-23T15:13:00,19
00115521,Jump Street,2025-03-23,2025-03-23T15:15:00,2025-03-23T15:20:00,9
00311532,Fury Road,2025-03-23,2025-03-23T15:22:00,2025-03-23T15:31:00,0
00662113,Cloverfield Lane,2025-03-23,2025-03-23T15:41:00,2025-03-23T15:36:00,1
00113147,Bradshaw Street,2025-03-23,2025-03-23T16:03:00,2025-03-23T15:59:00,15
00261521,Elm Street,2025-03-23,2025-03-23T16:07:00,2025-03-23T16:09:00,19
00113264,Ocean Avenue,2025-03-23,2025-03-23T16:12:00,2025-03-23T16:11:00,30
00115521,Jump Street,2025-03-23,2025-03-23T16:15:00,2025-03-23T16:18:00,28
00311532,Fury Road,2025-03-23,2025-03-23T16:22:00,2025-03-23T16:27:00,5
00662113,Cloverfield Lane,2025-03-23,2025-03-23T16:41:00,2025-03-23T16:40:00,1
00113147,Bradshaw Street,2025-03-23,2025-03-23T17:03:00,2025-03-23T17:00:00,6
00261521,Elm Street,2025-03-23,2025-03-23T17:07:00,2025-03-23T17:11:00,42
00113264,Ocean Avenue,2025-03-23,2025-03-23T17:12:00,2025-03-23T17:11:00,1
00115521,Jump Street,2025-03-23,2025-03-23T17:15:00,2025-03-23T17:18:00,33
00311532,Fury Road,2025-03-23,2025-03-23T17:22:00,2025-03-23T17:30:00,9
00662113,Cloverfield Lane,2025-03-23,2025-03-23T17:41:00,2025-03-23T17:40:00,2
00113147,Bradshaw Street,2025-03-23,2025-03-23T18:03:00,2025-03-23T17:59:00,21
00261521,Elm Street,2025-03-23,2025-03-23T18:07:00,2025-03-23T18:08:00,27
00113264,Ocean Avenue,2025-03-23,2025-03-23T18:12:00,2025-03-23T18:11:00,4
00115521,Jump Street,2025-03-23,2025-03-23T18:15:00,2025-03-23T18:20:00,21
00311532,Fury Road,2025-03-23,2025-03-23T18:22:00,2025-03-23T18:25:00,11
00662113,Cloverfield Lane,2025-03-23,2025-03-23T18:41:00,2025-03-23T18:39:00,8
00113147,Bradshaw Street,2025-03-23,2025-03-23T19:03:00,2025-03-23T18:59:00,16
00261521,Elm Street,2025-03-23,2025-03-23T19:07:00,2025-03-23T19:10:00,15
00113264,Ocean Avenue,2025-03-23,2025-03-23T19:12:00,2025-03-23T19:14:00,19
00115521,Jump Street,2025-03-23,2025-03-23T19:15:00,2025-03-23T19:20:00,10
00311532,Fury Road,2025-03-23,2025-03-23T19:22:00,2025-03-23T19:30:00,11
00662113,Cloverfield Lane,2025-03-23,2025-03-23T19:41:00,2025-03-23T19:39:00,7
00113147,Bradshaw Street,2025-03-23,2025-03-23T20:03:00,2025-03-23T20:02:00,0
00261521,Elm Street,2025-03-23,2025-03-23T20:07:00,2025-03-23T20:07:00,10
00113264,Ocean Avenue,2025-03-23,2025-03-23T20:12:00,2025-03-23T20:16:00,10
00115521,Jump Street,2025-03-23,2025-03-23T20:15:00,2025-03-23T20:16:00,2
00311532,Fury Road,2025-03-23,2025-03-23T20:22:00,2025-03-23T20:27:00,4
00662113,Cloverfield Lane,2025-03-23,2025-03-23T20:41:00,2025-03-23T20:40:00,3
00113147,Bradshaw Street,2025-03-23,2025-03-23T21:03:00,2025-03-23T20:59:00,2
00261521,Elm Street,2025-03-23,2025-03-23T21:07:00,2025-03-23T21:06:00,6
00113264,Ocean Avenue,2025-03-23,2025-03-23T21:12:00,2025-03-23T21:12:00,22
00115521,Jump Street,2025-03-23,2025-03-23T21:15:00,2025-03-23T21:18:00,10
00311532,Fury Road,2025-03-23,2025-03-23T21:22:00,2025-03-23T21:24:00,6
00662113,Cloverfield Lane,2025-03-23,2025-03-23T21:41:00,2025-03-23T21:40:00,3
00113147,Bradshaw Street,2025-03-24,2025-03-24T06:03:00,2025-03-24T05:58:00,9
00261521,Elm Street,2025-03-24,2025-03-24T06:07:00,2025-03-24T06:09:00,20
00113264,Ocean Avenue,2025-03-24,2025-03-24T06:12:00,2025-03-24T06:13:00,19
00115521,Jump Street,2025-03-24,2025-03-24T06:15:00,2025-03-24T06:16:00,19
00311532,Fury Road,2025-03-24,2025-03-24T06:22:00,2025-03-24T06:26:00,6
00662113,Cloverfield Lane,2025-03-24,2025-03-24T06:41:00,2025-03-24T06:42:00,14
00113147,Bradshaw Street,2025-03-24,2025-03-24T07:03:00,2025-03-24T06:59:00,23
00261521,Elm Street,2025-03-24,2025-03-24T07:07:00,2025-03-24T07:09:00,44
00113264,Ocean Avenue,2025-03-24,2025-03-24T07:12:00,2025-03-24T07:13:00,32
00115521,Jump Street,2025-03-24,2025-03-24T07:15:00,2025-03-24T07:20:00,26
00311532,Fury Road,2025-03-24,2025-03-24T07:22:00,2025-03-24T07:24:00,11
00662113,Cloverfield Lane,2025-03-24,2025-03-24T07:41:00,2025-03-24T07:39:00,7
00113147,Bradshaw Street,2025-03-24,2025-03-24T08:03:00,2025-03-24T08:02:00,19
00261521,Elm Street,2025-03-24,2025-03-24T08:07:00,2025-03-24T08:09:00,44
00113264,Ocean Avenue,2025-03-24,2025-03-24T08:12:00,2025-03-24T08:10:00,51
00115521,Jump Street,2025-03-24,2025-03-24T08:15:00,2025-03-24T08:20:00,25
00311532,Fury Road,2025-03-24,2025-03-24T08:22:00,2025-03-24T08:26:00,11
00662113,Cloverfield Lane,2025-03-24,2025-03-24T08:41:00,2025-03-24T08:40:00,1
00113147,Bradshaw Street,2025-03-24,2025-03-24T09:03:00,none,0
00261521,Elm Street,2025-03-24,2025-03-24T09:07:00,2025-03-24T09:08:00,60
00113264,Ocean Avenue,2025-03-24,2025-03-24T09:12:00,2025-03-24T09:13:00,45
00115521,Jump Street,2025-03-24,2025-03-24T09:15:00,2025-03-24T09:17:00,36
00311532,Fury Road,2025-03-24,2025-03-24T09:22:00,2025-03-24T09:23:00,9
00662113,Cloverfield Lane,2025-03-24,2025-03-24T09:41:00,2025-03-24T09:40:00,13
00113147,Bradshaw Street,2025-03-24,2025-03-24T10:03:00,2025-03-24T10:00:00,6
00261521,Elm Street,2025-03-24,2025-03-24T10:07:00,2025-03-24T10:07:00,21
00113264,Ocean Avenue,2025-03-24,2025-03-24T10:12:00,2025-03-24T10:10:00,20
00115521,Jump Street,2025-03-24,2025-03-24T10:15:00,2025-03-24T10:17:00,10
00311532,Fury Road,2025-03-24,2025-03-24T10:22:00,2025-03-24T10:28:00,6
00662113,Cloverfield Lane,2025-03-24,2025-03-24T10:41:00,2025-03-24T10:39:00,5
00113147,Bradshaw Street,2025-03-24,2025-03-24T11:03:00,2025-03-24T11:01:00,3
00261521,Elm Street,2025-03-24,2025-03-24T11:07:00,2025-03-24T11:07:00,31
00113264,Ocean Avenue,2025-03-24,2025-03-24T11:12:00,2025-03-24T11:15:00,33
00115521,Jump Street,2025-03-24,2025-03-24T11:15:00,2025-03-24T11:19:00,20
00311532,Fury Road,2025-03-24,2025-03-24T11:22:00,2025-03-24T11:30:00,9
00662113,Cloverfield Lane,2025-03-24,2025-03-24T11:41:00,2025-03-24T11:38:00,10
00113147,Bradshaw Street,2025-03-24,2025-03-24T12:03:00,2025-03-24T11:59:00,12
00261521,Elm Street,2025-03-24,2025-03-24T12:07:00,2025-03-24T12:09:00,36
00113264,Ocean Avenue,2025-03-24,2025-03-24T12:12:00,2025-03-24T12:15:00,16
00115521,Jump Street,2025-03-24,2025-03-24T12:15:00,2025-03-24T12:21:00,17
00311532,Fury Road,2025-03-24,2025-03-24T12:22:00,2025-03-24T12:31:00,6
00662113,Cloverfield Lane,2025-03-24,2025-03-24T12:41:00,2025-03-24T12:40:00,4
00113147,Bradshaw Street,2025-03-24,2025-03-24T13:03:00,2025-03-24T13:01:00,22
00261521,Elm Street,2025-03-24,2025-03-24T13:07:00,2025-03-24T13:09:00,32
00113264,Ocean Avenue,2025-03-24,2025-03-24T13:12:00,2025-03-24T13:13:00,16
00115521,Jump Street,2025-03-24,2025-03-24T13:15:00,2025-03-24T13:22:00,23
00311532,Fury Road,2025-03-24,2025-03-24T13:22:00,2025-03-24T13:25:00,13
00662113,Cloverfield Lane,2025-03-24,2025-03-24T13:41:00,2025-03-24T13:41:00,9
00113147,Bradshaw Street,2025-03-24,2025-03-24T14:03:00,2025-03-24T13:59:00,9
00261521,Elm Street,2025-03-24,2025-03-24T14:07:00,none,0
00113264,Ocean Avenue,2025-03-24,2025-03-24T14:12:00,2025-03-24T14:13:00,45
00115521,Jump Street,2025-03-24,2025-03-24T14:15:00,2025-03-24T14:18:00,6
00311532,Fury Road,2025-03-24,2025-03-24T14:22:00,2025-03-24T14:26:00,14
00662113,Cloverfield Lane,2025-03-24,2025-03-24T14:41:00,2025-03-24T14:41:00,0
00113147,Bradshaw Street,2025-03-24,2025-03-24T15:03:00,2025-03-24T14:58:00,10
00261521,Elm Street,2025-03-24,2025-03-24T15:07:00,2025-03-24T15:11:00,43
00113264,Ocean Avenue,2025-03-24,2025-03-24T15:12:00,2025-03-24T15:15:00,8
00115521,Jump Street,2025-03-24,2025-03-24T15:15:00,2025-03-24T15:16:00,26
00311532,Fury Road,2025-03-24,2025-03-24T15:22:00,2025-03-24T15:25:00,11
00662113,Cloverfield Lane,2025-03-24,2025-03-24T15:41:00,2025-03-24T15:38:00,7
00113147,Bradshaw Street,2025-03-24,2025-03-24T16:03:00,2025-03-24T15:59:00,28
00261521,Elm Street,2025-03-24,2025-03-24T16:07:00,2025-03-24T16:06:00,35
00113264,Ocean Avenue,2025-03-24,2025-03-24T16:12:00,2025-03-24T16:12:00,25
00115521,Jump Street,2025-03-24,2025-03-24T16:15:00,2025-03-24T16:16:00,33
00311532,Fury Road,2025-03-24,2025-03-24T16:22:00,2025-03-24T16:30:00,8
00662113,Cloverfield Lane,2025-03-24,2025-03-24T16:41:00,2025-03-24T16:40:00,5
00113147,Bradshaw Street,2025-03-24,2025-03-24T17:03:00,2025-03-24T17:01:00,12
00261521,Elm Street,2025-03-24,2025-03-24T17:07:00,2025-03-24T17:05:00,45
00113264,Ocean Avenue,2025-03-24,2025-03-24T17:12:00,2025-03-24T17:15:00,30
00115521,Jump Street,2025-03-24,2025-03-24T17:15:00,2025-03-24T17:22:00,31
00311532,Fury Road,2025-03-24,2025-03-24T17:22:00,2025-03-24T17:26:00,13
00662113,Cloverfield Lane,2025-03-24,2025-03-24T17:41:00,2025-03-24T17:37:00,0
00113147,Bradshaw Street,2025-03-24,2025-03-24T18:03:00,2025-03-24T18:01:00,6
00261521,Elm Street,2025-03-24,2025-03-24T18:07:00,2025-03-24T18:09:00,38
00113264,Ocean Avenue,2025-03-24,2025-03-24T18:12:00,2025-03-24T18:11:00,46
00115521,Jump Street,2025-03-24,2025-03-24T18:15:00,2025-03-24T18:18:00,28
00311532,Fury Road,2025-03-24,2025-03-24T18:22:00,2025-03-24T18:22:00,10
00662113,Cloverfield Lane,2025-03-24,2025-03-24T18:41:00,2025-03-24T18:38:00,7
00113147,Bradshaw Street,2025-03-24,2025-03-24T19:03:00,2025-03-24T18:59:00,19
00261521,Elm Street,2025-03-24,2025-03-24T19:07:00,2025-03-24T19:08:00,29
00113264,Ocean Avenue,2025-03-24,2025-03-24T19:12:00,2025-03-24T19:13:00,22
00115521,Jump Street,2025-03-24,2025-03-24T19:15:00,2025-03-24T19:20:00,19
00311532,Fury Road,2025-03-24,2025-03-24T19:22:00,2025-03-24T19:24:00,0
00662113,Cloverfield Lane,2025-03-24,2025-03-24T19:41:00,2025-03-24T19:38:00,10
00113147,Bradshaw Street,2025-03-24,2025-03-24T20:03:00,2025-03-24T20:02:00,10
00261521,Elm Street,2025-03-24,2025-03-24T20:07:00,2025-03-24T20:07:00,40
00113264,Ocean Avenue,2025-03-24,2025-03-24T20:12:00,2025-03-24T20:10:00,15
00115521,Jump Street,2025-03-24,2025-03-24T20:15:00,2025-03-24T20:16:00,25
00311532,Fury Road,2025-03-24,2025-03-24T20:22:00,2025-03-24T20:25:00,7
00662113,Cloverfield Lane,2025-03-24,2025-03-24T20:41:00,2025-03-24T20:38:00,3
00113147,Bradshaw Street,2025-03-24,2025-03-24T21:03:00,2025-03-24T21:01:00,11
00261521,Elm Street,2025-03-24,2025-03-24T21:07:00,2025-03-24T21:06:00,7
00113264,Ocean Avenue,2025-03-24,2025-03-24T21:12:00,2025-03-24T21:12:00,2
00115521,Jump Street,2025-03-24,2025-03-24T21:15:00,2025-03-24T21:21:00,18
00311532,Fury Road,2025-03-24,2025-03-24T21:22:00,2025-03-24T21:30:00,5
00662113,Cloverfield Lane,2025-03-24,2025-03-24T21:41:00,2025-03-24T21:39:00,5
00113147,Bradshaw Street,2025-03-25,2025-03-25T06:03:00,2025-03-25T05:57:00,9
00261521,Elm Street,2025-03-25,2025-03-25T06:07:00,2025-03-25T06:07:00,0
00113264,Ocean Avenue,2025-03-25,2025-03-25T06:12:00,2025-03-25T06:12:00,24
00115521,Jump Street,2025-03-25,2025-03-25T06:15:00,2025-03-25T06:20:00,21
00311532,Fury Road,2025-03-25,2025-03-25T06:22:00,2025-03-25T06:28:00,4
00662113,Cloverfield Lane,2025-03-25,2025-03-25T06:41:00,2025-03-25T06:40:00,2
00113147,Bradshaw Street,2025-03-25,2025-03-25T07:03:00,2025-03-25T07:00:00,25
00261521,Elm Street,2025-03-25,2025-03-25T07:07:00,2025-03-25T07:05:00,43
00113264,Ocean Avenue,2025-03-25,2025-03-25T07:12:00,2025-03-25T07:11:00,33
00115521,Jump Street,2025-03-25,2025-03-25T07:15:00,2025-03-25T07:20:00,31
00311532,Fury Road,2025-03-25,2025-03-25T07:22:00,2025-03-25T07:26:00,0
00662113,Cloverfield Lane,2025-03-25,2025-03-25T07:41:00,2025-03-25T07:40:00,9
00113147,Bradshaw Street,2025-03-25,2025-03-25T08:03:00,2025-03-25T07:59:00,26
00261521,Elm Street,2025-03-25,2025-03-25T08:07:00,2025-03-25T08:10:00,44
00113264,Ocean Avenue,2025-03-25,2025-03-25T08:12:00,2025-03-25T08:12:00,45
00115521,Jump Street,2025-03-25,2025-03-25T08:15:00,2025-03-25T08:18:00,21
00311532,Fury Road,2025-03-25,2025-03-25T08:22:00,2025-03-25T08:26:00,17
00662113,Cloverfield Lane,2025-03-25,2025-03-25T08:41:00,2025-03-25T08:41:00,7
00113147,Bradshaw Street,2025-03-25,2025-03-25T09:03:00,2025-03-25T09:02:00,25
00261521,Elm Street,2025-03-25,2025-03-25T09:07:00,2025-03-25T09:06:00,47
00113264,Ocean Avenue,2025-03-25,2025-03-25T09:12:00,2025-03-25T09:14:00,27
00115521,Jump Street,2025-03-25,2025-03-25T09:15:00,2025-03-25T09:18:00,25
00311532,Fury Road,2025-03-25,2025-03-25T09:22:00,2025-03-25T09:25:00,13
00662113,Cloverfield Lane,2025-03-25,2025-03-25T09:41:00,2025-03-25T09:41:00,7
00113147,Bradshaw Street,2025-03-25,2025-03-25T10:03:00,2025-03-25T10:00:00,8
00261521,Elm Street,2025-03-25,2025-03-25T10:07:00,2025-03-25T10:08:00,42
00113264,Ocean Avenue,2025-03-25,2025-03-25T10:12:00,2025-03-25T10:15:00,17
00115521,Jump Street,2025-03-25,2025-03-25T10:15:00,2025-03-25T10:18:00,14
00311532,Fury Road,2025-03-25,2025-03-25T10:22:00,2025-03-25T10:29:00,10
00662113,Cloverfield Lane,2025-03-25,2025-03-25T10:41:00,2025-03-25T10:40:00,5
00113147,Bradshaw Street,2025-03-25,2025-03-25T11:03:00,2025-03-25T10:59:00,9
00261521,Elm Street,2025-03-25,2025-03-25T11:07:00,2025-03-25T11:07:00,26
00113264,Ocean Avenue,2025-03-25,2025-03-25T11:12:00,2025-03-25T11:14:00,29
00115521,Jump Street,2025-03-25,2025-03-25T11:15:00,2025-03-25T11:19:00,18
00311532,Fury Road,2025-03-25,2025-03-25T11:22:00,2025-03-25T11:24:00,12
00662113,Cloverfield Lane,2025-03-25,2025-03-25T11:41:00,2025-03-25T11:39:00,6
00113147,Bradshaw Street,2025-03-25,2025-03-25T12:03:00,2025-03-25T11:58:00,17
00261521,Elm Street,2025-03-25,2025-03-25T12:07:00,2025-03-25T12:05:00,21
00113264,Ocean Avenue,2025-03-25,2025-03-25T12:12:00,2025-03-25T12:12:00,20
00115521,Jump Street,2025-03-25,2025-03-25T12:15:00,2025-03-25T12:20:00,21
00311532,Fury Road,2025-03-25,2025-03-25T12:22:00,2025-03-25T12:28:00,7
00662113,Cloverfield Lane,2025-03-25,2025-03-25T12:41:00,2025-03-25T12:37:00,8
00113147,Bradshaw Street,2025-03-25,2025-03-25T13:03:00,2025-03-25T12:58:00,19
00261521,Elm Street,2025-03-25,2025-03-25T13:07:00,2025-03-25T13:08:00,23
00113264,Ocean Avenue,2025-03-25,2025-03-25T13:12:00,2025-03-25T13:12:00,11
00115521,Jump Street,2025-03-25,2025-03-25T13:15:00,2025-03-25T13:17:00,29
00311532,Fury Road,2025-03-25,2025-03-25T13:22:00,2025-03-25T13:23:00,16
00662113,Cloverfield Lane,2025-03-25,2025-03-25T13:41:00,2025-03-25T13:39:00,10
00113147,Bradshaw Street,2025-03-25,2025-03-25T14:03:00,2025-03-25T14:00:00,17
00261521,Elm Street,2025-03-25,2025-03-25T14:07:00,2025-03-25T14:10:00,14
00113264,Ocean Avenue,2025-03-25,2025-03-25T14:12:00,2025-03-25T14:14:00,16
00115521,Jump Street,2025-03-25,2025-03-25T14:15:00,2025-03-25T14:18:00,4
00311532,Fury Road,2025-03-25,2025-03-25T14:22:00,2025-03-25T14:28:00,8
00662113,Cloverfield Lane,2025-03-25,2025-03-25T14:41:00,2025-03-25T14:40:00,10
00113147,Bradshaw Street,2025-03-25,2025-03-25T15:03:00,none,0
00261521,Elm Street,2025-03-25,2025-03-25T15:07:00,2025-03-25T15:07:00,13
00113264,Ocean Avenue,2025-03-25,2025-03-25T15:12:00,2025-03-25T15:12:00,16
00115521,Jump Street,2025-03-25,2025-03-25T15:15:00,2025-03-25T15:17:00,22
00311532,Fury Road,2025-03-25,2025-03-25T15:22:00,2025-03-25T15:23:00,7
00662113,Cloverfield Lane,2025-03-25,2025-03-25T15:41:00,2025-03-25T15:40:00,7
00113147,Bradshaw Street,2025-03-25,2025-03-25T16:03:00,2025-03-25T16:00:00,11
00261521,Elm Street,2025-03-25,2025-03-25T16:07:00,2025-03-25T16:07:00,26
00113264,Ocean Avenue,2025-03-25,2025-03-25T16:12:00,2025-03-25T16:13:00,29
00115521,Jump Street,2025-03-25,2025-03-25T16:15:00,2025-03-25T16:20:00,30
00311532,Fury Road,2025-03-25,2025-03-25T16:22:00,2025-03-25T16:25:00,18
00662113,Cloverfield Lane,2025-03-25,2025-03-25T16:41:00,2025-03-25T16:41:00,5
00113147,Bradshaw Street,2025-03-25,2025-03-25T17:03:00,2025-03-25T16:59:00,12
00261521,Elm Street,2025-03-25,2025-03-25T17:07:00,2025-03-25T17:11:00,54
00113264,Ocean Avenue,2025-03-25,2025-03-25T17:12:00,2025-03-25T17:16:00,45
00115521,Jump Street,2025-03-25,2025-03-25T17:15:00,2025-03-25T17:20:00,23
00311532,Fury Road,2025-03-25,2025-03-25T17:22:00,2025-03-25T17:26:00,7
00662113,Cloverfield Lane,2025-03-25,2025-03-25T17:41:00,2025-03-25T17:39:00,4
00113147,Bradshaw Street,2025-03-25,2025-03-25T18:03:00,2025-03-25T18:00:00,23
00261521,Elm Street,2025-03-25,2025-03-25T18:07:00,2025-03-25T18:11:00,26
00113264,Ocean Avenue,2025-03-25,2025-03-25T18:12:00,2025-03-25T18:12:00,25
00115521,Jump Street,2025-03-25,2025-03-25T18:15:00,2025-03-25T18:21:00,41
00311532,Fury Road,2025-03-25,2025-03-25T18:22:00,2025-03-25T18:25:00,15
00662113,Cloverfield Lane,2025-03-25,2025-03-25T18:41:00,2025-03-25T18:39:00,6
00113147,Bradshaw Street,2025-03-25,2025-03-25T19:03:00,2025-03-25T19:00:00,1
00261521,Elm Street,2025-03-25,2025-03-25T19:07:00,2025-03-25T19:09:00,0
00113264,Ocean Avenue,2025-03-25,2025-03-25T19:12:00,2025-03-25T19:12:00,21
00115521,Jump Street,2025-03-25,2025-03-25T19:15:00,2025-03-25T19:18:00,20
00311532,Fury Road,2025-03-25,2025-03-25T19:22:00,2025-03-25T19:26:00,4
00662113,Cloverfield Lane,2025-03-25,2025-03-25T19:41:00,2025-03-25T19:40:00,7
00113147,Bradshaw Street,2025-03-25,2025-03-25T20:03:00,2025-03-25T20:01:00,6
00261521,Elm Street,2025-03-25,2025-03-25T20:07:00,2025-03-25T20:10:00,20
00113264,Ocean Avenue,2025-03-25,2025-03-25T20:12:00,2025-03-25T20:16:00,8
00115521,Jump Street,2025-03-25,2025-03-25T20:15:00,2025-03-25T20:16:00,11
00311532,Fury Road,2025-03-25,2025-03-25T20:22:00,2025-03-25T20:29:00,10
00662113,Cloverfield Lane,2025-03-25,2025-03-25T20:41:00,2025-03-25T20:40:00,6
00113147,Bradshaw Street,2025-03-25,2025-03-25T21:03:00,2025-03-25T21:00:00,17
00261521,Elm Street,2025-03-25,2025-03-25T21:07:00,2025-03-25T21:07:00,28
00113264,Ocean Avenue,2025-03-25,2025-03-25T21:12:00,2025-03-25T21:11:00,26
00115521,Jump Street,2025-03-25,2025-03-25T21:15:00,2025-03-25T21:17:00,8
00311532,Fury Road,2025-03-25,2025-03-25T21:22:00,2025-03-25T21:24:00,9
00662113,Cloverfield Lane,2025-03-25,2025-03-25T21:41:00,2025-03-25T21:40:00,4
00113147,Bradshaw Street,2025-03-26,2025-03-26T06:03:00,2025-03-26T06:02:00,23
00261521,Elm Street,2025-03-26,2025-03-26T06:07:00,2025-03-26T06:08:00,30
00113264,Ocean Avenue,2025-03-26,2025-03-26T06:12:00,2025-03-26T06:13:00,9
00115521,Jump Street,2025-03-26,2025-03-26T06:15:00,2025-03-26T06:18:00,9
00311532,Fury Road,2025-03-26,2025-03-26T06:22:00,2025-03-26T06:26:00,5
00662113,Cloverfield Lane,2025-03-26,2025-03-26T06:41:00,2025-03-26T06:37:00,5
00113147,Bradshaw Street,2025-03-26,2025-03-26T07:03:00,2025-03-26T06:59:00,14
00261521,Elm Street,2025-03-26,2025-03-26T07:07:00,2025-03-26T07:08:00,51
00113264,Ocean Avenue,2025-03-26,2025-03-26T07:12:00,2025-03-26T07:15:00,44
00115521,Jump Street,2025-03-26,2025-03-26T07:15:00,2025-03-26T07:20:00,19
00311532,Fury Road,2025-03-26,2025-03-26T07:22:00,2025-03-26T07:30:00,9
00662113,Cloverfield Lane,2025-03-26,2025-03-26T07:41:00,2025-03-26T07:39:00,6
00113147,Bradshaw Street,2025-03-26,2025-03-26T08:03:00,2025-03-26T08:00:00,23
00261521,Elm Street,2025-03-26,2025-03-26T08:07:00,2025-03-26T08:05:00,60
00113264,Ocean Avenue,2025-03-26,2025-03-26T08:12:00,2025-03-26T08:13:00,30
00115521,Jump Street,2025-03-26,2025-03-26T08:15:00,2025-03-26T08:19:00,15
00311532,Fury Road,2025-03-26,2025-03-26T08:22:00,2025-03-26T08:28:00,3
00662113,Cloverfield Lane,2025-03-26,2025-03-26T08:41:00,2025-03-26T08:40:00,5
00113147,Bradshaw Street,2025-03-26,2025-03-26T09:03:00,2025-03-26T08:59:00,19
00261521,Elm Street,2025-03-26,2025-03-26T09:07:00,2025-03-26T09:09:00,59
00113264,Ocean Avenue,2025-03-26,2025-03-26T09:12:00,2025-03-26T09:12:00,27
00115521,Jump Street,2025-03-26,2025-03-26T09:15:00,2025-03-26T09:19:00,20
00311532,Fury Road,2025-03-26,2025-03-26T09:22:00,2025-03-26T09:29:00,4
00662113,Cloverfield Lane,2025-03-26,2025-03-26T09:41:00,2025-03-26T09:40:00,9
00113147,Bradshaw Street,2025-03-26,2025-03-26T10:03:00,2025-03-26T10:00:00,21
00261521,Elm Street,2025-03-26,2025-03-26T10:07:00,2025-03-26T10:09:00,16
00113264,Ocean Avenue,2025-03-26,2025-03-26T10:12:00,2025-03-26T10:13:00,22
00115521,Jump Street,2025-03-26,2025-03-26T10:15:00,2025-03-26T10:21:00,27
00311532,Fury Road,2025-03-26,2025-03-26T10:22:00,2025-03-26T10:28:00,12
00662113,Cloverfield Lane,2025-03-26,2025-03-26T10:41:00,2025-03-26T10:39:00,3
00113147,Bradshaw Street,2025-03-26,2025-03-26T11:03:00,2025-03-26T11:00:00,1
00261521,Elm Street,2025-03-26,2025-03-26T11:07:00,2025-03-26T11:07:00,45
00113264,Ocean Avenue,2025-03-26,2025-03-26T11:12:00,2025-03-26T11:11:00,26
00115521,Jump Street,2025-03-26,2025-03-26T11:15:00,2025-03-26T11:23:00,14
00311532,Fury Road,2025-03-26,2025-03-26T11:22:00,2025-03-26T11:29:00,10
00662113,Cloverfield Lane,2025-03-26,2025-03-26T11:41:00,2025-03-26T11:40:00,6
00113147,Bradshaw Street,2025-03-26,2025-03-26T12:03:00,2025-03-26T11:58:00,6
00261521,Elm Street,2025-03-26,2025-03-26T12:07:00,2025-03-26T12:12:00,36
00113264,Ocean Avenue,2025-03-26,2025-03-26T12:12:00,2025-03-26T12:14:00,33
00115521,Jump Street,2025-03-26,2025-03-26T12:15:00,2025-03-26T12:20:00,17
00311532,Fury Road,2025-03-26,2025-03-26T12:22:00,2025-03-26T12:25:00,15
00662113,Cloverfield Lane,2025-03-26,2025-03-26T12:41:00,2025-03-26T12:39:00,5
00113147,Bradshaw Street,2025-03-26,2025-03-26T13:03:00,2025-03-26T13:00:00,19
00261521,Elm Street,2025-03-26,2025-03-26T13:07:00,2025-03-26T13:09:00,28
00113264,Ocean Avenue,2025-03-26,2025-03-26T13:12:00,2025-03-26T13:10:00,24
00115521,Jump Street,2025-03-26,2025-03-26T13:15:00,2025-03-26T13:15:00,0
00311532,Fury Road,2025-03-26,2025-03-26T13:22:00,2025-03-26T13:30:00,7
00662113,Cloverfield Lane,2025-03-26,2025-03-26T13:41:00,2025-03-26T13:39:00,7
00113147,Bradshaw Street,2025-03-26,2025-03-26T14:03:00,2025-03-26T14:01:00,10
00261521,Elm Street,2025-03-26,2025-03-26T14:07:00,2025-03-26T14:08:00,35
00113264,Ocean Avenue,2025-03-26,2025-03-26T14:12:00,2025-03-26T14:15:00,14
00115521,Jump Street,2025-03-26,2025-03-26T14:15:00,2025-03-26T14:17:00,18
00311532,Fury Road,2025-03-26,2025-03-26T14:22:00,2025-03-26T14:26:00,2
00662113,Cloverfield Lane,2025-03-26,2025-03-26T14:41:00,2025-03-26T14:43:00,8
00113147,Bradshaw Street,2025-03-26,2025-03-26T15:03:00,2025-03-26T14:59:00,22
00261521,Elm Street,2025-03-26,2025-03-26T15:07:00,2025-03-26T15:06:00,15
00113264,Ocean Avenue,2025-03-26,2025-03-26T15:12:00,2025-03-26T15:17:00,9
00115521,Jump Street,2025-03-26,2025-03-26T15:15:00,2025-03-26T15:21:00,18
00311532,Fury Road,2025-03-26,2025-03-26T15:22:00,2025-03-26T15:27:00,8
00662113,Cloverfield Lane,2025-03-26,2025-03-26T15:41:00,2025-03-26T15:39:00,8
00113147,Bradshaw Street,2025-03-26,2025-03-26T16:03:00,2025-03-26T15:59:00,16
00261521,Elm Street,2025-03-26,2025-03-26T16:07:00,2025-03-26T16:07:00,26
00113264,Ocean Avenue,2025-03-26,2025-03-26T16:12:00,2025-03-26T16:16:00,29
00115521,Jump Street,2025-03-26,2025-03-26T16:15:00,2025-03-26T16:17:00,37
00311532,Fury Road,2025-03-26,2025-03-26T16:22:00,2025-03-26T16:28:00,14
00662113,Cloverfield Lane,2025-03-26,2025-03-26T16:41:00,2025-03-26T16:38:00,7
00113147,Bradshaw Street,2025-03-26,2025-03-26T17:03:00,2025-03-26T16:59:00,27
00261521,Elm Street,2025-03-26,2025-03-26T17:07:00,2025-03-26T17:08:00,32
00113264,Ocean Avenue,2025-03-26,2025-03-26T17:12:00,2025-03-26T17:12:00,32
00115521,Jump Street,2025-03-26,2025-03-26T17:15:00,2025-03-26T17:19:00,33
00311532,Fury Road,2025-03-26,2025-03-26T17:22:00,2025-03-26T17:25:00,12
00662113,Cloverfield Lane,2025-03-26,2025-03-26T17:41:00,2025-03-26T17:40:00,9
00113147,Bradshaw Street,2025-03-26,2025-03-26T18:03:00,2025-03-26T18:00:00,14
00261521,Elm Street,2025-03-26,2025-03-26T18:07:00,2025-03-26T18:06:00,38
00113264,Ocean Avenue,2025-03-26,2025-03-26T18:12:00,2025-03-26T18:14:00,10
00115521,Jump Street,2025-03-26,2025-03-26T18:15:00,2025-03-26T18:20:00,41
00311532,Fury Road,2025-03-26,2025-03-26T18:22:00,2025-03-26T18:27:00,9
00662113,Cloverfield Lane,2025-03-26,2025-03-26T18:41:00,2025-03-26T18:39:00,6
00113147,Bradshaw Street,2025-03-26,2025-03-26T19:03:00,2025-03-26T19:00:00,10
00261521,Elm Street,2025-03-26,2025-03-26T19:07:00,2025-03-26T19:05:00,22
00113264,Ocean Avenue,2025-03-26,2025-03-26T19:12:00,2025-03-26T19:14:00,9
00115521,Jump Street,2025-03-26,2025-03-26T19:15:00,2025-03-26T19:17:00,28
00311532,Fury Road,2025-03-26,2025-03-26T19:22:00,2025-03-26T19:30:00,18
00662113,Cloverfield Lane,2025-03-26,2025-03-26T19:41:00,2025-03-26T19:39:00,5
00113147,Bradshaw Street,2025-03-26,2025-03-26T20:03:00,2025-03-26T19:59:00,15
00261521,Elm Street,2025-03-26,2025-03-26T20:07:00,2025-03-26T20:06:00,18
00113264,Ocean Avenue,2025-03-26,2025-03-26T20:12:00,2025-03-26T20:13:00,23
00115521,Jump Street,2025-03-26,2025-03-26T20:15:00,2025-03-26T20:19:00,1
00311532,Fury Road,2025-03-26,2025-03-26T20:22:00,2025-03-26T20:25:00,11
00662113,Cloverfield Lane,2025-03-26,2025-03-26T20:41:00,2025-03-26T20:39:00,7
00113147,Bradshaw Street,2025-03-26,2025-03-26T21:03:00,2025-03-26T21:05:00,9
00261521,Elm Street,2025-03-26,2025-03-26T21:07:00,2025-03-26T21:09:00,29
00113264,Ocean Avenue,2025-03-26,2025-03-26T21:12:00,2025-03-26T21:12:00,13
00115521,Jump Street,2025-03-26,2025-03-26T21:15:00,2025-03-26T21:19:00,7
00311532,Fury Road,2025-03-26,2025-03-26T21:22:00,2025-03-26T21:24:00,14
00662113,Cloverfield Lane,2025-03-26,2025-03-26T21:41:00,2025-03-26T21:41:00,8
00113147,Bradshaw Street,2025-03-27,2025-03-27T06:03:00,2025-03-27T06:02:00,1
00261521,Elm Street,2025-03-27,2025-03-27T06:07:00,2025-03-27T06:07:00,0
00113264,Ocean Avenue,2025-03-27,2025-03-27T06:12:00,2025-03-27T06:12:00,14
00115521,Jump Street,2025-03-27,2025-03-27T06:15:00,2025-03-27T06:18:00,9
00311532,Fury Road,2025-03-27,2025-03-27T06:22:00,2025-03-27T06:24:00,0
00662113,Cloverfield Lane,2025-03-27,2025-03-27T06:41:00,2025-03-27T06:39:00,4
00113147,Bradshaw Street,2025-03-27,2025-03-27T07:03:00,2025-03-27T07:00:00,30
00261521,Elm Street,2025-03-27,2025-03-27T07:07:00,none,0
00113264,Ocean Avenue,2025-03-27,2025-03-27T07:12:00,2025-03-27T07:13:00,45
00115521,Jump Street,2025-03-27,2025-03-27T07:15:00,2025-03-27T07:19:00,28
00311532,Fury Road,2025-03-27,2025-03-27T07:22:00,2025-03-27T07:29:00,7
00662113,Cloverfield Lane,2025-03-27,2025-03-27T07:41:00,2025-03-27T07:38:00,11
00113147,Bradshaw Street,2025-03-27,2025-03-27T08:03:00,2025-03-27T08:01:00,17
00261521,Elm Street,2025-03-27,2025-03-27T08:07:00,2025-03-27T08:08:00,57
00113264,Ocean Avenue,2025-03-27,2025-03-27T08:12:00,2025-03-27T08:12:00,36
00115521,Jump Street,2025-03-27,2025-03-27T08:15:00,2025-03-27T08:21:00,25
00311532,Fury Road,2025-03-27,2025-03-27T08:22:00,2025-03-27T08:29:00,11
00662113,Cloverfield Lane,2025-03-27,2025-03-27T08:41:00,2025-03-27T08:41:00,3
00113147,Bradshaw Street,2025-03-27,2025-03-27T09:03:00,2025-03-27T08:59:00,26
00261521,Elm Street,2025-03-27,2025-03-27T09:07:00,2025-03-27T09:08:00,60
00113264,Ocean Avenue,2025-03-27,2025-03-27T09:12:00,2025-03-27T09:12:00,39
00115521,Jump Street,2025-03-27,2025-03-27T09:15:00,2025-03-27T09:19:00,25
00311532,Fury Road,2025-03-27,2025-03-27T09:22:00,2025-03-27T09:26:00,12
00662113,Cloverfield Lane,2025-03-27,2025-03-27T09:41:00,2025-03-27T09:39:00,2
00113147,Bradshaw Street,2025-03-27,2025-03-27T10:03:00,2025-03-27T09:59:00,10
00261521,Elm Street,2025-03-27,2025-03-27T10:07:00,2025-03-27T10:09:00,19
00113264,Ocean Avenue,2025-03-27,2025-03-27T10:12:00,2025-03-27T10:11:00,28
00115521,Jump Street,2025-03-27,2025-03-27T10:15:00,2025-03-27T10:23:00,8
00311532,Fury Road,2025-03-27,2025-03-27T10:22:00,2025-03-27T10:26:00,13
00662113,Cloverfield Lane,2025-03-27,2025-03-27T10:41:00,2025-03-27T10:42:00,2
00113147,Bradshaw Street,2025-03-27,2025-03-27T11:03:00,2025-03-27T10:57:00,10
00261521,Elm Street,2025-03-27,2025-03-27T11:07:00,2025-03-27T11:08:00,34
00113264,Ocean Avenue,2025-03-27,2025-03-27T11:12:00,2025-03-27T11:14:00,27
00115521,Jump Street,2025-03-27,2025-03-27T11:15:00,2025-03-27T11:17:00,13
00311532,Fury Road,2025-03-27,2025-03-27T11:22:00,2025-03-27T11:27:00,8
00662113,Cloverfield Lane,2025-03-27,2025-03-27T11:41:00,2025-03-27T11:42:00,5
00113147,Bradshaw Street,2025-03-27,2025-03-27T12:03:00,2025-03-27T12:01:00,16
00261521,Elm Street,2025-03-27,2025-03-27T12:07:00,2025-03-27T12:08:00,30
00113264,Ocean Avenue,2025-03-27,2025-03-27T12:12:00,2025-03-27T12:14:00,16
00115521,Jump Street,2025-03-27,2025-03-27T12:15:00,2025-03-27T12:20:00,15
00311532,Fury Road,2025-03-27,2025-03-27T12:22:00,2025-03-27T12:23:00,4
00662113,Cloverfield Lane,2025-03-27,2025-03-27T12:41:00,2025-03-27T12:39:00,8
00113147,Bradshaw Street,2025-03-27,2025-03-27T13:03:00,2025-03-27T12:59:00,24
00261521,Elm Street,2025-03-27,2025-03-27T13:07:00,2025-03-27T13:08:00,28
00113264,Ocean Avenue,2025-03-27,2025-03-27T13:12:00,2025-03-27T13:11:00,27
00115521,Jump Street,2025-03-27,2025-03-27T13:15:00,2025-03-27T13:19:00,17
00311532,Fury Road,2025-03-27,2025-03-27T13:22:00,2025-03-27T13:27:00,6
00662113,Cloverfield Lane,2025-03-27,2025-03-27T13:41:00,2025-03-27T13:40:00,3
00113147,Bradshaw Street,2025-03-27,2025-03-27T14:03:00,2025-03-27T14:01:00,12
00261521,Elm Street,2025-03-27,2025-03-27T14:07:00,2025-03-27T14:07:00,35
00113264,Ocean Avenue,2025-03-27,2025-03-27T14:12:00,2025-03-27T14:12:00,24
00115521,Jump Street,2025-03-27,2025-03-27T14:15:00,2025-03-27T14:17:00,28
00311532,Fury Road,2025-03-27,2025-03-27T14:22:00,2025-03-27T14:29:00,13
00662113,Cloverfield Lane,2025-03-27,2025-03-27T14:41:00,2025-03-27T14:40:00,6
00113147,Bradshaw Street,2025-03-27,2025-03-27T15:03:00,2025-03-27T14:59:00,16
00261521,Elm Street,2025-03-27,2025-03-27T15:07:00,2025-03-27T15:10:00,37
00113264,Ocean Avenue,2025-03-27,2025-03-27T15:12:00,2025-03-27T15:11:00,24
00115521,Jump Street,2025-03-27,2025-03-27T15:15:00,2025-03-27T15:21:00,17
00311532,Fury Road,2025-03-27,2025-03-27T15:22:00,2025-03-27T15:27:00,1
00662113,Cloverfield Lane,2025-03-27,2025-03-27T15:41:00,2025-03-27T15:39:00,8
00113147,Bradshaw Street,2025-03-27,2025-03-27T16:03:00,2025-03-27T15:58:00,19
00261521,Elm Street,2025-03-27,2025-03-27T16:07:00,2025-03-27T16:11:00,44
00113264,Ocean Avenue,2025-03-27,2025-03-27T16:12:00,2025-03-27T16:14:00,32
00115521,Jump Street,2025-03-27,2025-03-27T16:15:00,2025-03-27T16:21:00,38
00311532,Fury Road,2025-03-27,2025-03-27T16:22:00,2025-03-27T16:28:00,8
00662113,Cloverfield Lane,2025-03-27,2025-03-27T16:41:00,2025-03-27T16:39:00,6
00113147,Bradshaw Street,2025-03-27,2025-03-27T17:03:00,2025-03-27T17:00:00,21
00261521,Elm Street,2025-03-27,2025-03-27T17:07:00,2025-03-27T17:08:00,40
00113264,Ocean Avenue,2025-03-27,2025-03-27T17:12:00,2025-03-27T17:10:00,38
00115521,Jump Street,2025-03-27,2025-03-27T17:15:00,2025-03-27T17:15:00,26
00311532,Fury Road,2025-03-27,2025-03-27T17:22:00,2025-03-27T17:29:00,3
00662113,Cloverfield Lane,2025-03-27,2025-03-27T17:41:00,2025-03-27T17:42:00,5
00113147,Bradshaw Street,2025-03-27,2025-03-27T18:03:00,2025-03-27T18:01:00,20
00261521,Elm Street,2025-03-27,2025-03-27T18:07:00,2025-03-27T18:07:00,44
00113264,Ocean Avenue,2025-03-27,2025-03-27T18:12:00,2025-03-27T18:11:00,12
00115521,Jump Street,2025-03-27,2025-03-27T18:15:00,2025-03-27T18:15:00,32
00311532,Fury Road,2025-03-27,2025-03-27T18:22:00,2025-03-27T18:30:00,5
00662113,Cloverfield Lane,2025-03-27,2025-03-27T18:41:00,2025-03-27T18:43:00,6
00113147,Bradshaw Street,2025-03-27,2025-03-27T19:03:00,2025-03-27T19:00:00,9
00261521,Elm Street,2025-03-27,2025-03-27T19:07:00,2025-03-27T19:10:00,38
00113264,Ocean Avenue,2025-03-27,2025-03-27T19:12:00,2025-03-27T19:15:00,29
00115521,Jump Street,2025-03-27,2025-03-27T19:15:00,2025-03-27T19:16:00,23
00311532,Fury Road,2025-03-27,2025-03-27T19:22:00,2025-03-27T19:23:00,9
00662113,Cloverfield Lane,2025-03-27,2025-03-27T19:41:00,2025-03-27T19:41:00,2
00113147,Bradshaw Street,2025-03-27,2025-03-27T20:03:00,2025-03-27T20:01:00,11
00261521,Elm Street,2025-03-27,2025-03-27T20:07:00,2025-03-27T20:10:00,11
00113264,Ocean Avenue,2025-03-27,2025-03-27T20:12:00,2025-03-27T20:13:00,20
00115521,Jump Street,2025-03-27,2025-03-27T20:15:00,2025-03-27T20:23:00,17
00311532,Fury Road,2025-03-27,2025-03-27T20:22:00,2025-03-27T20:25:00,12
00662113,Cloverfield Lane,2025-03-27,2025-03-27T20:41:00,2025-03-27T20:39:00,0
00113147,Bradshaw Street,2025-03-27,2025-03-27T21:03:00,2025-03-27T21:00:00,6
00261521,Elm Street,2025-03-27,2025-03-27T21:07:00,2025-03-27T21:05:00,30
00113264,Ocean Avenue,2025-03-27,2025-03-27T21:12:00,2025-03-27T21:13:00,15
00115521,Jump Street,2025-03-27,2025-03-27T21:15:00,2025-03-27T21:18:00,18
00311532,Fury Road,2025-03-27,2025-03-27T21:22:00,2025-03-27T21:26:00,5
00662113,Cloverfield Lane,2025-03-27,2025-03-27T21:41:00,2025-03-27T21:42:00,3
00113147,Bradshaw Street,2025-03-28,2025-03-28T06:03:00,2025-03-28T06:00:00,9
00261521,Elm Street,2025-03-28,2025-03-28T06:07:00,2025-03-28T06:10:00,21
00113264,Ocean Avenue,2025-03-28,2025-03-28T06:12:00,2025-03-28T06:14:00,15
00115521,Jump Street,2025-03-28,2025-03-28T06:15:00,2025-03-28T06:19:00,4
00311532,Fury Road,2025-03-28,2025-03-28T06:22:00,2025-03-28T06:25:00,7
00662113,Cloverfield Lane,2025-03-28,2025-03-28T06:41:00,2025-03-28T06:41:00,0
00113147,Bradshaw Street,2025-03-28,2025-03-28T07:03:00,2025-03-28T07:00:00,23
00261521,Elm Street,2025-03-28,2025-03-28T07:07:00,2025-03-28T07:07:00,58
00113264,Ocean Avenue,2025-03-28,2025-03-28T07:12:00,2025-03-28T07:11:00,45
00115521,Jump Street,2025-03-28,2025-03-28T07:15:00,2025-03-28T07:20:00,12
00311532,Fury Road,2025-03-28,2025-03-28T07:22:00,2025-03-28T07:29:00,10
00662113,Cloverfield Lane,2025-03-28,2025-03-28T07:41:00,2025-03-28T07:41:00,7
00113147,Bradshaw Street,2025-03-28,2025-03-28T08:03:00,2025-03-28T08:03:00,27
00261521,Elm Street,2025-03-28,2025-03-28T08:07:00,2025-03-28T08:09:00,48
00113264,Ocean Avenue,2025-03-28,2025-03-28T08:12:00,2025-03-28T08:15:00,35
00115521,Jump Street,2025-03-28,2025-03-28T08:15:00,2025-03-28T08:21:00,30
00311532,Fury Road,2025-03-28,2025-03-28T08:22:00,2025-03-28T08:23:00,17
00662113,Cloverfield Lane,2025-03-28,2025-03-28T08:41:00,2025-03-28T08:39:00,11
00113147,Bradshaw Street,2025-03-28,2025-03-28T09:03:00,2025-03-28T08:59:00,22
00261521,Elm Street,2025-03-28,2025-03-28T09:07:00,2025-03-28T09:09:00,46
00113264,Ocean Avenue,2025-03-28,2025-03-28T09:12:00,2025-03-28T09:15:00,35
00115521,Jump Street,2025-03-28,2025-03-28T09:15:00,2025-03-28T09:20:00,23
00311532,Fury Road,2025-03-28,2025-03-28T09:22:00,2025-03-28T09:28:00,17
00662113,Cloverfield Lane,2025-03-28,2025-03-28T09:41:00,2025-03-28T09:40:00,8
00113147,Bradshaw Street,2025-03-28,2025-03-28T10:03:00,2025-03-28T09:59:00,16
00261521,Elm Street,2025-03-28,2025-03-28T10:07:00,none,0
00113264,Ocean Avenue,2025-03-28,2025-03-28T10:12:00,2025-03-28T10:11:00,19
00115521,Jump Street,2025-03-28,2025-03-28T10:15:00,2025-03-28T10:19:00,19
00311532,Fury Road,2025-03-28,2025-03-28T10:22:00,2025-03-28T10:25:00,0
00662113,Cloverfield Lane,2025-03-28,2025-03-28T10:41:00,2025-03-28T10:39:00,13
00113147,Bradshaw Street,2025-03-28,2025-03-28T11:03:00,2025-03-28T11:03:00,13
00261521,Elm Street,2025-03-28,2025-03-28T11:07:00,2025-03-28T11:10:00,30
00113264,Ocean Avenue,2025-03-28,2025-03-28T11:12:00,2025-03-28T11:11:00,34
00115521,Jump Street,2025-03-28,2025-03-28T11:15:00,2025-03-28T11:19:00,10
00311532,Fury Road,2025-03-28,2025-03-28T11:22:00,2025-03-28T11:28:00,9
00662113,Cloverfield Lane,2025-03-28,2025-03-28T11:41:00,2025-03-28T11:39:00,8
00113147,Bradshaw Street,2025-03-28,2025-03-28T12:03:00,2025-03-28T11:56:00,18
00261521,Elm Street,2025-03-28,2025-03-28T12:07:00,2025-03-28T12:04:00,34
00113264,Ocean Avenue,2025-03-28,2025-03-28T12:12:00,2025-03-28T12:12:00,27
00115521,Jump Street,2025-03-28,2025-03-28T12:15:00,2025-03-28T12:18:00,21
00311532,Fury Road,2025-03-28,2025-03-28T12:22:00,2025-03-28T12:28:00,9
00662113,Cloverfield Lane,2025-03-28,2025-03-28T12:41:00,2025-03-28T12:39:00,4
00113147,Bradshaw Street,2025-03-28,2025-03-28T13:03:00,2025-03-28T12:57:00,18
00261521,Elm Street,2025-03-28,2025-03-28T13:07:00,2025-03-28T13:07:00,19
00113264,Ocean Avenue,2025-03-28,2025-03-28T13:12:00,2025-03-28T13:15:00,26
00115521,Jump Street,2025-03-28,2025-03-28T13:15:00,2025-03-28T13:15:00,12
00311532,Fury Road,2025-03-28,2025-03-28T13:22:00,2025-03-28T13:24:00,1
00662113,Cloverfield Lane,2025-03-28,2025-03-28T13:41:00,2025-03-28T13:42:00,5
00113147,Bradshaw Street,2025-03-28,2025-03-28T14:03:00,2025-03-28T14:00:00,12
00261521,Elm Street,2025-03-28,2025-03-28T14:07:00,2025-03-28T14:09:00,27
00113264,Ocean Avenue,2025-03-28,2025-03-28T14:12:00,2025-03-28T14:09:00,6
00115521,Jump Street,2025-03-28,2025-03-28T14:15:00,2025-03-28T14:14:00,17
00311532,Fury Road,2025-03-28,2025-03-28T14:22:00,2025-03-28T14:30:00,0
00662113,Cloverfield Lane,2025-03-28,2025-03-28T14:41:00,2025-03-28T14:40:00,6
00113147,Bradshaw Street,2025-03-28,2025-03-28T15:03:00,2025-03-28T14:59:00,10
00261521,Elm Street,2025-03-28,2025-03-28T15:07:00,2025-03-28T15:11:00,21
00113264,Ocean Avenue,2025-03-28,2025-03-28T15:12:00,2025-03-28T15:14:00,25
00115521,Jump Street,2025-03-28,2025-03-28T15:15:00,2025-03-28T15:21:00,31
00311532,Fury Road,2025-03-28,2025-03-28T15:22:00,2025-03-28T15:28:00,7
00662113,Cloverfield Lane,2025-03-28,2025-03-28T15:41:00,2025-03-28T15:40:00,6
00113147,Bradshaw Street,2025-03-28,2025-03-28T16:03:00,2025-03-28T15:57:00,6
00261521,Elm Street,2025-03-28,2025-03-28T16:07:00,2025-03-28T16:05:00,34
00113264,Ocean Avenue,2025-03-28,2025-03-28T16:12:00,2025-03-28T16:16:00,39
00115521,Jump Street,2025-03-28,2025-03-28T16:15:00,2025-03-28T16:20:00,38
00311532,Fury Road,2025-03-28,2025-03-28T16:22:00,2025-03-28T16:25:00,12
00662113,Cloverfield Lane,2025-03-28,2025-03-28T16:41:00,2025-03-28T16:40:00,6
00113147,Bradshaw Street,2025-03-28,2025-03-28T17:03:00,2025-03-28T17:00:00,16
00261521,Elm Street,2025-03-28,2025-03-28T17:07:00,2025-03-28T17:08:00,38
00113264,Ocean Avenue,2025-03-28,2025-03-28T17:12:00,2025-03-28T17:13:00,34
00115521,Jump Street,2025-03-28,2025-03-28T17:15:00,2025-03-28T17:17:00,38
00311532,Fury Road,2025-03-28,2025-03-28T17:22:00,2025-03-28T17:26:00,4
00662113,Cloverfield Lane,2025-03-28,2025-03-28T17:41:00,2025-03-28T17:38:00,11
00113147,Bradshaw Street,2025-03-28,2025-03-28T18:03:00,2025-03-28T17:59:00,10
00261521,Elm Street,2025-03-28,2025-03-28T18:07:00,2025-03-28T18:09:00,39
00113264,Ocean Avenue,2025-03-28,2025-03-28T18:12:00,2025-03-28T18:16:00,34
00115521,Jump Street,2025-03-28,2025-03-28T18:15:00,2025-03-28T18:19:00,43
00311532,Fury Road,2025-03-28,2025-03-28T18:22:00,2025-03-28T18:27:00,6
00662113,Cloverfield Lane,2025-03-28,2025-03-28T18:41:00,2025-03-28T18:37:00,4
00113147,Bradshaw Street,2025-03-28,2025-03-28T19:03:00,2025-03-28T18:59:00,18
00261521,Elm Street,2025-03-28,2025-03-28T19:07:00,2025-03-28T19:10:00,18
00113264,Ocean Avenue,2025-03-28,2025-03-28T19:12:00,2025-03-28T19:13:00,14
00115521,Jump Street,2025-03-28,2025-03-28T19:15:00,2025-03-28T19:17:00,8
00311532,Fury Road,2025-03-28,2025-03-28T19:22:00,2025-03-28T19:25:00,3
00662113,Cloverfield Lane,2025-03-28,2025-03-28T19:41:00,2025-03-28T19:39:00,5
00113147,Bradshaw Street,2025-03-28,2025-03-28T20:03:00,2025-03-28T19:57:00,9
00261521,Elm Street,2025-03-28,2025-03-28T20:07:00,2025-03-28T20:09:00,28
00113264,Ocean Avenue,2025-03-28,2025-03-28T20:12:00,2025-03-28T20:15:00,32
00115521,Jump Street,2025-03-28,2025-03-28T20:15:00,2025-03-28T20:18:00,19
00311532,Fury Road,2025-03-28,2025-03-28T20:22:00,2025-03-28T20:28:00,7
00662113,Cloverfield Lane,2025-03-28,2025-03-28T20:41:00,2025-03-28T20:40:00,7
00113147,Bradshaw Street,2025-03-28,2025-03-28T21:03:00,2025-03-28T20:57:00,14
00261521,Elm Street,2025-03-28,2025-03-28T21:07:00,2025-03-28T21:07:00,31
00113264,Ocean Avenue,2025-03-28,2025-03-28T21:12:00,2025-03-28T21:12:00,21
00115521,Jump Street,2025-03-28,2025-03-28T21:15:00,2025-03-28T21:24:00,14
00311532,Fury Road,2025-03-28,2025-03-28T21:22:00,2025-03-28T21:27:00,6
00662113,Cloverfield Lane,2025-03-28,2025-03-28T21:41:00,2025-03-28T21:43:00,7
00113147,Bradshaw Street,2025-03-29,2025-03-29T06:03:00,2025-03-29T05:58:00,14
00261521,Elm Street,2025-03-29,2025-03-29T06:07:00,2025-03-29T06:09:00,9
00113264,Ocean Avenue,2025-03-29,2025-03-29T06:12:00,2025-03-29T06:13:00,8
00115521,Jump Street,2025-03-29,2025-03-29T06:15:00,2025-03-29T06:17:00,22
00311532,Fury Road,2025-03-29,2025-03-29T06:22:00,2025-03-29T06:29:00,8
00662113,Cloverfield Lane,2025-03-29,2025-03-29T06:41:00,2025-03-29T06:38:00,0
00113147,Bradshaw Street,2025-03-29,2025-03-29T07:03:00,2025-03-29T07:01:00,19
00261521,Elm Street,2025-03-29,2025-03-29T07:07:00,2025-03-29T07:07:00,32
00113264,Ocean Avenue,2025-03-29,2025-03-29T07:12:00,2025-03-29T07:12:00,27
00115521,Jump Street,2025-03-29,2025-03-29T07:15:00,2025-03-29T07:21:00,18
00311532,Fury Road,2025-03-29,2025-03-29T07:22:00,2025-03-29T07:26:00,10
00662113,Cloverfield Lane,2025-03-29,2025-03-29T07:41:00,2025-03-29T07:39:00,3
00113147,Bradshaw Street,2025-03-29,2025-03-29T08:03:00,2025-03-29T07:59:00,14
00261521,Elm Street,2025-03-29,2025-03-29T08:07:00,2025-03-29T08:06:00,35
00113264,Ocean Avenue,2025-03-29,2025-03-29T08:12:00,2025-03-29T08:12:00,17
00115521,Jump Street,2025-03-29,2025-03-29T08:15:00,2025-03-29T08:24:00,11
00311532,Fury Road,2025-03-29,2025-03-29T08:22:00,2025-03-29T08:29:00,6
00662113,Cloverfield Lane,2025-03-29,2025-03-29T08:41:00,2025-03-29T08:38:00,3
00113147,Bradshaw Street,2025-03-29,2025-03-29T09:03:00,2025-03-29T08:58:00,22
00261521,Elm Street,2025-03-29,2025-03-29T09:07:00,2025-03-29T09:11:00,34
00113264,Ocean Avenue,2025-03-29,2025-03-29T09:12:00,2025-03-29T09:10:00,20
00115521,Jump Street,2025-03-29,2025-03-29T09:15:00,2025-03-29T09:21:00,12
00311532,Fury Road,2025-03-29,2025-03-29T09:22:00,2025-03-29T09:28:00,3
00662113,Cloverfield Lane,2025-03-29,2025-03-29T09:41:00,2025-03-29T09:38:00,6
00113147,Bradshaw Street,2025-03-29,2025-03-29T10:03:00,2025-03-29T09:57:00,11
00261521,Elm Street,2025-03-29,2025-03-29T10:07:00,2025-03-29T10:07:00,10
00113264,Ocean Avenue,2025-03-29,2025-03-29T10:12:00,2025-03-29T10:14:00,16
00115521,Jump Street,2025-03-29,2025-03-29T10:15:00,2025-03-29T10:19:00,2
00311532,Fury Road,2025-03-29,2025-03-29T10:22:00,2025-03-29T10:26:00,3
00662113,Cloverfield Lane,2025-03-29,2025-03-29T10:41:00,2025-03-29T10:37:00,1
00113147,Bradshaw Street,2025-03-29,2025-03-29T11:03:00,2025-03-29T11:01:00,0
00261521,Elm Street,2025-03-29,2025-03-29T11:07:00,none,0
00113264,Ocean Avenue,2025-03-29,2025-03-29T11:12:00,2025-03-29T11:10:00,23
00115521,Jump Street,2025-03-29,2025-03-29T11:15:00,2025-03-29T11:19:00,22
00311532,Fury Road,2025-03-29,2025-03-29T11:22:00,2025-03-29T11:24:00,12
00662113,Cloverfield Lane,2025-03-29,2025-03-29T11:41:00,2025-03-29T11:41:00,7
00113147,Bradshaw Street,2025-03-29,2025-03-29T12:03:00,2025-03-29T12:02:00,15
00261521,Elm Street,2025-03-29,2025-03-29T12:07:00,2025-03-29T12:07:00,8
00113264,Ocean Avenue,2025-03-29,2025-03-29T12:12:00,2025-03-29T12:13:00,6
00115521,Jump Street,2025-03-29,2025-03-29T12:15:00,2025-03-29T12:21:00,16
00311532,Fury Road,2025-03-29,2025-03-29T12:22:00,2025-03-29T12:26:00,7
00662113,Cloverfield Lane,2025-03-29,2025-03-29T12:41:00,2025-03-29T12:38:00,4
00113147,Bradshaw Street,2025-03-29,2025-03-29T13:03:00,none,0
00261521,Elm Street,2025-03-29,2025-03-29T13:07:00,2025-03-29T13:07:00,15
00113264,Ocean Avenue,2025-03-29,2025-03-29T13:12:00,2025-03-29T13:16:00,16
00115521,Jump Street,2025-03-29,2025-03-29T13:15:00,2025-03-29T13:19:00,9
00311532,Fury Road,2025-03-29,2025-03-29T13:22:00,2025-03-29T13:27:00,2
00662113,Cloverfield Lane,2025-03-29,2025-03-29T13:41:00,2025-03-29T13:37:00,9
00113147,Bradshaw Street,2025-03-29,2025-03-29T14:03:00,2025-03-29T14:00:00,8
00261521,Elm Street,2025-03-29,2025-03-29T14:07:00,2025-03-29T14:07:00,22
00113264,Ocean Avenue,2025-03-29,2025-03-29T14:12:00,2025-03-29T14:12:00,20
00115521,Jump Street,2025-03-29,2025-03-29T14:15:00,2025-03-29T14:14:00,1
00311532,Fury Road,2025-03-29,2025-03-29T14:22:00,2025-03-29T14:23:00,1
00662113,Cloverfield Lane,2025-03-29,2025-03-29T14:41:00,2025-03-29T14:42:00,4
00113147,Bradshaw Street,2025-03-29,2025-03-29T15:03:00,2025-03-29T15:00:00,14
00261521,Elm Street,2025-03-29,2025-03-29T15:07:00,2025-03-29T15:08:00,25
00113264,Ocean Avenue,2025-03-29,2025-03-29T15:12:00,2025-03-29T15:11:00,17
00115521,Jump Street,2025-03-29,2025-03-29T15:15:00,2025-03-29T15:19:00,0
00311532,Fury Road,2025-03-29,2025-03-29T15:22:00,2025-03-29T15:27:00,1
00662113,Cloverfield Lane,2025-03-29,2025-03-29T15:41:00,2025-03-29T15:39:00,3
00113147,Bradshaw Street,2025-03-29,2025-03-29T16:03:00,2025-03-29T15:59:00,8
00261521,Elm Street,2025-03-29,2025-03-29T16:07:00,2025-03-29T16:07:00,32
00113264,Ocean Avenue,2025-03-29,2025-03-29T16:12:00,2025-03-29T16:11:00,15
00115521,Jump Street,2025-03-29,2025-03-29T16:15:00,2025-03-29T16:16:00,17
00311532,Fury Road,2025-03-29,2025-03-29T16:22:00,2025-03-29T16:28:00,8
00662113,Cloverfield Lane,2025-03-29,2025-03-29T16:41:00,2025-03-29T16:41:00,2
00113147,Bradshaw Street,2025-03-29,2025-03-29T17:03:00,2025-03-29T17:01:00,18
00261521,Elm Street,2025-03-29,2025-03-29T17:07:00,2025-03-29T17:07:00,36
00113264,Ocean Avenue,2025-03-29,2025-03-29T17:12:00,2025-03-29T17:15:00,17
00115521,Jump Street,2025-03-29,2025-03-29T17:15:00,2025-03-29T17:20:00,21
00311532,Fury Road,2025-03-29,2025-03-29T17:22:00,2025-03-29T17:22:00,5
00662113,Cloverfield Lane,2025-03-29,2025-03-29T17:41:00,2025-03-29T17:40:00,0
00113147,Bradshaw Street,2025-03-29,2025-03-29T18:03:00,2025-03-29T18:00:00,10
00261521,Elm Street,2025-03-29,2025-03-29T18:07:00,none,0
00113264,Ocean Avenue,2025-03-29,2025-03-29T18:12:00,2025-03-29T18:14:00,3
00115521,Jump Street,2025-03-29,2025-03-29T18:15:00,2025-03-29T18:16:00,21
00311532,Fury Road,2025-03-29,2025-03-29T18:22:00,2025-03-29T18:27:00,15
00662113,Cloverfield Lane,2025-03-29,2025-03-29T18:41:00,2025-03-29T18:38:00,3
00113147,Bradshaw Street,2025-03-29,2025-03-29T19:03:00,2025-03-29T18:59:00,14
00261521,Elm Street,2025-03-29,2025-03-29T19:07:00,2025-03-29T19:09:00,0
00113264,Ocean Avenue,2025-03-29,2025-03-29T19:12:00,2025-03-29T19:14:00,28
00115521,Jump Street,2025-03-29,2025-03-29T19:15:00,2025-03-29T19:21:00,0
00311532,Fury Road,2025-03-29,2025-03-29T19:22:00,2025-03-29T19:27:00,4
00662113,Cloverfield Lane,2025-03-29,2025-03-29T19:41:00,2025-03-29T19:40:00,7
00113147,Bradshaw Street,2025-03-29,2025-03-29T20:03:00,2025-03-29T19:59:00,5
00261521,Elm Street,2025-03-29,2025-03-29T20:07:00,2025-03-29T20:09:00,14
00113264,Ocean Avenue,2025-03-29,2025-03-29T20:12:00,2025-03-29T20:13:00,9
00115521,Jump Street,2025-03-29,2025-03-29T20:15:00,2025-03-29T20:22:00,3
00311532,Fury Road,2025-03-29,2025-03-29T20:22:00,2025-03-29T20:28:00,8
00662113,Cloverfield Lane,2025-03-29,2025-03-29T20:41:00,2025-03-29T20:40:00,2
00113147,Bradshaw Street,2025-03-29,2025-03-29T21:03:00,2025-03-29T21:01:00,6
00261521,Elm Street,2025-03-29,2025-03-29T21:07:00,2025-03-29T21:09:00,16
00113264,Ocean Avenue,2025-03-29,2025-03-29T21:12:00,2025-03-29T21:16:00,17
00115521,Jump Street,2025-03-29,2025-03-29T21:15:00,2025-03-29T21:20:00,20
00311532,Fury Road,2025-03-29,2025-03-29T21:22:00,2025-03-29T21:24:00,4
00662113,Cloverfield Lane,2025-03-29,2025-03-29T21:41:00,2025-03-29T21:42:00,11
00113147,Bradshaw Street,2025-03-30,2025-03-30T06:03:00,2025-03-30T06:00:00,10
00261521,Elm Street,2025-03-30,2025-03-30T06:07:00,2025-03-30T06:09:00,0
00113264,Ocean Avenue,2025-03-30,2025-03-30T06:12:00,2025-03-30T06:14:00,24
00115521,Jump Street,2025-03-30,2025-03-30T06:15:00,2025-03-30T06:21:00,7
00311532,Fury Road,2025-03-30,2025-03-30T06:22:00,2025-03-30T06:31:00,3
00662113,Cloverfield Lane,2025-03-30,2025-03-30T06:41:00,2025-03-30T06:40:00,1
00113147,Bradshaw Street,2025-03-30,2025-03-30T07:03:00,2025-03-30T07:01:00,2
00261521,Elm Street,2025-03-30,2025-03-30T07:07:00,2025-03-30T07:08:00,33
00113264,Ocean Avenue,2025-03-30,2025-03-30T07:12:00,2025-03-30T07:16:00,19
00115521,Jump Street,2025-03-30,2025-03-30T07:15:00,2025-03-30T07:16:00,6
00311532,Fury Road,2025-03-30,2025-03-30T07:22:00,2025-03-30T07:24:00,2
00662113,Cloverfield Lane,2025-03-30,2025-03-30T07:41:00,2025-03-30T07:39:00,1
00113147,Bradshaw Street,2025-03-30,2025-03-30T08:03:00,2025-03-30T07:58:00,14
00261521,Elm Street,2025-03-30,2025-03-30T08:07:00,2025-03-30T08:08:00,48
00113264,Ocean Avenue,2025-03-30,2025-03-30T08:12:00,2025-03-30T08:10:00,32
00115521,Jump Street,2025-03-30,2025-03-30T08:15:00,2025-03-30T08:18:00,6
00311532,Fury Road,2025-03-30,2025-03-30T08:22:00,2025-03-30T08:31:00,2
00662113,Cloverfield Lane,2025-03-30,2025-03-30T08:41:00,2025-03-30T08:37:00,6
00113147,Bradshaw Street,2025-03-30,2025-03-30T09:03:00,2025-03-30T09:02:00,5
00261521,Elm Street,2025-03-30,2025-03-30T09:07:00,2025-03-30T09:09:00,27
00113264,Ocean Avenue,2025-03-30,2025-03-30T09:12:00,2025-03-30T09:12:00,17
00115521,Jump Street,2025-03-30,2025-03-30T09:15:00,2025-03-30T09:21:00,21
00311532,Fury Road,2025-03-30,2025-03-30T09:22:00,2025-03-30T09:25:00,5
00662113,Cloverfield Lane,2025-03-30,2025-03-30T09:41:00,2025-03-30T09:40:00,8
00113147,Bradshaw Street,2025-03-30,2025-03-30T10:03:00,2025-03-30T09:59:00,12
00261521,Elm Street,2025-03-30,2025-03-30T10:07:00,2025-03-30T10:06:00,17
00113264,Ocean Avenue,2025-03-30,2025-03-30T10:12:00,2025-03-30T10:13:00,0
00115521,Jump Street,2025-03-30,2025-03-30T10:15:00,2025-03-30T10:22:00,3
00311532,Fury Road,2025-03-30,2025-03-30T10:22:00,2025-03-30T10:27:00,4
00662113,Cloverfield Lane,2025-03-30,2025-03-30T10:41:00,2025-03-30T10:38:00,1
00113147,Bradshaw Street,2025-03-30,2025-03-30T11:03:00,2025-03-30T11:01:00,12
00261521,Elm Street,2025-03-30,2025-03-30T11:07:00,2025-03-30T11:08:00,7
00113264,Ocean Avenue,2025-03-30,2025-03-30T11:12:00,2025-03-30T11:16:00,23
00115521,Jump Street,2025-03-30,2025-03-30T11:15:00,2025-03-30T11:19:00,9
00311532,Fury Road,2025-03-30,2025-03-30T11:22:00,2025-03-30T11:32:00,5
00662113,Cloverfield Lane,2025-03-30,2025-03-30T11:41:00,2025-03-30T11:40:00,2
00113147,Bradshaw Street,2025-03-30,2025-03-30T12:03:00,2025-03-30T11:59:00,13
00261521,Elm Street,2025-03-30,2025-03-30T12:07:00,2025-03-30T12:03:00,5
00113264,Ocean Avenue,2025-03-30,2025-03-30T12:12:00,2025-03-30T12:10:00,12
00115521,Jump Street,2025-03-30,2025-03-30T12:15:00,2025-03-30T12:16:00,0
00311532,Fury Road,2025-03-30,2025-03-30T12:22:00,2025-03-30T12:28:00,8
00662113,Cloverfield Lane,2025-03-30,2025-03-30T12:41:00,2025-03-30T12:40:00,2
00113147,Bradshaw Street,2025-03-30,2025-03-30T13:03:00,2025-03-30T13:01:00,0
00261521,Elm Street,2025-03-30,2025-03-30T13:07:00,2025-03-30T13:10:00,22
00113264,Ocean Avenue,2025-03-30,2025-03-30T13:12:00,2025-03-30T13:13:00,7
00115521,Jump Street,2025-03-30,2025-03-30T13:15:00,2025-03-30T13:21:00,13
00311532,Fury Road,2025-03-30,2025-03-30T13:22:00,2025-03-30T13:27:00,2
00662113,Cloverfield Lane,2025-03-30,2025-03-30T13:41:00,2025-03-30T13:38:00,3
00113147,Bradshaw Street,2025-03-30,2025-03-30T14:03:00,2025-03-30T14:01:00,15
00261521,Elm Street,2025-03-30,2025-03-30T14:07:00,2025-03-30T14:10:00,12
00113264,Ocean Avenue,2025-03-30,2025-03-30T14:12:00,2025-03-30T14:12:00,0
00115521,Jump Street,2025-03-30,2025-03-30T14:15:00,2025-03-30T14:18:00,10
00311532,Fury Road,2025-03-30,2025-03-30T14:22:00,2025-03-30T14:28:00,2
00662113,Cloverfield Lane,2025-03-30,2025-03-30T14:41:00,2025-03-30T14:37:00,4
00113147,Bradshaw Street,2025-03-30,2025-03-30T15:03:00,2025-03-30T15:01:00,15
00261521,Elm Street,2025-03-30,2025-03-30T15:07:00,none,0
00113264,Ocean Avenue,2025-03-30,2025-03-30T15:12:00,2025-03-30T15:13:00,4
00115521,Jump Street,2025-03-30,2025-03-30T15:15:00,2025-03-30T15:20:00,13
00311532,Fury Road,2025-03-30,2025-03-30T15:22:00,2025-03-30T15:31:00,4
00662113,Cloverfield Lane,2025-03-30,2025-03-30T15:41:00,2025-03-30T15:40:00,6
00113147,Bradshaw Street,2025-03-30,2025-03-30T16:03:00,2025-03-30T16:02:00,0
00261521,Elm Street,2025-03-30,2025-03-30T16:07:00,2025-03-30T16:08:00,21
00113264,Ocean Avenue,2025-03-30,2025-03-30T16:12:00,2025-03-30T16:11:00,25
00115521,Jump Street,2025-03-30,2025-03-30T16:15:00,2025-03-30T16:18:00,23
00311532,Fury Road,2025-03-30,2025-03-30T16:22:00,2025-03-30T16:29:00,9
00662113,Cloverfield Lane,2025-03-30,2025-03-30T16:41:00,2025-03-30T16:37:00,2
00113147,Bradshaw Street,2025-03-30,2025-03-30T17:03:00,2025-03-30T16:59:00,14
00261521,Elm Street,2025-03-30,2025-03-30T17:07:00,none,0
00113264,Ocean Avenue,2025-03-30,2025-03-30T17:12:00,2025-03-30T17:14:00,25
00115521,Jump Street,2025-03-30,2025-03-30T17:15:00,2025-03-30T17:19:00,23
00311532,Fury Road,2025-03-30,2025-03-30T17:22:00,2025-03-30T17:27:00,7
00662113,Cloverfield Lane,2025-03-30,2025-03-30T17:41:00,2025-03-30T17:39:00,11
00113147,Bradshaw Street,2025-03-30,2025-03-30T18:03:00,2025-03-30T17:58:00,2
00261521,Elm Street,2025-03-30,2025-03-30T18:07:00,2025-03-30T18:09:00,3
00113264,Ocean Avenue,2025-03-30,2025-03-30T18:12:00,2025-03-30T18:12:00,19
00115521,Jump Street,2025-03-30,2025-03-30T18:15:00,2025-03-30T18:22:00,28
00311532,Fury Road,2025-03-30,2025-03-30T18:22:00,2025-03-30T18:29:00,8
00662113,Cloverfield Lane,2025-03-30,2025-03-30T18:41:00,2025-03-30T18:38:00,6
00113147,Bradshaw Street,2025-03-30,2025-03-30T19:03:00,2025-03-30T19:02:00,11
00261521,Elm Street,2025-03-30,2025-03-30T19:07:00,2025-03-30T19:07:00,23
00113264,Ocean Avenue,2025-03-30,2025-03-30T19:12:00,2025-03-30T19:13:00,17
00115521,Jump Street,2025-03-30,2025-03-30T19:15:00,2025-03-30T19:23:00,0
00311532,Fury Road,2025-03-30,2025-03-30T19:22:00,2025-03-30T19:23:00,2
00662113,Cloverfield Lane,2025-03-30,2025-03-30T19:41:00,2025-03-30T19:40:00,4
00113147,Bradshaw Street,2025-03-30,2025-03-30T20:03:00,2025-03-30T19:59:00,0
00261521,Elm Street,2025-03-30,2025-03-30T20:07:00,2025-03-30T20:09:00,0
00113264,Ocean Avenue,2025-03-30,2025-03-30T20:12:00,2025-03-30T20:13:00,26
00115521,Jump Street,2025-03-30,2025-03-30T20:15:00,2025-03-30T20:19:00,10
00311532,Fury Road,2025-03-30,2025-03-30T20:22:00,2025-03-30T20:26:00,1
00662113,Cloverfield Lane,2025-03-30,2025-03-30T20:41:00,2025-03-30T20:40:00,2
00113147,Bradshaw Street,2025-03-30,2025-03-30T21:03:00,2025-03-30T21:01:00,13
00261521,Elm Street,2025-03-30,2025-03-30T21:07:00,2025-03-30T21:09:00,0
00113264,Ocean Avenue,2025-03-30,2025-03-30T21:12:00,2025-03-30T21:11:00,0
00115521,Jump Street,2025-03-30,2025-03-30T21:15:00,2025-03-30T21:19:00,0
00311532,Fury Road,2025-03-30,2025-03-30T21:22:00,2025-03-30T21:28:00,6
00662113,Cloverfield Lane,2025-03-30,2025-03-30T21:41:00,2025-03-30T21:39:00,6
00113147,Bradshaw Street,2025-03-31,2025-03-31T06:03:00,2025-03-31T06:00:00,0
00261521,Elm Street,2025-03-31,2025-03-31T06:07:00,2025-03-31T06:09:00,2
00113264,Ocean Avenue,2025-03-31,2025-03-31T06:12:00,2025-03-31T06:15:00,19
00115521,Jump Street,2025-03-31,2025-03-31T06:15:00,2025-03-31T06:20:00,16
00311532,Fury Road,2025-03-31,2025-03-31T06:22:00,2025-03-31T06:26:00,6
00662113,Cloverfield Lane,2025-03-31,2025-03-31T06:41:00,2025-03-31T06:40:00,3
00113147,Bradshaw Street,2025-03-31,2025-03-31T07:03:00,2025-03-31T06:59:00,15
00261521,Elm Street,2025-03-31,2025-03-31T07:07:00,2025-03-31T07:10:00,60
00113264,Ocean Avenue,2025-03-31,2025-03-31T07:12:00,none,0
00115521,Jump Street,2025-03-31,2025-03-31T07:15:00,2025-03-31T07:19:00,17
00311532,Fury Road,2025-03-31,2025-03-31T07:22:00,2025-03-31T07:26:00,13
00662113,Cloverfield Lane,2025-03-31,2025-03-31T07:41:00,2025-03-31T07:41:00,3
00113147,Bradshaw Street,2025-03-31,2025-03-31T08:03:00,2025-03-31T08:02:00,27
00261521,Elm Street,2025-03-31,2025-03-31T08:07:00,2025-03-31T08:09:00,49
00113264,Ocean Avenue,2025-03-31,2025-03-31T08:12:00,2025-03-31T08:15:00,55
00115521,Jump Street,2025-03-31,2025-03-31T08:15:00,2025-03-31T08:19:00,30
00311532,Fury Road,2025-03-31,2025-03-31T08:22:00,2025-03-31T08:25:00,18
00662113,Cloverfield Lane,2025-03-31,2025-03-31T08:41:00,2025-03-31T08:37:00,7
00113147,Bradshaw Street,2025-03-31,2025-03-31T09:03:00,2025-03-31T09:00:00,23
00261521,Elm Street,2025-03-31,2025-03-31T09:07:00,2025-03-31T09:06:00,54
00113264,Ocean Avenue,2025-03-31,2025-03-31T09:12:00,2025-03-31T09:10:00,48
00115521,Jump Street,2025-03-31,2025-03-31T09:15:00,2025-03-31T09:21:00,29
00311532,Fury Road,2025-03-31,2025-03-31T09:22:00,2025-03-31T09:23:00,11
00662113,Cloverfield Lane,2025-03-31,2025-03-31T09:41:00,2025-03-31T09:41:00,2
00113147,Bradshaw Street,2025-03-31,2025-03-31T10:03:00,2025-03-31T10:00:00,10
00261521,Elm Street,2025-03-31,2025-03-31T10:07:00,2025-03-31T10:07:00,14
00113264,Ocean Avenue,2025-03-31,2025-03-31T10:12:00,2025-03-31T10:12:00,24
00115521,Jump Street,2025-03-31,2025-03-31T10:15:00,2025-03-31T10:19:00,23
00311532,Fury Road,2025-03-31,2025-03-31T10:22:00,2025-03-31T10:25:00,7
00662113,Cloverfield Lane,2025-03-31,2025-03-31T10:41:00,2025-03-31T10:41:00,3
00113147,Bradshaw Street,2025-03-31,2025-03-31T11:03:00,2025-03-31T11:01:00,17
00261521,Elm Street,2025-03-31,2025-03-31T11:07:00,none,0
00113264,Ocean Avenue,2025-03-31,2025-03-31T11:12:00,2025-03-31T11:12:00,16
00115521,Jump Street,2025-03-31,2025-03-31T11:15:00,2025-03-31T11:24:00,14
00311532,Fury Road,2025-03-31,2025-03-31T11:22:00,2025-03-31T11:27:00,15
00662113,Cloverfield Lane,2025-03-31,2025-03-31T11:41:00,2025-03-31T11:38:00,9
00113147,Bradshaw Street,2025-03-31,2025-03-31T12:03:00,2025-03-31T12:00:00,10
00261521,Elm Street,2025-03-31,2025-03-31T12:07:00,2025-03-31T12:08:00,4
00113264,Ocean Avenue,2025-03-31,2025-03-31T12:12:00,2025-03-31T12:14:00,16
00115521,Jump Street,2025-03-31,2025-03-31T12:15:00,2025-03-31T12:17:00,7
00311532,Fury Road,2025-03-31,2025-03-31T12:22:00,2025-03-31T12:23:00,2
00662113,Cloverfield Lane,2025-03-31,2025-03-31T12:41:00,2025-03-31T12:43:00,9
00113147,Bradshaw Street,2025-03-31,2025-03-31T13:03:00,2025-03-31T13:01:00,26
00261521,Elm Street,2025-03-31,2025-03-31T13:07:00,2025-03-31T13:04:00,28
00113264,Ocean Avenue,2025-03-31,2025-03-31T13:12:00,2025-03-31T13:15:00,36
00115521,Jump Street,2025-03-31,2025-03-31T13:15:00,2025-03-31T13:23:00,21
00311532,Fury Road,2025-03-31,2025-03-31T13:22:00,2025-03-31T13:27:00,10
00662113,Cloverfield Lane,2025-03-31,2025-03-31T13:41:00,2025-03-31T13:41:00,7
00113147,Bradshaw Street,2025-03-31,2025-03-31T14:03:00,2025-03-31T14:01:00,15
00261521,Elm Street,2025-03-31,2025-03-31T14:07:00,2025-03-31T14:07:00,15
00113264,Ocean Avenue,2025-03-31,2025-03-31T14:12:00,2025-03-31T14:15:00,20
00115521,Jump Street,2025-03-31,2025-03-31T14:15:00,2025-03-31T14:20:00,23
00311532,Fury Road,2025-03-31,2025-03-31T14:22:00,2025-03-31T14:22:00,7
00662113,Cloverfield Lane,2025-03-31,2025-03-31T14:41:00,2025-03-31T14:41:00,6
00113147,Bradshaw Street,2025-03-31,2025-03-31T15:03:00,2025-03-31T15:00:00,16
00261521,Elm Street,2025-03-31,2025-03-31T15:07:00,2025-03-31T15:09:00,38
00113264,Ocean Avenue,2025-03-31,2025-03-31T15:12:00,2025-03-31T15:16:00,17
00115521,Jump Street,2025-03-31,2025-03-31T15:15:00,2025-03-31T15:18:00,6
00311532,Fury Road,2025-03-31,2025-03-31T15:22:00,2025-03-31T15:27:00,5
00662113,Cloverfield Lane,2025-03-31,2025-03-31T15:41:00,2025-03-31T15:39:00,7
00113147,Bradshaw Street,2025-03-31,2025-03-31T16:03:00,2025-03-31T16:00:00,24
00261521,Elm Street,2025-03-31,2025-03-31T16:07:00,2025-03-31T16:10:00,60
00113264,Ocean Avenue,2025-03-31,2025-03-31T16:12:00,2025-03-31T16:13:00,20
00115521,Jump Street,2025-03-31,2025-03-31T16:15:00,2025-03-31T16:19:00,32
00311532,Fury Road,2025-03-31,2025-03-31T16:22:00,2025-03-31T16:28:00,11
00662113,Cloverfield Lane,2025-03-31,2025-03-31T16:41:00,2025-03-31T16:41:00,7
00113147,Bradshaw Street,2025-03-31,2025-03-31T17:03:00,2025-03-31T17:00:00,25
00261521,Elm Street,2025-03-31,2025-03-31T17:07:00,2025-03-31T17:08:00,28
00113264,Ocean Avenue,2025-03-31,2025-03-31T17:12:00,2025-03-31T17:14:00,22
00115521,Jump Street,2025-03-31,2025-03-31T17:15:00,2025-03-31T17:19:00,46
00311532,Fury Road,2025-03-31,2025-03-31T17:22:00,2025-03-31T17:28:00,4
00662113,Cloverfield Lane,2025-03-31,2025-03-31T17:41:00,2025-03-31T17:40:00,6
00113147,Bradshaw Street,2025-03-31,2025-03-31T18:03:00,2025-03-31T18:00:00,20
00261521,Elm Street,2025-03-31,2025-03-31T18:07:00,2025-03-31T18:12:00,34
00113264,Ocean Avenue,2025-03-31,2025-03-31T18:12:00,2025-03-31T18:12:00,32
00115521,Jump Street,2025-03-31,2025-03-31T18:15:00,2025-03-31T18:18:00,27
00311532,Fury Road,2025-03-31,2025-03-31T18:22:00,2025-03-31T18:26:00,9
00662113,Cloverfield Lane,2025-03-31,2025-03-31T18:41:00,2025-03-31T18:42:00,8
00113147,Bradshaw Street,2025-03-31,2025-03-31T19:03:00,2025-03-31T19:00:00,3
00261521,Elm Street,2025-03-31,2025-03-31T19:07:00,2025-03-31T19:07:00,17
00113264,Ocean Avenue,2025-03-31,2025-03-31T19:12:00,2025-03-31T19:13:00,28
00115521,Jump Street,2025-03-31,2025-03-31T19:15:00,2025-03-31T19:21:00,24
00311532,Fury Road,2025-03-31,2025-03-31T19:22:00,2025-03-31T19:24:00,11
00662113,Cloverfield Lane,2025-03-31,2025-03-31T19:41:00,2025-03-31T19:38:00,6
00113147,Bradshaw Street,2025-03-31,2025-03-31T20:03:00,2025-03-31T20:02:00,19
00261521,Elm Street,2025-03-31,2025-03-31T20:07:00,2025-03-31T20:06:00,35
00113264,Ocean Avenue,2025-03-31,2025-03-31T20:12:00,2025-03-31T20:10:00,12
00115521,Jump Street,2025-03-31,2025-03-31T20:15:00,2025-03-31T20:18:00,7
00311532,Fury Road,2025-03-31,2025-03-31T20:22:00,2025-03-31T20:27:00,9
00662113,Cloverfield Lane,2025-03-31,2025-03-31T20:41:00,2025-03-31T20:41:00,4
00113147,Bradshaw Street,2025-03-31,2025-03-31T21:03:00,2025-03-31T21:00:00,19
00261521,Elm Street,2025-03-31,2025-03-31T21:07:00,2025-03-31T21:08:00,9
00113264,Ocean Avenue,2025-03-31,2025-03-31T21:12:00,2025-03-31T21:12:00,24
00115521,Jump Street,2025-03-31,2025-03-31T21:15:00,2025-03-31T21:17:00,22
00311532,Fury Road,2025-03-31,2025-03-31T21:22:00,2025-03-31T21:28:00,11
00662113,Cloverfield Lane,2025-03-31,2025-03-31T21:41:00,2025-03-31T21:37:00,7
00113147,Bradshaw Street,2025-04-01,2025-04-01T06:03:00,2025-04-01T05:58:00,22
00261521,Elm Street,2025-04-01,2025-04-01T06:07:00,none,0
00113264,Ocean Avenue,2025-04-01,2025-04-01T06:12:00,2025-04-01T06:11:00,10
00115521,Jump Street,2025-04-01,2025-04-01T06:15:00,2025-04-01T06:18:00,8
00311532,Fury Road,2025-04-01,2025-04-01T06:22:00,2025-04-01T06:28:00,4
00662113,Cloverfield Lane,2025-04-01,2025-04-01T06:41:00,2025-04-01T06:39:00,3
00113147,Bradshaw Street,2025-04-01,2025-04-01T07:03:00,2025-04-01T06:58:00,19
00261521,Elm Street,2025-04-01,2025-04-01T07:07:00,2025-04-01T07:11:00,36
00113264,Ocean Avenue,2025-04-01,2025-04-01T07:12:00,2025-04-01T07:17:00,32
00115521,Jump Street,2025-04-01,2025-04-01T07:15:00,2025-04-01T07:19:00,18
00311532,Fury Road,2025-04-01,2025-04-01T07:22:00,2025-04-01T07:27:00,11
00662113,Cloverfield Lane,2025-04-01,2025-04-01T07:41:00,2025-04-01T07:39:00,5
00113147,Bradshaw Street,2025-04-01,2025-04-01T08:03:00,2025-04-01T07:59:00,12
00261521,Elm Street,2025-04-01,2025-04-01T08:07:00,2025-04-01T08:09:00,60
00113264,Ocean Avenue,2025-04-01,2025-04-01T08:12:00,2025-04-01T08:14:00,28
00115521,Jump Street,2025-04-01,2025-04-01T08:15:00,2025-04-01T08:19:00,9
00311532,Fury Road,2025-04-01,2025-04-01T08:22:00,2025-04-01T08:25:00,9
00662113,Cloverfield Lane,2025-04-01,2025-04-01T08:41:00,2025-04-01T08:41:00,6
00113147,Bradshaw Street,2025-04-01,2025-04-01T09:03:00,2025-04-01T08:58:00,19
00261521,Elm Street,2025-04-01,2025-04-01T09:07:00,none,0
00113264,Ocean Avenue,2025-04-01,2025-04-01T09:12:00,2025-04-01T09:14:00,32
00115521,Jump Street,2025-04-01,2025-04-01T09:15:00,2025-04-01T09:21:00,25
00311532,Fury Road,2025-04-01,2025-04-01T09:22:00,2025-04-01T09:27:00,15
00662113,Cloverfield Lane,2025-04-01,2025-04-01T09:41:00,2025-04-01T09:41:00,4
00113147,Bradshaw Street,2025-04-01,2025-04-01T10:03:00,2025-04-01T09:59:00,13
00261521,Elm Street,2025-04-01,2025-04-01T10:07:00,2025-04-01T10:14:00,33
00113264,Ocean Avenue,2025-04-01,2025-04-01T10:12:00,2025-04-01T10:11:00,19
00115521,Jump Street,2025-04-01,2025-04-01T10:15:00,2025-04-01T10:20:00,22
00311532,Fury Road,2025-04-01,2025-04-01T10:22:00,2025-04-01T10:24:00,7
00662113,Cloverfield Lane,2025-04-01,2025-04-01T10:41:00,2025-04-01T10:40:00,7
00113147,Bradshaw Street,2025-04-01,2025-04-01T11:03:00,2025-04-01T11:00:00,12
00261521,Elm Street,2025-04-01,2025-04-01T11:07:00,2025-04-01T11:08:00,26
00113264,Ocean Avenue,2025-04-01,2025-04-01T11:12:00,2025-04-01T11:13:00,14
00115521,Jump Street,2025-04-01,2025-04-01T11:15:00,2025-04-01T11:18:00,15
00311532,Fury Road,2025-04-01,2025-04-01T11:22:00,2025-04-01T11:24:00,4
00662113,Cloverfield Lane,2025-04-01,2025-04-01T11:41:00,2025-04-01T11:40:00,8
00113147,Bradshaw Street,2025-04-01,2025-04-01T12:03:00,2025-04-01T11:59:00,11
00261521,Elm Street,2025-04-01,2025-04-01T12:07:00,2025-04-01T12:06:00,29
00113264,Ocean Avenue,2025-04-01,2025-04-01T12:12:00,2025-04-01T12:15:00,14
00115521,Jump Street,2025-04-01,2025-04-01T12:15:00,2025-04-01T12:24:00,10
00311532,Fury Road,2025-04-01,2025-04-01T12:22:00,2025-04-01T12:24:00,6
00662113,Cloverfield Lane,2025-04-01,2025-04-01T12:41:00,2025-04-01T12:40:00,9
00113147,Bradshaw Street,2025-04-01,2025-04-01T13:03:00,2025-04-01T13:00:00,11
00261521,Elm Street,2025-04-01,2025-04-01T13:07:00,2025-04-01T13:06:00,27
00113264,Ocean Avenue,2025-04-01,2025-04-01T13:12:00,2025-04-01T13:14:00,29
00115521,Jump Street,2025-04-01,2025-04-01T13:15:00,2025-04-01T13:17:00,19
00311532,Fury Road,2025-04-01,2025-04-01T13:22:00,2025-04-01T13:28:00,14
00662113,Cloverfield Lane,2025-04-01,2025-04-01T13:41:00,2025-04-01T13:41:00,7
00113147,Bradshaw Street,2025-04-01,2025-04-01T14:03:00,2025-04-01T13:58:00,15
00261521,Elm Street,2025-04-01,2025-04-01T14:07:00,2025-04-01T14:11:00,25
00113264,Ocean Avenue,2025-04-01,2025-04-01T14:12:00,2025-04-01T14:16:00,21
00115521,Jump Street,2025-04-01,2025-04-01T14:15:00,2025-04-01T14:20:00,13
00311532,Fury Road,2025-04-01,2025-04-01T14:22:00,2025-04-01T14:24:00,1
00662113,Cloverfield Lane,2025-04-01,2025-04-01T14:41:00,2025-04-01T14:43:00,8
00113147,Bradshaw Street,2025-04-01,2025-04-01T15:03:00,2025-04-01T15:00:00,5
00261521,Elm Street,2025-04-01,2025-04-01T15:07:00,2025-04-01T15:08:00,41
00113264,Ocean Avenue,2025-04-01,2025-04-01T15:12:00,2025-04-01T15:10:00,20
00115521,Jump Street,2025-04-01,2025-04-01T15:15:00,2025-04-01T15:23:00,14
00311532,Fury Road,2025-04-01,2025-04-01T15:22:00,2025-04-01T15:23:00,14
00662113,Cloverfield Lane,2025-04-01,2025-04-01T15:41:00,2025-04-01T15:40:00,5
00113147,Bradshaw Street,2025-04-01,2025-04-01T16:03:00,2025-04-01T16:02:00,3
00261521,Elm Street,2025-04-01,2025-04-01T16:07:00,2025-04-01T16:06:00,29
00113264,Ocean Avenue,2025-04-01,2025-04-01T16:12:00,2025-04-01T16:13:00,38
00115521,Jump Street,2025-04-01,2025-04-01T16:15:00,2025-04-01T16:17:00,34
00311532,Fury Road,2025-04-01,2025-04-01T16:22:00,2025-04-01T16:26:00,8
00662113,Cloverfield Lane,2025-04-01,2025-04-01T16:41:00,2025-04-01T16:40:00,10
00113147,Bradshaw Street,2025-04-01,2025-04-01T17:03:00,2025-04-01T17:03:00,27
00261521,Elm Street,2025-04-01,2025-04-01T17:07:00,2025-04-01T17:08:00,38
00113264,Ocean Avenue,2025-04-01,2025-04-01T17:12:00,2025-04-01T17:12:00,26
00115521,Jump Street,2025-04-01,2025-04-01T17:15:00,2025-04-01T17:19:00,38
00311532,Fury Road,2025-04-01,2025-04-01T17:22:00,2025-04-01T17:27:00,17
00662113,Cloverfield Lane,2025-04-01,2025-04-01T17:41:00,2025-04-01T17:40:00,8
00113147,Bradshaw Street,2025-04-01,2025-04-01T18:03:00,2025-04-01T18:00:00,26
00261521,Elm Street,2025-04-01,2025-04-01T18:07:00,2025-04-01T18:02:00,40
00113264,Ocean Avenue,2025-04-01,2025-04-01T18:12:00,2025-04-01T18:11:00,36
00115521,Jump Street,2025-04-01,2025-04-01T18:15:00,2025-04-01T18:19:00,18
00311532,Fury Road,2025-04-01,2025-04-01T18:22:00,2025-04-01T18:25:00,10
00662113,Cloverfield Lane,2025-04-01,2025-04-01T18:41:00,2025-04-01T18:40:00,12
00113147,Bradshaw Street,2025-04-01,2025-04-01T19:03:00,2025-04-01T18:59:00,15
00261521,Elm Street,2025-04-01,2025-04-01T19:07:00,2025-04-01T19:12:00,18
00113264,Ocean Avenue,2025-04-01,2025-04-01T19:12:00,2025-04-01T19:15:00,16
00115521,Jump Street,2025-04-01,2025-04-01T19:15:00,2025-04-01T19:19:00,16
00311532,Fury Road,2025-04-01,2025-04-01T19:22:00,2025-04-01T19:28:00,4
00662113,Cloverfield Lane,2025-04-01,2025-04-01T19:41:00,2025-04-01T19:41:00,3
00113147,Bradshaw Street,2025-04-01,2025-04-01T20:03:00,2025-04-01T19:59:00,15
00261521,Elm Street,2025-04-01,2025-04-01T20:07:00,2025-04-01T20:07:00,32
00113264,Ocean Avenue,2025-04-01,2025-04-01T20:12:00,2025-04-01T20:12:00,16
00115521,Jump Street,2025-04-01,2025-04-01T20:15:00,2025-04-01T20:20:00,15
00311532,Fury Road,2025-04-01,2025-04-01T20:22:00,2025-04-01T20:26:00,6
00662113,Cloverfield Lane,2025-04-01,2025-04-01T20:41:00,2025-04-01T20:42:00,6
00113147,Bradshaw Street,2025-04-01,2025-04-01T21:03:00,2025-04-01T21:00:00,10
00261521,Elm Street,2025-04-01,2025-04-01T21:07:00,2025-04-01T21:09:00,29
00113264,Ocean Avenue,2025-04-01,2025-04-01T21:12:00,2025-04-01T21:13:00,15
00115521,Jump Street,2025-04-01,2025-04-01T21:15:00,2025-04-01T21:19:00,7
00311532,Fury Road,2025-04-01,2025-04-01T21:22:00,2025-04-01T21:25:00,9
00662113,Cloverfield Lane,2025-04-01,2025-04-01T21:41:00,2025-04-01T21:41:00,3
00113147,Bradshaw Street,2025-04-02,2025-04-02T06:03:00,2025-04-02T06:00:00,14
00261521,Elm Street,2025-04-02,2025-04-02T06:07:00,2025-04-02T06:08:00,0
00113264,Ocean Avenue,2025-04-02,2025-04-02T06:12:00,2025-04-02T06:13:00,22
00115521,Jump Street,2025-04-02,2025-04-02T06:15:00,2025-04-02T06:18:00,16
00311532,Fury Road,2025-04-02,2025-04-02T06:22:00,2025-04-02T06:24:00,1
00662113,Cloverfield Lane,2025-04-02,2025-04-02T06:41:00,2025-04-02T06:41:00,2
00113147,Bradshaw Street,2025-04-02,2025-04-02T07:03:00,2025-04-02T06:59:00,8
00261521,Elm Street,2025-04-02,2025-04-02T07:07:00,2025-04-02T07:08:00,60
00113264,Ocean Avenue,2025-04-02,2025-04-02T07:12:00,2025-04-02T07:12:00,38
00115521,Jump Street,2025-04-02,2025-04-02T07:15:00,2025-04-02T07:15:00,31
00311532,Fury Road,2025-04-02,2025-04-02T07:22:00,2025-04-02T07:20:00,12
00662113,Cloverfield Lane,2025-04-02,2025-04-02T07:41:00,2025-04-02T07:39:00,6
00113147,Bradshaw Street,2025-04-02,2025-04-02T08:03:00,2025-04-02T08:00:00,21
00261521,Elm Street,2025-04-02,2025-04-02T08:07:00,2025-04-02T08:09:00,44
00113264,Ocean Avenue,2025-04-02,2025-04-02T08:12:00,2025-04-02T08:10:00,54
00115521,Jump Street,2025-04-02,2025-04-02T08:15:00,2025-04-02T08:18:00,11
00311532,Fury Road,2025-04-02,2025-04-02T08:22:00,2025-04-02T08:27:00,11
00662113,Cloverfield Lane,2025-04-02,2025-04-02T08:41:00,2025-04-02T08:41:00,6
00113147,Bradshaw Street,2025-04-02,2025-04-02T09:03:00,2025-04-02T09:01:00,28
00261521,Elm Street,2025-04-02,2025-04-02T09:07:00,2025-04-02T09:08:00,54
00113264,Ocean Avenue,2025-04-02,2025-04-02T09:12:00,2025-04-02T09:15:00,39
00115521,Jump Street,2025-04-02,2025-04-02T09:15:00,2025-04-02T09:16:00,29
00311532,Fury Road,2025-04-02,2025-04-02T09:22:00,2025-04-02T09:24:00,11
00662113,Cloverfield Lane,2025-04-02,2025-04-02T09:41:00,2025-04-02T09:39:00,8
00113147,Bradshaw Street,2025-04-02,2025-04-02T10:03:00,2025-04-02T10:02:00,13
00261521,Elm Street,2025-04-02,2025-04-02T10:07:00,2025-04-02T10:07:00,25
00113264,Ocean Avenue,2025-04-02,2025-04-02T10:12:00,2025-04-02T10:14:00,14
00115521,Jump Street,2025-04-02,2025-04-02T10:15:00,2025-04-02T10:20:00,22
00311532,Fury Road,2025-04-02,2025-04-02T10:22:00,2025-04-02T10:26:00,0
00662113,Cloverfield Lane,2025-04-02,2025-04-02T10:41:00,2025-04-02T10:37:00,10
00113147,Bradshaw Street,2025-04-02,2025-04-02T11:03:00,2025-04-02T11:01:00,21
00261521,Elm Street,2025-04-02,2025-04-02T11:07:00,2025-04-02T11:07:00,28
00113264,Ocean Avenue,2025-04-02,2025-04-02T11:12:00,2025-04-02T11:13:00,38
00115521,Jump Street,2025-04-02,2025-04-02T11:15:00,2025-04-02T11:17:00,20
00311532,Fury Road,2025-04-02,2025-04-02T11:22:00,2025-04-02T11:26:00,12
00662113,Cloverfield Lane,2025-04-02,2025-04-02T11:41:00,2025-04-02T11:42:00,4
00113147,Bradshaw Street,2025-04-02,2025-04-02T12:03:00,2025-04-02T12:01:00,18
00261521,Elm Street,2025-04-02,2025-04-02T12:07:00,2025-04-02T12:06:00,44
00113264,Ocean Avenue,2025-04-02,2025-04-02T12:12:00,2025-04-02T12:13:00,21
00115521,Jump Street,2025-04-02,2025-04-02T12:15:00,2025-04-02T12:18:00,26
00311532,Fury Road,2025-04-02,2025-04-02T12:22:00,2025-04-02T12:27:00,9
00662113,Cloverfield Lane,2025-04-02,2025-04-02T12:41:00,2025-04-02T12:40:00,9
00113147,Bradshaw Street,2025-04-02,2025-04-02T13:03:00,2025-04-02T12:56:00,20
00261521,Elm Street,2025-04-02,2025-04-02T13:07:00,2025-04-02T13:06:00,28
00113264,Ocean Avenue,2025-04-02,2025-04-02T13:12:00,2025-04-02T13:12:00,23
00115521,Jump Street,2025-04-02,2025-04-02T13:15:00,2025-04-02T13:18:00,21
00311532,Fury Road,2025-04-02,2025-04-02T13:22:00,2025-04-02T13:27:00,3
00662113,Cloverfield Lane,2025-04-02,2025-04-02T13:41:00,2025-04-02T13:42:00,1
00113147,Bradshaw Street,2025-04-02,2025-04-02T14:03:00,2025-04-02T13:59:00,24
00261521,Elm Street,2025-04-02,2025-04-02T14:07:00,2025-04-02T14:10:00,37
00113264,Ocean Avenue,2025-04-02,2025-04-02T14:12:00,2025-04-02T14:12:00,19
00115521,Jump Street,2025-04-02,2025-04-02T14:15:00,2025-04-02T14:19:00,23
00311532,Fury Road,2025-04-02,2025-04-02T14:22:00,2025-04-02T14:22:00,13
00662113,Cloverfield Lane,2025-04-02,2025-04-02T14:41:00,2025-04-02T14:42:00,4
00113147,Bradshaw Street,2025-04-02,2025-04-02T15:03:00,2025-04-02T15:02:00,14
00261521,Elm Street,2025-04-02,2025-04-02T15:07:00,2025-04-02T15:05:00,7
00113264,Ocean Avenue,2025-04-02,2025-04-02T15:12:00,2025-04-02T15:09:00,36
00115521,Jump Street,2025-04-02,2025-04-02T15:15:00,2025-04-02T15:18:00,26
00311532,Fury Road,2025-04-02,2025-04-02T15:22:00,2025-04-02T15:28:00,5
00662113,Cloverfield Lane,2025-04-02,2025-04-02T15:41:00,2025-04-02T15:41:00,11
00113147,Bradshaw Street,2025-04-02,2025-04-02T16:03:00,2025-04-02T16:00:00,25
00261521,Elm Street,2025-04-02,2025-04-02T16:07:00,2025-04-02T16:06:00,33
00113264,Ocean Avenue,2025-04-02,2025-04-02T16:12:00,2025-04-02T16:13:00,13
00115521,Jump Street,2025-04-02,2025-04-02T16:15:00,2025-04-02T16:15:00,29
00311532,Fury Road,2025-04-02,2025-04-02T16:22:00,2025-04-02T16:25:00,10
00662113,Cloverfield Lane,2025-04-02,2025-04-02T16:41:00,2025-04-02T16:43:00,5
00113147,Bradshaw Street,2025-04-02,2025-04-02T17:03:00,2025-04-02T17:01:00,22
00261521,Elm Street,2025-04-02,2025-04-02T17:07:00,2025-04-02T17:07:00,30
00113264,Ocean Avenue,2025-04-02,2025-04-02T17:12:00,2025-04-02T17:14:00,23
00115521,Jump Street,2025-04-02,2025-04-02T17:15:00,2025-04-02T17:16:00,28
00311532,Fury Road,2025-04-02,2025-04-02T17:22:00,2025-04-02T17:28:00,12
00662113,Cloverfield Lane,2025-04-02,2025-04-02T17:41:00,2025-04-02T17:37:00,9
00113147,Bradshaw Street,2025-04-02,2025-04-02T18:03:00,2025-04-02T17:58:00,14
00261521,Elm Street,2025-04-02,2025-04-02T18:07:00,2025-04-02T18:05:00,40
00113264,Ocean Avenue,2025-04-02,2025-04-02T18:12:00,2025-04-02T18:15:00,12
00115521,Jump Street,2025-04-02,2025-04-02T18:15:00,2025-04-02T18:22:00,42
00311532,Fury Road,2025-04-02,2025-04-02T18:22:00,2025-04-02T18:23:00,13
00662113,Cloverfield Lane,2025-04-02,2025-04-02T18:41:00,2025-04-02T18:40:00,7
00113147,Bradshaw Street,2025-04-02,2025-04-02T19:03:00,2025-04-02T19:00:00,11
00261521,Elm Street,2025-04-02,2025-04-02T19:07:00,2025-04-02T19:09:00,32
00113264,Ocean Avenue,2025-04-02,2025-04-02T19:12:00,2025-04-02T19:13:00,20
00115521,Jump Street,2025-04-02,2025-04-02T19:15:00,2025-04-02T19:20:00,2
00311532,Fury Road,2025-04-02,2025-04-02T19:22:00,2025-04-02T19:26:00,8
00662113,Cloverfield Lane,2025-04-02,2025-04-02T19:41:00,2025-04-02T19:41:00,7
00113147,Bradshaw Street,2025-04-02,2025-04-02T20:03:00,2025-04-02T19:59:00,12
00261521,Elm Street,2025-04-02,2025-04-02T20:07:00,2025-04-02T20:09:00,13
00113264,Ocean Avenue,2025-04-02,2025-04-02T20:12:00,2025-04-02T20:14:00,16
00115521,Jump Street,2025-04-02,2025-04-02T20:15:00,2025-04-02T20:19:00,20
00311532,Fury Road,2025-04-02,2025-04-02T20:22:00,2025-04-02T20:25:00,0
00662113,Cloverfield Lane,2025-04-02,2025-04-02T20:41:00,2025-04-02T20:41:00,0
00113147,Bradshaw Street,2025-04-02,2025-04-02T21:03:00,2025-04-02T20:59:00,5
00261521,Elm Street,2025-04-02,2025-04-02T21:07:00,2025-04-02T21:08:00,11
00113264,Ocean Avenue,2025-04-02,2025-04-02T21:12:00,2025-04-02T21:15:00,17
00115521,Jump Street,2025-04-02,2025-04-02T21:15:00,2025-04-02T21:19:00,17
00311532,Fury Road,2025-04-02,2025-04-02T21:22:00,2025-04-02T21:19:00,6
00662113,Cloverfield Lane,2025-04-02,2025-04-02T21:41:00,2025-04-02T21:40:00,10
00113147,Bradshaw Street,2025-04-03,2025-04-03T06:03:00,2025-04-03T06:00:00,4
00261521,Elm Street,2025-04-03,2025-04-03T06:07:00,2025-04-03T06:09:00,13
00113264,Ocean Avenue,2025-04-03,2025-04-03T06:12:00,2025-04-03T06:10:00,12
00115521,Jump Street,2025-04-03,2025-04-03T06:15:00,2025-04-03T06:22:00,13
00311532,Fury Road,2025-04-03,2025-04-03T06:22:00,2025-04-03T06:29:00,7
00662113,Cloverfield Lane,2025-04-03,2025-04-03T06:41:00,2025-04-03T06:42:00,6
00113147,Bradshaw Street,2025-04-03,2025-04-03T07:03:00,2025-04-03T06:59:00,26
00261521,Elm Street,2025-04-03,2025-04-03T07:07:00,2025-04-03T07:05:00,43
00113264,Ocean Avenue,2025-04-03,2025-04-03T07:12:00,2025-04-03T07:11:00,33
00115521,Jump Street,2025-04-03,2025-04-03T07:15:00,2025-04-03T07:18:00,26
00311532,Fury Road,2025-04-03,2025-04-03T07:22:00,2025-04-03T07:25:00,11
00662113,Cloverfield Lane,2025-04-03,2025-04-03T07:41:00,2025-04-03T07:37:00,6
00113147,Bradshaw Street,2025-04-03,2025-04-03T08:03:00,2025-04-03T08:01:00,13
00261521,Elm Street,2025-04-03,2025-04-03T08:07:00,2025-04-03T08:09:00,52
00113264,Ocean Avenue,2025-04-03,2025-04-03T08:12:00,2025-04-03T08:13:00,44
00115521,Jump Street,2025-04-03,2025-04-03T08:15:00,2025-04-03T08:17:00,28
00311532,Fury Road,2025-04-03,2025-04-03T08:22:00,2025-04-03T08:28:00,6
00662113,Cloverfield Lane,2025-04-03,2025-04-03T08:41:00,2025-04-03T08:40:00,4
00113147,Bradshaw Street,2025-04-03,2025-04-03T09:03:00,2025-04-03T08:59:00,15
00261521,Elm Street,2025-04-03,2025-04-03T09:07:00,2025-04-03T09:07:00,34
00113264,Ocean Avenue,2025-04-03,2025-04-03T09:12:00,2025-04-03T09:15:00,51
00115521,Jump Street,2025-04-03,2025-04-03T09:15:00,2025-04-03T09:17:00,20
00311532,Fury Road,2025-04-03,2025-04-03T09:22:00,2025-04-03T09:28:00,11
00662113,Cloverfield Lane,2025-04-03,2025-04-03T09:41:00,2025-04-03T09:43:00,4
00113147,Bradshaw Street,2025-04-03,2025-04-03T10:03:00,2025-04-03T10:00:00,23
00261521,Elm Street,2025-04-03,2025-04-03T10:07:00,2025-04-03T10:07:00,41
00113264,Ocean Avenue,2025-04-03,2025-04-03T10:12:00,2025-04-03T10:12:00,28
00115521,Jump Street,2025-04-03,2025-04-03T10:15:00,2025-04-03T10:21:00,26
00311532,Fury Road,2025-04-03,2025-04-03T10:22:00,2025-04-03T10:25:00,7
00662113,Cloverfield Lane,2025-04-03,2025-04-03T10:41:00,2025-04-03T10:43:00,1
00113147,Bradshaw Street,2025-04-03,2025-04-03T11:03:00,2025-04-03T11:01:00,19
00261521,Elm Street,2025-04-03,2025-04-03T11:07:00,2025-04-03T11:05:00,33
00113264,Ocean Avenue,2025-04-03,2025-04-03T11:12:00,2025-04-03T11:13:00,25
00115521,Jump Street,2025-04-03,2025-04-03T11:15:00,2025-04-03T11:20:00,22
00311532,Fury Road,2025-04-03,2025-04-03T11:22:00,2025-04-03T11:28:00,10
00662113,Cloverfield Lane,2025-04-03,2025-04-03T11:41:00,2025-04-03T11:39:00,7
00113147,Bradshaw Street,2025-04-03,2025-04-03T12:03:00,2025-04-03T12:00:00,4
00261521,Elm Street,2025-04-03,2025-04-03T12:07:00,2025-04-03T12:08:00,41
00113264,Ocean Avenue,2025-04-03,2025-04-03T12:12:00,2025-04-03T12:11:00,16
00115521,Jump Street,2025-04-03,2025-04-03T12:15:00,2025-04-03T12:17:00,20
00311532,Fury Road,2025-04-03,2025-04-03T12:22:00,2025-04-03T12:24:00,3
00662113,Cloverfield Lane,2025-04-03,2025-04-03T12:41:00,2025-04-03T12:40:00,3
00113147,Bradshaw Street,2025-04-03,2025-04-03T13:03:00,2025-04-03T13:00:00,8
00261521,Elm Street,2025-04-03,2025-04-03T13:07:00,2025-04-03T13:06:00,16
00113264,Ocean Avenue,2025-04-03,2025-04-03T13:12:00,2025-04-03T13:15:00,24
00115521,Jump Street,2025-04-03,2025-04-03T13:15:00,2025-04-03T13:20:00,24
00311532,Fury Road,2025-04-03,2025-04-03T13:22:00,2025-04-03T13:28:00,8
00662113,Cloverfield Lane,2025-04-03,2025-04-03T13:41:00,2025-04-03T13:41:00,6
00113147,Bradshaw Street,2025-04-03,2025-04-03T14:03:00,2025-04-03T13:59:00,7
00261521,Elm Street,2025-04-03,2025-04-03T14:07:00,2025-04-03T14:08:00,36
00113264,Ocean Avenue,2025-04-03,2025-04-03T14:12:00,2025-04-03T14:15:00,26
00115521,Jump Street,2025-04-03,2025-04-03T14:15:00,2025-04-03T14:18:00,15
00311532,Fury Road,2025-04-03,2025-04-03T14:22:00,2025-04-03T14:24:00,14
00662113,Cloverfield Lane,2025-04-03,2025-04-03T14:41:00,2025-04-03T14:38:00,5
00113147,Bradshaw Street,2025-04-03,2025-04-03T15:03:00,2025-04-03T15:03:00,18
00261521,Elm Street,2025-04-03,2025-04-03T15:07:00,2025-04-03T15:10:00,25
00113264,Ocean Avenue,2025-04-03,2025-04-03T15:12:00,2025-04-03T15:11:00,38
00115521,Jump Street,2025-04-03,2025-04-03T15:15:00,2025-04-03T15:20:00,14
00311532,Fury Road,2025-04-03,2025-04-03T15:22:00,2025-04-03T15:31:00,6
00662113,Cloverfield Lane,2025-04-03,2025-04-03T15:41:00,2025-04-03T15:35:00,5
00113147,Bradshaw Street,2025-04-03,2025-04-03T16:03:00,2025-04-03T16:00:00,14
00261521,Elm Street,2025-04-03,2025-04-03T16:07:00,2025-04-03T16:03:00,38
00113264,Ocean Avenue,2025-04-03,2025-04-03T16:12:00,2025-04-03T16:12:00,16
00115521,Jump Street,2025-04-03,2025-04-03T16:15:00,2025-04-03T16:17:00,38
00311532,Fury Road,2025-04-03,2025-04-03T16:22:00,2025-04-03T16:26:00,10
00662113,Cloverfield Lane,2025-04-03,2025-04-03T16:41:00,2025-04-03T16:41:00,5
00113147,Bradshaw Street,2025-04-03,2025-04-03T17:03:00,2025-04-03T17:01:00,10
00261521,Elm Street,2025-04-03,2025-04-03T17:07:00,2025-04-03T17:06:00,55
00113264,Ocean Avenue,2025-04-03,2025-04-03T17:12:00,2025-04-03T17:10:00,10
00115521,Jump Street,2025-04-03,2025-04-03T17:15:00,2025-04-03T17:19:00,37
00311532,Fury Road,2025-04-03,2025-04-03T17:22:00,2025-04-03T17:26:00,7
00662113,Cloverfield Lane,2025-04-03,2025-04-03T17:41:00,2025-04-03T17:36:00,11
00113147,Bradshaw Street,2025-04-03,2025-04-03T18:03:00,2025-04-03T18:00:00,18
00261521,Elm Street,2025-04-03,2025-04-03T18:07:00,2025-04-03T18:10:00,35
00113264,Ocean Avenue,2025-04-03,2025-04-03T18:12:00,2025-04-03T18:12:00,34
00115521,Jump Street,2025-04-03,2025-04-03T18:15:00,2025-04-03T18:19:00,21
00311532,Fury Road,2025-04-03,2025-04-03T18:22:00,2025-04-03T18:27:00,17
00662113,Cloverfield Lane,2025-04-03,2025-04-03T18:41:00,2025-04-03T18:40:00,8
00113147,Bradshaw Street,2025-04-03,2025-04-03T19:03:00,2025-04-03T19:01:00,17
00261521,Elm Street,2025-04-03,2025-04-03T19:07:00,2025-04-03T19:10:00,35
00113264,Ocean Avenue,2025-04-03,2025-04-03T19:12:00,2025-04-03T19:13:00,17
00115521,Jump Street,2025-04-03,2025-04-03T19:15:00,2025-04-03T19:19:00,16
00311532,Fury Road,2025-04-03,2025-04-03T19:22:00,2025-04-03T19:28:00,7
00662113,Cloverfield Lane,2025-04-03,2025-04-03T19:41:00,2025-04-03T19:39:00,5
00113147,Bradshaw Street,2025-04-03,2025-04-03T20:03:00,2025-04-03T19:59:00,7
00261521,Elm Street,2025-04-03,2025-04-03T20:07:00,2025-04-03T20:05:00,19
00113264,Ocean Avenue,2025-04-03,2025-04-03T20:12:00,2025-04-03T20:12:00,30
00115521,Jump Street,2025-04-03,2025-04-03T20:15:00,2025-04-03T20:23:00,16
00311532,Fury Road,2025-04-03,2025-04-03T20:22:00,2025-04-03T20:26:00,2
00662113,Cloverfield Lane,2025-04-03,2025-04-03T20:41:00,2025-04-03T20:41:00,9
00113147,Bradshaw Street,2025-04-03,2025-04-03T21:03:00,2025-04-03T20:58:00,10
00261521,Elm Street,2025-04-03,2025-04-03T21:07:00,2025-04-03T21:05:00,29
00113264,Ocean Avenue,2025-04-03,2025-04-03T21:12:00,2025-04-03T21:14:00,24
00115521,Jump Street,2025-04-03,2025-04-03T21:15:00,2025-04-03T21:19:00,22
00311532,Fury Road,2025-04-03,2025-04-03T21:22:00,2025-04-03T21:23:00,3
00662113,Cloverfield Lane,2025-04-03,2025-04-03T21:41:00,2025-04-03T21:40:00,6
00113147,Bradshaw Street,2025-04-04,2025-04-04T06:03:00,2025-04-04T05:59:00,15
00261521,Elm Street,2025-04-04,2025-04-04T06:07:00,2025-04-04T06:07:00,17
00113264,Ocean Avenue,2025-04-04,2025-04-04T06:12:00,2025-04-04T06:14:00,0
00115521,Jump Street,2025-04-04,2025-04-04T06:15:00,2025-04-04T06:18:00,9
00311532,Fury Road,2025-04-04,2025-04-04T06:22:00,2025-04-04T06:31:00,4
00662113,Cloverfield Lane,2025-04-04,2025-04-04T06:41:00,2025-04-04T06:43:00,0
00113147,Bradshaw Street,2025-04-04,2025-04-04T07:03:00,2025-04-04T07:01:00,27
00261521,Elm Street,2025-04-04,2025-04-04T07:07:00,2025-04-04T07:07:00,48
00113264,Ocean Avenue,2025-04-04,2025-04-04T07:12:00,2025-04-04T07:12:00,40
00115521,Jump Street,2025-04-04,2025-04-04T07:15:00,2025-04-04T07:21:00,18
00311532,Fury Road,2025-04-04,2025-04-04T07:22:00,2025-04-04T07:27:00,9
00662113,Cloverfield Lane,2025-04-04,2025-04-04T07:41:00,2025-04-04T07:41:00,6
00113147,Bradshaw Street,2025-04-04,2025-04-04T08:03:00,2025-04-04T08:00:00,13
00261521,Elm Street,2025-04-04,2025-04-04T08:07:00,2025-04-04T08:07:00,55
00113264,Ocean Avenue,2025-04-04,2025-04-04T08:12:00,2025-04-04T08:11:00,32
00115521,Jump Street,2025-04-04,2025-04-04T08:15:00,2025-04-04T08:22:00,25
00311532,Fury Road,2025-04-04,2025-04-04T08:22:00,2025-04-04T08:22:00,10
00662113,Cloverfield Lane,2025-04-04,2025-04-04T08:41:00,2025-04-04T08:39:00,7
00113147,Bradshaw Street,2025-04-04,2025-04-04T09:03:00,2025-04-04T09:00:00,18
00261521,Elm Street,2025-04-04,2025-04-04T09:07:00,2025-04-04T09:04:00,58
00113264,Ocean Avenue,2025-04-04,2025-04-04T09:12:00,2025-04-04T09:11:00,41
00115521,Jump Street,2025-04-04,2025-04-04T09:15:00,2025-04-04T09:18:00,25
00311532,Fury Road,2025-04-04,2025-04-04T09:22:00,2025-04-04T09:25:00,8
00662113,Cloverfield Lane,2025-04-04,2025-04-04T09:41:00,2025-04-04T09:40:00,4
00113147,Bradshaw Street,2025-04-04,2025-04-04T10:03:00,2025-04-04T10:00:00,9
00261521,Elm Street,2025-04-04,2025-04-04T10:07:00,2025-04-04T10:06:00,11
00113264,Ocean Avenue,2025-04-04,2025-04-04T10:12:00,2025-04-04T10:14:00,14
00115521,Jump Street,2025-04-04,2025-04-04T10:15:00,2025-04-04T10:19:00,22
00311532,Fury Road,2025-04-04,2025-04-04T10:22:00,2025-04-04T10:25:00,9
00662113,Cloverfield Lane,2025-04-04,2025-04-04T10:41:00,2025-04-04T10:41:00,12
00113147,Bradshaw Street,2025-04-04,2025-04-04T11:03:00,2025-04-04T11:03:00,19
00261521,Elm Street,2025-04-04,2025-04-04T11:07:00,2025-04-04T11:09:00,33
00113264,Ocean Avenue,2025-04-04,2025-04-04T11:12:00,2025-04-04T11:19:00,30
00115521,Jump Street,2025-04-04,2025-04-04T11:15:00,2025-04-04T11:22:00,20
00311532,Fury Road,2025-04-04,2025-04-04T11:22:00,2025-04-04T11:26:00,13
00662113,Cloverfield Lane,2025-04-04,2025-04-04T11:41:00,2025-04-04T11:40:00,7
00113147,Bradshaw Street,2025-04-04,2025-04-04T12:03:00,2025-04-04T11:59:00,16
00261521,Elm Street,2025-04-04,2025-04-04T12:07:00,2025-04-04T12:09:00,38
00113264,Ocean Avenue,2025-04-04,2025-04-04T12:12:00,2025-04-04T12:16:00,23
00115521,Jump Street,2025-04-04,2025-04-04T12:15:00,2025-04-04T12:21:00,9
00311532,Fury Road,2025-04-04,2025-04-04T12:22:00,2025-04-04T12:27:00,15
00662113,Cloverfield Lane,2025-04-04,2025-04-04T12:41:00,2025-04-04T12:41:00,10
00113147,Bradshaw Street,2025-04-04,2025-04-04T13:03:00,2025-04-04T13:01:00,24
00261521,Elm Street,2025-04-04,2025-04-04T13:07:00,2025-04-04T13:07:00,14
00113264,Ocean Avenue,2025-04-04,2025-04-04T13:12:00,2025-04-04T13:12:00,28
00115521,Jump Street,2025-04-04,2025-04-04T13:15:00,2025-04-04T13:24:00,10
00311532,Fury Road,2025-04-04,2025-04-04T13:22:00,2025-04-04T13:29:00,10
00662113,Cloverfield Lane,2025-04-04,2025-04-04T13:41:00,2025-04-04T13:38:00,2
00113147,Bradshaw Street,2025-04-04,2025-04-04T14:03:00,2025-04-04T13:57:00,20
00261521,Elm Street,2025-04-04,2025-04-04T14:07:00,2025-04-04T14:09:00,5
00113264,Ocean Avenue,2025-04-04,2025-04-04T14:12:00,2025-04-04T14:11:00,15
00115521,Jump Street,2025-04-04,2025-04-04T14:15:00,2025-04-04T14:20:00,16
00311532,Fury Road,2025-04-04,2025-04-04T14:22:00,2025-04-04T14:25:00,8
00662113,Cloverfield Lane,2025-04-04,2025-04-04T14:41:00,2025-04-04T14:42:00,9
00113147,Bradshaw Street,2025-04-04,2025-04-04T15:03:00,2025-04-04T14:58:00,15
00261521,Elm Street,2025-04-04,2025-04-04T15:07:00,2025-04-04T15:05:00,10
00113264,Ocean Avenue,2025-04-04,2025-04-04T15:12:00,2025-04-04T15:11:00,20
00115521,Jump Street,2025-04-04,2025-04-04T15:15:00,2025-04-04T15:19:00,20
00311532,Fury Road,2025-04-04,2025-04-04T15:22:00,none,0
00662113,Cloverfield Lane,2025-04-04,2025-04-04T15:41:00,2025-04-04T15:41:00,9
00113147,Bradshaw Street,2025-04-04,2025-04-04T16:03:00,2025-04-04T15:59:00,19
00261521,Elm Street,2025-04-04,2025-04-04T16:07:00,2025-04-04T16:09:00,60
00113264,Ocean Avenue,2025-04-04,2025-04-04T16:12:00,2025-04-04T16:13:00,31
00115521,Jump Street,2025-04-04,2025-04-04T16:15:00,2025-04-04T16:18:00,31
00311532,Fury Road,2025-04-04,2025-04-04T16:22:00,2025-04-04T16:24:00,15
00662113,Cloverfield Lane,2025-04-04,2025-04-04T16:41:00,2025-04-04T16:41:00,7
00113147,Bradshaw Street,2025-04-04,2025-04-04T17:03:00,2025-04-04T17:00:00,12
00261521,Elm Street,2025-04-04,2025-04-04T17:07:00,2025-04-04T17:07:00,37
00113264,Ocean Avenue,2025-04-04,2025-04-04T17:12:00,2025-04-04T17:11:00,8
00115521,Jump Street,2025-04-04,2025-04-04T17:15:00,2025-04-04T17:19:00,45
00311532,Fury Road,2025-04-04,2025-04-04T17:22:00,2025-04-04T17:24:00,13
00662113,Cloverfield Lane,2025-04-04,2025-04-04T17:41:00,2025-04-04T17:40:00,3
00113147,Bradshaw Street,2025-04-04,2025-04-04T18:03:00,2025-04-04T18:00:00,22
00261521,Elm Street,2025-04-04,2025-04-04T18:07:00,2025-04-04T18:06:00,60
00113264,Ocean Avenue,2025-04-04,2025-04-04T18:12:00,2025-04-04T18:12:00,41
00115521,Jump Street,2025-04-04,2025-04-04T18:15:00,2025-04-04T18:17:00,38
00311532,Fury Road,2025-04-04,2025-04-04T18:22:00,2025-04-04T18:27:00,15
00662113,Cloverfield Lane,2025-04-04,2025-04-04T18:41:00,2025-04-04T18:40:00,12
00113147,Bradshaw Street,2025-04-04,2025-04-04T19:03:00,2025-04-04T19:00:00,3
00261521,Elm Street,2025-04-04,2025-04-04T19:07:00,2025-04-04T19:10:00,22
00113264,Ocean Avenue,2025-04-04,2025-04-04T19:12:00,2025-04-04T19:11:00,29
00115521,Jump Street,2025-04-04,2025-04-04T19:15:00,2025-04-04T19:21:00,16
00311532,Fury Road,2025-04-04,2025-04-04T19:22:00,2025-04-04T19:29:00,6
00662113,Cloverfield Lane,2025-04-04,2025-04-04T19:41:00,2025-04-04T19:39:00,7
00113147,Bradshaw Street,2025-04-04,2025-04-04T20:03:00,2025-04-04T19:59:00,23
00261521,Elm Street,2025-04-04,2025-04-04T20:07:00,2025-04-04T20:08:00,40
00113264,Ocean Avenue,2025-04-04,2025-04-04T20:12:00,2025-04-04T20:13:00,31
00115521,Jump Street,2025-04-04,2025-04-04T20:15:00,2025-04-04T20:20:00,15
00311532,Fury Road,2025-04-04,2025-04-04T20:22:00,2025-04-04T20:29:00,16
00662113,Cloverfield Lane,2025-04-04,2025-04-04T20:41:00,2025-04-04T20:41:00,9
00113147,Bradshaw Street,2025-04-04,2025-04-04T21:03:00,2025-04-04T21:02:00,11
00261521,Elm Street,2025-04-04,2025-04-04T21:07:00,2025-04-04T21:09:00,32
00113264,Ocean Avenue,2025-04-04,2025-04-04T21:12:00,2025-04-04T21:14:00,25
00115521,Jump Street,2025-04-04,2025-04-04T21:15:00,2025-04-04T21:21:00,5
00311532,Fury Road,2025-04-04,2025-04-04T21:22:00,2025-04-04T21:27:00,5
00662113,Cloverfield Lane,2025-04-04,2025-04-04T21:41:00,2025-04-04T21:37:00,5
00113147,Bradshaw Street,2025-04-05,2025-04-05T06:03:00,2025-04-05T06:01:00,0
00261521,Elm Street,2025-04-05,2025-04-05T06:07:00,2025-04-05T06:12:00,24
00113264,Ocean Avenue,2025-04-05,2025-04-05T06:12:00,2025-04-05T06:14:00,0
00115521,Jump Street,2025-04-05,2025-04-05T06:15:00,2025-04-05T06:18:00,3
00311532,Fury Road,2025-04-05,2025-04-05T06:22:00,2025-04-05T06:27:00,0
00662113,Cloverfield Lane,2025-04-05,2025-04-05T06:41:00,2025-04-05T06:41:00,0
00113147,Bradshaw Street,2025-04-05,2025-04-05T07:03:00,2025-04-05T06:59:00,19
00261521,Elm Street,2025-04-05,2025-04-05T07:07:00,2025-04-05T07:08:00,32
00113264,Ocean Avenue,2025-04-05,2025-04-05T07:12:00,2025-04-05T07:13:00,29
00115521,Jump Street,2025-04-05,2025-04-05T07:15:00,2025-04-05T07:18:00,19
00311532,Fury Road,2025-04-05,2025-04-05T07:22:00,2025-04-05T07:27:00,2
00662113,Cloverfield Lane,2025-04-05,2025-04-05T07:41:00,2025-04-05T07:41:00,7
00113147,Bradshaw Street,2025-04-05,2025-04-05T08:03:00,2025-04-05T07:58:00,16
00261521,Elm Street,2025-04-05,2025-04-05T08:07:00,2025-04-05T08:09:00,21
00113264,Ocean Avenue,2025-04-05,2025-04-05T08:12:00,2025-04-05T08:14:00,15
00115521,Jump Street,2025-04-05,2025-04-05T08:15:00,2025-04-05T08:19:00,5
00311532,Fury Road,2025-04-05,2025-04-05T08:22:00,2025-04-05T08:30:00,7
00662113,Cloverfield Lane,2025-04-05,2025-04-05T08:41:00,2025-04-05T08:39:00,8
00113147,Bradshaw Street,2025-04-05,2025-04-05T09:03:00,2025-04-05T09:01:00,19
00261521,Elm Street,2025-04-05,2025-04-05T09:07:00,2025-04-05T09:08:00,40
00113264,Ocean Avenue,2025-04-05,2025-04-05T09:12:00,2025-04-05T09:10:00,16
00115521,Jump Street,2025-04-05,2025-04-05T09:15:00,2025-04-05T09:17:00,2
00311532,Fury Road,2025-04-05,2025-04-05T09:22:00,2025-04-05T09:24:00,10
00662113,Cloverfield Lane,2025-04-05,2025-04-05T09:41:00,2025-04-05T09:38:00,9
00113147,Bradshaw Street,2025-04-05,2025-04-05T10:03:00,2025-04-05T10:00:00,9
00261521,Elm Street,2025-04-05,2025-04-05T10:07:00,2025-04-05T10:06:00,5
00113264,Ocean Avenue,2025-04-05,2025-04-05T10:12:00,2025-04-05T10:14:00,16
00115521,Jump Street,2025-04-05,2025-04-05T10:15:00,2025-04-05T10:20:00,4
00311532,Fury Road,2025-04-05,2025-04-05T10:22:00,2025-04-05T10:30:00,6
00662113,Cloverfield Lane,2025-04-05,2025-04-05T10:41:00,2025-04-05T10:41:00,1
00113147,Bradshaw Street,2025-04-05,2025-04-05T11:03:00,2025-04-05T11:02:00,8
00261521,Elm Street,2025-04-05,2025-04-05T11:07:00,2025-04-05T11:08:00,23
00113264,Ocean Avenue,2025-04-05,2025-04-05T11:12:00,2025-04-05T11:14:00,16
00115521,Jump Street,2025-04-05,2025-04-05T11:15:00,2025-04-05T11:21:00,8
00311532,Fury Road,2025-04-05,2025-04-05T11:22:00,2025-04-05T11:22:00,2
00662113,Cloverfield Lane,2025-04-05,2025-04-05T11:41:00,2025-04-05T11:42:00,6
00113147,Bradshaw Street,2025-04-05,2025-04-05T12:03:00,2025-04-05T11:58:00,10
00261521,Elm Street,2025-04-05,2025-04-05T12:07:00,2025-04-05T12:05:00,14
00113264,Ocean Avenue,2025-04-05,2025-04-05T12:12:00,2025-04-05T12:14:00,19
00115521,Jump Street,2025-04-05,2025-04-05T12:15:00,2025-04-05T12:21:00,3
00311532,Fury Road,2025-04-05,2025-04-05T12:22:00,2025-04-05T12:25:00,5
00662113,Cloverfield Lane,2025-04-05,2025-04-05T12:41:00,2025-04-05T12:40:00,5
00113147,Bradshaw Street,2025-04-05,2025-04-05T13:03:00,2025-04-05T13:00:00,15
00261521,Elm Street,2025-04-05,2025-04-05T13:07:00,2025-04-05T13:04:00,29
00113264,Ocean Avenue,2025-04-05,2025-04-05T13:12:00,2025-04-05T13:13:00,14
00115521,Jump Street,2025-04-05,2025-04-05T13:15:00,2025-04-05T13:18:00,0
00311532,Fury Road,2025-04-05,2025-04-05T13:22:00,2025-04-05T13:26:00,2
00662113,Cloverfield Lane,2025-04-05,2025-04-05T13:41:00,2025-04-05T13:39:00,8
00113147,Bradshaw Street,2025-04-05,2025-04-05T14:03:00,2025-04-05T14:01:00,11
00261521,Elm Street,2025-04-05,2025-04-05T14:07:00,2025-04-05T14:08:00,26
00113264,Ocean Avenue,2025-04-05,2025-04-05T14:12:00,2025-04-05T14:14:00,16
00115521,Jump Street,2025-04-05,2025-04-05T14:15:00,2025-04-05T14:21:00,11
00311532,Fury Road,2025-04-05,2025-04-05T14:22:00,2025-04-05T14:28:00,11
00662113,Cloverfield Lane,2025-04-05,2025-04-05T14:41:00,2025-04-05T14:39:00,5
00113147,Bradshaw Street,2025-04-05,2025-04-05T15:03:00,2025-04-05T15:01:00,6
00261521,Elm Street,2025-04-05,2025-04-05T15:07:00,2025-04-05T15:05:00,15
00113264,Ocean Avenue,2025-04-05,2025-04-05T15:12:00,2025-04-05T15:15:00,18
00115521,Jump Street,2025-04-05,2025-04-05T15:15:00,2025-04-05T15:17:00,9
00311532,Fury Road,2025-04-05,2025-04-05T15:22:00,2025-04-05T15:29:00,9
00662113,Cloverfield Lane,2025-04-05,2025-04-05T15:41:00,2025-04-05T15:43:00,4
00113147,Bradshaw Street,2025-04-05,2025-04-05T16:03:00,2025-04-05T15:59:00,8
00261521,Elm Street,2025-04-05,2025-04-05T16:07:00,2025-04-05T16:08:00,19
00113264,Ocean Avenue,2025-04-05,2025-04-05T16:12:00,2025-04-05T16:10:00,14
00115521,Jump Street,2025-04-05,2025-04-05T16:15:00,2025-04-05T16:21:00,10
00311532,Fury Road,2025-04-05,2025-04-05T16:22:00,2025-04-05T16:25:00,6
00662113,Cloverfield Lane,2025-04-05,2025-04-05T16:41:00,2025-04-05T16:36:00,1
00113147,Bradshaw Street,2025-04-05,2025-04-05T17:03:00,2025-04-05T17:01:00,19
00261521,Elm Street,2025-04-05,2025-04-05T17:07:00,2025-04-05T17:07:00,14
00113264,Ocean Avenue,2025-04-05,2025-04-05T17:12:00,2025-04-05T17:12:00,3
00115521,Jump Street,2025-04-05,2025-04-05T17:15:00,2025-04-05T17:20:00,23
00311532,Fury Road,2025-04-05,2025-04-05T17:22:00,2025-04-05T17:24:00,6
00662113,Cloverfield Lane,2025-04-05,2025-04-05T17:41:00,2025-04-05T17:39:00,1
00113147,Bradshaw Street,2025-04-05,2025-04-05T18:03:00,2025-04-05T18:01:00,11
00261521,Elm Street,2025-04-05,2025-04-05T18:07:00,2025-04-05T18:08:00,18
00113264,Ocean Avenue,2025-04-05,2025-04-05T18:12:00,2025-04-05T18:16:00,12
00115521,Jump Street,2025-04-05,2025-04-05T18:15:00,2025-04-05T18:20:00,39
00311532,Fury Road,2025-04-05,2025-04-05T18:22:00,2025-04-05T18:21:00,5
00662113,Cloverfield Lane,2025-04-05,2025-04-05T18:41:00,2025-04-05T18:39:00,0
00113147,Bradshaw Street,2025-04-05,2025-04-05T19:03:00,2025-04-05T19:03:00,0
00261521,Elm Street,2025-04-05,2025-04-05T19:07:00,2025-04-05T19:08:00,10
00113264,Ocean Avenue,2025-04-05,2025-04-05T19:12:00,2025-04-05T19:11:00,1
00115521,Jump Street,2025-04-05,2025-04-05T19:15:00,2025-04-05T19:16:00,6
00311532,Fury Road,2025-04-05,2025-04-05T19:22:00,2025-04-05T19:27:00,3
00662113,Cloverfield Lane,2025-04-05,2025-04-05T19:41:00,2025-04-05T19:39:00,3
00113147,Bradshaw Street,2025-04-05,2025-04-05T20:03:00,2025-04-05T20:02:00,0
00261521,Elm Street,2025-04-05,2025-04-05T20:07:00,2025-04-05T20:07:00,12
00113264,Ocean Avenue,2025-04-05,2025-04-05T20:12:00,2025-04-05T20:14:00,8
00115521,Jump Street,2025-04-05,2025-04-05T20:15:00,2025-04-05T20:20:00,13
00311532,Fury Road,2025-04-05,2025-04-05T20:22:00,2025-04-05T20:29:00,3
00662113,Cloverfield Lane,2025-04-05,2025-04-05T20:41:00,2025-04-05T20:41:00,3
00113147,Bradshaw Street,2025-04-05,2025-04-05T21:03:00,2025-04-05T20:59:00,6
00261521,Elm Street,2025-04-05,2025-04-05T21:07:00,2025-04-05T21:08:00,22
00113264,Ocean Avenue,2025-04-05,2025-04-05T21:12:00,2025-04-05T21:14:00,3
00115521,Jump Street,2025-04-05,2025-04-05T21:15:00,2025-04-05T21:20:00,17
00311532,Fury Road,2025-04-05,2025-04-05T21:22:00,2025-04-05T21:22:00,4
00662113,Cloverfield Lane,2025-04-05,2025-04-05T21:41:00,2025-04-05T21:39:00,4
00113147,Bradshaw Street,2025-04-06,2025-04-06T06:03:00,2025-04-06T06:00:00,8
00261521,Elm Street,2025-04-06,2025-04-06T06:07:00,2025-04-06T06:08:00,0
00113264,Ocean Avenue,2025-04-06,2025-04-06T06:12:00,2025-04-06T06:10:00,9
00115521,Jump Street,2025-04-06,2025-04-06T06:15:00,2025-04-06T06:18:00,18
00311532,Fury Road,2025-04-06,2025-04-06T06:22:00,2025-04-06T06:24:00,0
00662113,Cloverfield Lane,2025-04-06,2025-04-06T06:41:00,2025-04-06T06:41:00,4
00113147,Bradshaw Street,2025-04-06,2025-04-06T07:03:00,2025-04-06T06:59:00,11
00261521,Elm Street,2025-04-06,2025-04-06T07:07:00,2025-04-06T07:07:00,25
00113264,Ocean Avenue,2025-04-06,2025-04-06T07:12:00,2025-04-06T07:15:00,32
00115521,Jump Street,2025-04-06,2025-04-06T07:15:00,2025-04-06T07:19:00,27
00311532,Fury Road,2025-04-06,2025-04-06T07:22:00,2025-04-06T07:25:00,4
00662113,Cloverfield Lane,2025-04-06,2025-04-06T07:41:00,2025-04-06T07:43:00,6
00113147,Bradshaw Street,2025-04-06,2025-04-06T08:03:00,2025-04-06T08:00:00,22
00261521,Elm Street,2025-04-06,2025-04-06T08:07:00,2025-04-06T08:10:00,31
00113264,Ocean Avenue,2025-04-06,2025-04-06T08:12:00,2025-04-06T08:13:00,34
00115521,Jump Street,2025-04-06,2025-04-06T08:15:00,2025-04-06T08:17:00,16
00311532,Fury Road,2025-04-06,2025-04-06T08:22:00,2025-04-06T08:24:00,9
00662113,Cloverfield Lane,2025-04-06,2025-04-06T08:41:00,2025-04-06T08:40:00,8
00113147,Bradshaw Street,2025-04-06,2025-04-06T09:03:00,2025-04-06T09:03:00,10
00261521,Elm Street,2025-04-06,2025-04-06T09:07:00,2025-04-06T09:08:00,23
00113264,Ocean Avenue,2025-04-06,2025-04-06T09:12:00,2025-04-06T09:16:00,19
00115521,Jump Street,2025-04-06,2025-04-06T09:15:00,2025-04-06T09:18:00,11
00311532,Fury Road,2025-04-06,2025-04-06T09:22:00,2025-04-06T09:24:00,15
00662113,Cloverfield Lane,2025-04-06,2025-04-06T09:41:00,2025-04-06T09:38:00,4
00113147,Bradshaw Street,2025-04-06,2025-04-06T10:03:00,2025-04-06T10:00:00,4
00261521,Elm Street,2025-04-06,2025-04-06T10:07:00,2025-04-06T10:06:00,12
00113264,Ocean Avenue,2025-04-06,2025-04-06T10:12:00,2025-04-06T10:15:00,13
00115521,Jump Street,2025-04-06,2025-04-06T10:15:00,2025-04-06T10:19:00,13
00311532,Fury Road,2025-04-06,2025-04-06T10:22:00,2025-04-06T10:25:00,2
00662113,Cloverfield Lane,2025-04-06,2025-04-06T10:41:00,2025-04-06T10:38:00,7
00113147,Bradshaw Street,2025-04-06,2025-04-06T11:03:00,2025-04-06T10:58:00,4
00261521,Elm Street,2025-04-06,2025-04-06T11:07:00,2025-04-06T11:08:00,21
00113264,Ocean Avenue,2025-04-06,2025-04-06T11:12:00,2025-04-06T11:14:00,5
00115521,Jump Street,2025-04-06,2025-04-06T11:15:00,2025-04-06T11:20:00,9
00311532,Fury Road,2025-04-06,2025-04-06T11:22:00,2025-04-06T11:26:00,7
00662113,Cloverfield Lane,2025-04-06,2025-04-06T11:41:00,2025-04-06T11:40:00,1
00113147,Bradshaw Street,2025-04-06,2025-04-06T12:03:00,2025-04-06T11:58:00,4
00261521,Elm Street,2025-04-06,2025-04-06T12:07:00,2025-04-06T12:10:00,5
00113264,Ocean Avenue,2025-04-06,2025-04-06T12:12:00,2025-04-06T12:15:00,30
00115521,Jump Street,2025-04-06,2025-04-06T12:15:00,2025-04-06T12:18:00,11
00311532,Fury Road,2025-04-06,2025-04-06T12:22:00,2025-04-06T12:28:00,8
00662113,Cloverfield Lane,2025-04-06,2025-04-06T12:41:00,2025-04-06T12:42:00,4
00113147,Bradshaw Street,2025-04-06,2025-04-06T13:03:00,2025-04-06T13:02:00,5
00261521,Elm Street,2025-04-06,2025-04-06T13:07:00,2025-04-06T13:08:00,14
00113264,Ocean Avenue,2025-04-06,2025-04-06T13:12:00,2025-04-06T13:18:00,24
00115521,Jump Street,2025-04-06,2025-04-06T13:15:00,2025-04-06T13:21:00,9
00311532,Fury Road,2025-04-06,2025-04-06T13:22:00,2025-04-06T13:29:00,3
00662113,Cloverfield Lane,2025-04-06,2025-04-06T13:41:00,2025-04-06T13:40:00,5
00113147,Bradshaw Street,2025-04-06,2025-04-06T14:03:00,2025-04-06T13:59:00,17
00261521,Elm Street,2025-04-06,2025-04-06T14:07:00,2025-04-06T14:09:00,2
00113264,Ocean Avenue,2025-04-06,2025-04-06T14:12:00,2025-04-06T14:13:00,1
00115521,Jump Street,2025-04-06,2025-04-06T14:15:00,2025-04-06T14:18:00,17
00311532,Fury Road,2025-04-06,2025-04-06T14:22:00,2025-04-06T14:27:00,11
00662113,Cloverfield Lane,2025-04-06,2025-04-06T14:41:00,2025-04-06T14:39:00,6
00113147,Bradshaw Street,2025-04-06,2025-04-06T15:03:00,2025-04-06T15:01:00,14
00261521,Elm Street,2025-04-06,2025-04-06T15:07:00,2025-04-06T15:07:00,21
00113264,Ocean Avenue,2025-04-06,2025-04-06T15:12:00,2025-04-06T15:09:00,32
00115521,Jump Street,2025-04-06,2025-04-06T15:15:00,2025-04-06T15:15:00,2
00311532,Fury Road,2025-04-06,2025-04-06T15:22:00,2025-04-06T15:26:00,5
00662113,Cloverfield Lane,2025-04-06,2025-04-06T15:41:00,2025-04-06T15:44:00,3
00113147,Bradshaw Street,2025-04-06,2025-04-06T16:03:00,2025-04-06T15:58:00,13
00261521,Elm Street,2025-04-06,2025-04-06T16:07:00,2025-04-06T16:07:00,18
00113264,Ocean Avenue,2025-04-06,2025-04-06T16:12:00,2025-04-06T16:16:00,25
00115521,Jump Street,2025-04-06,2025-04-06T16:15:00,2025-04-06T16:22:00,29
00311532,Fury Road,2025-04-06,2025-04-06T16:22:00,2025-04-06T16:27:00,11
00662113,Cloverfield Lane,2025-04-06,2025-04-06T16:41:00,2025-04-06T16:39:00,5
00113147,Bradshaw Street,2025-04-06,2025-04-06T17:03:00,2025-04-06T17:00:00,17
00261521,Elm Street,2025-04-06,2025-04-06T17:07:00,2025-04-06T17:08:00,29
00113264,Ocean Avenue,2025-04-06,2025-04-06T17:12:00,2025-04-06T17:16:00,38
00115521,Jump Street,2025-04-06,2025-04-06T17:15:00,2025-04-06T17:23:00,14
00311532,Fury Road,2025-04-06,2025-04-06T17:22:00,2025-04-06T17:27:00,16
00662113,Cloverfield Lane,2025-04-06,2025-04-06T17:41:00,2025-04-06T17:41:00,5
00113147,Bradshaw Street,2025-04-06,2025-04-06T18:03:00,2025-04-06T17:59:00,17
00261521,Elm Street,2025-04-06,2025-04-06T18:07:00,2025-04-06T18:07:00,9
00113264,Ocean Avenue,2025-04-06,2025-04-06T18:12:00,2025-04-06T18:13:00,15
00115521,Jump Street,2025-04-06,2025-04-06T18:15:00,2025-04-06T18:20:00,5
00311532,Fury Road,2025-04-06,2025-04-06T18:22:00,2025-04-06T18:28:00,11
00662113,Cloverfield Lane,2025-04-06,2025-04-06T18:41:00,2025-04-06T18:42:00,1
00113147,Bradshaw Street,2025-04-06,2025-04-06T19:03:00,2025-04-06T19:01:00,0
00261521,Elm Street,2025-04-06,2025-04-06T19:07:00,2025-04-06T19:06:00,22
00113264,Ocean Avenue,2025-04-06,2025-04-06T19:12:00,2025-04-06T19:15:00,6
00115521,Jump Street,2025-04-06,2025-04-06T19:15:00,2025-04-06T19:23:00,0
00311532,Fury Road,2025-04-06,2025-04-06T19:22:00,2025-04-06T19:27:00,4
00662113,Cloverfield Lane,2025-04-06,2025-04-06T19:41:00,2025-04-06T19:39:00,2
00113147,Bradshaw Street,2025-04-06,2025-04-06T20:03:00,2025-04-06T20:01:00,9
00261521,Elm Street,2025-04-06,2025-04-06T20:07:00,2025-04-06T20:09:00,1
00113264,Ocean Avenue,2025-04-06,2025-04-06T20:12:00,2025-04-06T20:12:00,12
00115521,Jump Street,2025-04-06,2025-04-06T20:15:00,2025-04-06T20:19:00,19
00311532,Fury Road,2025-04-06,2025-04-06T20:22:00,2025-04-06T20:24:00,3
00662113,Cloverfield Lane,2025-04-06,2025-04-06T20:41:00,2025-04-06T20:40:00,8
00113147,Bradshaw Street,2025-04-06,2025-04-06T21:03:00,2025-04-06T21:03:00,11
00261521,Elm Street,2025-04-06,2025-04-06T21:07:00,2025-04-06T21:05:00,23
00113264,Ocean Avenue,2025-04-06,2025-04-06T21:12:00,2025-04-06T21:11:00,10
00115521,Jump Street,2025-04-06,2025-04-06T21:15:00,2025-04-06T21:19:00,5
00311532,Fury Road,2025-04-06,2025-04-06T21:22:00,2025-04-06T21:26:00,0
00662113,Cloverfield Lane,2025-04-06,2025-04-06T21:41:00,2025-04-06T21:39:00,7
00113147,Bradshaw Street,2025-04-07,2025-04-07T06:03:00,2025-04-07T06:05:00,11
00261521,Elm Street,2025-04-07,2025-04-07T06:07:00,none,0
00113264,Ocean Avenue,2025-04-07,2025-04-07T06:12:00,2025-04-07T06:14:00,22
00115521,Jump Street,2025-04-07,2025-04-07T06:15:00,2025-04-07T06:16:00,8
00311532,Fury Road,2025-04-07,2025-04-07T06:22:00,2025-04-07T06:27:00,3
00662113,Cloverfield Lane,2025-04-07,2025-04-07T06:41:00,2025-04-07T06:41:00,4
00113147,Bradshaw Street,2025-04-07,2025-04-07T07:03:00,2025-04-07T06:59:00,25
00261521,Elm Street,2025-04-07,2025-04-07T07:07:00,2025-04-07T07:09:00,54
00113264,Ocean Avenue,2025-04-07,2025-04-07T07:12:00,2025-04-07T07:13:00,32
00115521,Jump Street,2025-04-07,2025-04-07T07:15:00,2025-04-07T07:22:00,33
00311532,Fury Road,2025-04-07,2025-04-07T07:22:00,2025-04-07T07:31:00,8
00662113,Cloverfield Lane,2025-04-07,2025-04-07T07:41:00,2025-04-07T07:38:00,3
00113147,Bradshaw Street,2025-04-07,2025-04-07T08:03:00,2025-04-07T08:00:00,25
00261521,Elm Street,2025-04-07,2025-04-07T08:07:00,2025-04-07T08:09:00,60
00113264,Ocean Avenue,2025-04-07,2025-04-07T08:12:00,2025-04-07T08:14:00,38
00115521,Jump Street,2025-04-07,2025-04-07T08:15:00,2025-04-07T08:17:00,38
00311532,Fury Road,2025-04-07,2025-04-07T08:22:00,2025-04-07T08:21:00,6
00662113,Cloverfield Lane,2025-04-07,2025-04-07T08:41:00,2025-04-07T08:42:00,6
00113147,Bradshaw Street,2025-04-07,2025-04-07T09:03:00,2025-04-07T09:01:00,31
00261521,Elm Street,2025-04-07,2025-04-07T09:07:00,2025-04-07T09:11:00,60
00113264,Ocean Avenue,2025-04-07,2025-04-07T09:12:00,2025-04-07T09:14:00,35
00115521,Jump Street,2025-04-07,2025-04-07T09:15:00,2025-04-07T09:20:00,26
00311532,Fury Road,2025-04-07,2025-04-07T09:22:00,2025-04-07T09:27:00,9
00662113,Cloverfield Lane,2025-04-07,2025-04-07T09:41:00,2025-04-07T09:39:00,13
00113147,Bradshaw Street,2025-04-07,2025-04-07T10:03:00,2025-04-07T10:00:00,12
00261521,Elm Street,2025-04-07,2025-04-07T10:07:00,2025-04-07T10:06:00,19
00113264,Ocean Avenue,2025-04-07,2025-04-07T10:12:00,2025-04-07T10:12:00,22
00115521,Jump Street,2025-04-07,2025-04-07T10:15:00,2025-04-07T10:21:00,14
00311532,Fury Road,2025-04-07,2025-04-07T10:22:00,2025-04-07T10:24:00,9
00662113,Cloverfield Lane,2025-04-07,2025-04-07T10:41:00,2025-04-07T10:38:00,10
00113147,Bradshaw Street,2025-04-07,2025-04-07T11:03:00,2025-04-07T11:00:00,15
00261521,Elm Street,2025-04-07,2025-04-07T11:07:00,2025-04-07T11:09:00,18
00113264,Ocean Avenue,2025-04-07,2025-04-07T11:12:00,2025-04-07T11:11:00,16
00115521,Jump Street,2025-04-07,2025-04-07T11:15:00,2025-04-07T11:18:00,25
00311532,Fury Road,2025-04-07,2025-04-07T11:22:00,2025-04-07T11:28:00,5
00662113,Cloverfield Lane,2025-04-07,2025-04-07T11:41:00,2025-04-07T11:38:00,6
00113147,Bradshaw Street,2025-04-07,2025-04-07T12:03:00,2025-04-07T12:00:00,9
00261521,Elm Street,2025-04-07,2025-04-07T12:07:00,2025-04-07T12:08:00,17
00113264,Ocean Avenue,2025-04-07,2025-04-07T12:12:00,2025-04-07T12:15:00,23
00115521,Jump Street,2025-04-07,2025-04-07T12:15:00,2025-04-07T12:19:00,28
00311532,Fury Road,2025-04-07,2025-04-07T12:22:00,2025-04-07T12:30:00,7
00662113,Cloverfield Lane,2025-04-07,2025-04-07T12:41:00,2025-04-07T12:40:00,8
00113147,Bradshaw Street,2025-04-07,2025-04-07T13:03:00,2025-04-07T12:57:00,20
00261521,Elm Street,2025-04-07,2025-04-07T13:07:00,none,0
00113264,Ocean Avenue,2025-04-07,2025-04-07T13:12:00,2025-04-07T13:10:00,24
00115521,Jump Street,2025-04-07,2025-04-07T13:15:00,2025-04-07T13:22:00,15
00311532,Fury Road,2025-04-07,2025-04-07T13:22:00,2025-04-07T13:25:00,15
00662113,Cloverfield Lane,2025-04-07,2025-04-07T13:41:00,2025-04-07T13:39:00,5
00113147,Bradshaw Street,2025-04-07,2025-04-07T14:03:00,2025-04-07T13:58:00,13
00261521,Elm Street,2025-04-07,2025-04-07T14:07:00,2025-04-07T14:06:00,9
00113264,Ocean Avenue,2025-04-07,2025-04-07T14:12:00,2025-04-07T14:16:00,24
00115521,Jump Street,2025-04-07,2025-04-07T14:15:00,2025-04-07T14:20:00,22
00311532,Fury Road,2025-04-07,2025-04-07T14:22:00,2025-04-07T14:24:00,11
00662113,Cloverfield Lane,2025-04-07,2025-04-07T14:41:00,2025-04-07T14:39:00,5
00113147,Bradshaw Street,2025-04-07,2025-04-07T15:03:00,2025-04-07T14:58:00,12
00261521,Elm Street,2025-04-07,2025-04-07T15:07:00,2025-04-07T15:09:00,22
00113264,Ocean Avenue,2025-04-07,2025-04-07T15:12:00,2025-04-07T15:10:00,14
00115521,Jump Street,2025-04-07,2025-04-07T15:15:00,2025-04-07T15:23:00,11
00311532,Fury Road,2025-04-07,2025-04-07T15:22:00,2025-04-07T15:31:00,10
00662113,Cloverfield Lane,2025-04-07,2025-04-07T15:41:00,2025-04-07T15:40:00,5
00113147,Bradshaw Street,2025-04-07,2025-04-07T16:03:00,2025-04-07T15:59:00,17
00261521,Elm Street,2025-04-07,2025-04-07T16:07:00,2025-04-07T16:08:00,37
00113264,Ocean Avenue,2025-04-07,2025-04-07T16:12:00,2025-04-07T16:09:00,25
00115521,Jump Street,2025-04-07,2025-04-07T16:15:00,2025-04-07T16:16:00,46
00311532,Fury Road,2025-04-07,2025-04-07T16:22:00,2025-04-07T16:28:00,9
00662113,Cloverfield Lane,2025-04-07,2025-04-07T16:41:00,2025-04-07T16:41:00,5
00113147,Bradshaw Street,2025-04-07,2025-04-07T17:03:00,2025-04-07T17:01:00,17
00261521,Elm Street,2025-04-07,2025-04-07T17:07:00,2025-04-07T17:08:00,28
00113264,Ocean Avenue,2025-04-07,2025-04-07T17:12:00,2025-04-07T17:15:00,24
00115521,Jump Street,2025-04-07,2025-04-07T17:15:00,2025-04-07T17:17:00,40
00311532,Fury Road,2025-04-07,2025-04-07T17:22:00,2025-04-07T17:28:00,13
00662113,Cloverfield Lane,2025-04-07,2025-04-07T17:41:00,2025-04-07T17:39:00,14
00113147,Bradshaw Street,2025-04-07,2025-04-07T18:03:00,2025-04-07T18:00:00,30
00261521,Elm Street,2025-04-07,2025-04-07T18:07:00,2025-04-07T18:09:00,46
00113264,Ocean Avenue,2025-04-07,2025-04-07T18:12:00,2025-04-07T18:12:00,25
00115521,Jump Street,2025-04-07,2025-04-07T18:15:00,2025-04-07T18:20:00,28
00311532,Fury Road,2025-04-07,2025-04-07T18:22:00,2025-04-07T18:26:00,15
00662113,Cloverfield Lane,2025-04-07,2025-04-07T18:41:00,2025-04-07T18:39:00,2
00113147,Bradshaw Street,2025-04-07,2025-04-07T19:03:00,2025-04-07T19:02:00,20
00261521,Elm Street,2025-04-07,2025-04-07T19:07:00,2025-04-07T19:08:00,23
00113264,Ocean Avenue,2025-04-07,2025-04-07T19:12:00,2025-04-07T19:14:00,12
00115521,Jump Street,2025-04-07,2025-04-07T19:15:00,2025-04-07T19:20:00,4
00311532,Fury Road,2025-04-07,2025-04-07T19:22:00,2025-04-07T19:26:00,2
00662113,Cloverfield Lane,2025-04-07,2025-04-07T19:41:00,2025-04-07T19:39:00,4
00113147,Bradshaw Street,2025-04-07,2025-04-07T20:03:00,2025-04-07T20:01:00,8
00261521,Elm Street,2025-04-07,2025-04-07T20:07:00,2025-04-07T20:10:00,11
00113264,Ocean Avenue,2025-04-07,2025-04-07T20:12:00,2025-04-07T20:12:00,30
00115521,Jump Street,2025-04-07,2025-04-07T20:15:00,2025-04-07T20:19:00,23
00311532,Fury Road,2025-04-07,2025-04-07T20:22:00,2025-04-07T20:28:00,6
00662113,Cloverfield Lane,2025-04-07,2025-04-07T20:41:00,2025-04-07T20:42:00,5
00113147,Bradshaw Street,2025-04-07,2025-04-07T21:03:00,2025-04-07T20:58:00,10
00261521,Elm Street,2025-04-07,2025-04-07T21:07:00,2025-04-07T21:11:00,32
00113264,Ocean Avenue,2025-04-07,2025-04-07T21:12:00,2025-04-07T21:11:00,22
00115521,Jump Street,2025-04-07,2025-04-07T21:15:00,2025-04-07T21:16:00,20
00311532,Fury Road,2025-04-07,2025-04-07T21:22:00,2025-04-07T21:26:00,5
00662113,Cloverfield Lane,2025-04-07,2025-04-07T21:41:00,2025-04-07T21:42:00,6
00113147,Bradshaw Street,2025-04-08,2025-04-08T06:03:00,2025-04-08T06:00:00,15
00261521,Elm Street,2025-04-08,2025-04-08T06:07:00,2025-04-08T06:08:00,35
00113264,Ocean Avenue,2025-04-08,2025-04-08T06:12:00,2025-04-08T06:13:00,24
00115521,Jump Street,2025-04-08,2025-04-08T06:15:00,2025-04-08T06:19:00,7
00311532,Fury Road,2025-04-08,2025-04-08T06:22:00,2025-04-08T06:23:00,2
00662113,Cloverfield Lane,2025-04-08,2025-04-08T06:41:00,2025-04-08T06:38:00,1
00113147,Bradshaw Street,2025-04-08,2025-04-08T07:03:00,2025-04-08T07:02:00,24
00261521,Elm Street,2025-04-08,2025-04-08T07:07:00,2025-04-08T07:04:00,59
00113264,Ocean Avenue,2025-04-08,2025-04-08T07:12:00,2025-04-08T07:12:00,31
00115521,Jump Street,2025-04-08,2025-04-08T07:15:00,2025-04-08T07:23:00,28
00311532,Fury Road,2025-04-08,2025-04-08T07:22:00,2025-04-08T07:27:00,6
00662113,Cloverfield Lane,2025-04-08,2025-04-08T07:41:00,2025-04-08T07:42:00,3
00113147,Bradshaw Street,2025-04-08,2025-04-08T08:03:00,2025-04-08T07:59:00,26
00261521,Elm Street,2025-04-08,2025-04-08T08:07:00,2025-04-08T08:09:00,58
00113264,Ocean Avenue,2025-04-08,2025-04-08T08:12:00,2025-04-08T08:13:00,39
00115521,Jump Street,2025-04-08,2025-04-08T08:15:00,2025-04-08T08:24:00,25
00311532,Fury Road,2025-04-08,2025-04-08T08:22:00,2025-04-08T08:24:00,10
00662113,Cloverfield Lane,2025-04-08,2025-04-08T08:41:00,2025-04-08T08:41:00,6
00113147,Bradshaw Street,2025-04-08,2025-04-08T09:03:00,2025-04-08T09:02:00,22
00261521,Elm Street,2025-04-08,2025-04-08T09:07:00,2025-04-08T09:08:00,60
00113264,Ocean Avenue,2025-04-08,2025-04-08T09:12:00,2025-04-08T09:12:00,38
00115521,Jump Street,2025-04-08,2025-04-08T09:15:00,2025-04-08T09:18:00,12
00311532,Fury Road,2025-04-08,2025-04-08T09:22:00,2025-04-08T09:24:00,7
00662113,Cloverfield Lane,2025-04-08,2025-04-08T09:41:00,2025-04-08T09:39:00,8
00113147,Bradshaw Street,2025-04-08,2025-04-08T10:03:00,2025-04-08T09:59:00,25
00261521,Elm Street,2025-04-08,2025-04-08T10:07:00,2025-04-08T10:09:00,25
00113264,Ocean Avenue,2025-04-08,2025-04-08T10:12:00,2025-04-08T10:13:00,10
00115521,Jump Street,2025-04-08,2025-04-08T10:15:00,2025-04-08T10:20:00,10
00311532,Fury Road,2025-04-08,2025-04-08T10:22:00,2025-04-08T10:28:00,7
00662113,Cloverfield Lane,2025-04-08,2025-04-08T10:41:00,2025-04-08T10:39:00,6
00113147,Bradshaw Street,2025-04-08,2025-04-08T11:03:00,2025-04-08T11:00:00,16
00261521,Elm Street,2025-04-08,2025-04-08T11:07:00,2025-04-08T11:11:00,22
00113264,Ocean Avenue,2025-04-08,2025-04-08T11:12:00,2025-04-08T11:15:00,18
00115521,Jump Street,2025-04-08,2025-04-08T11:15:00,2025-04-08T11:22:00,17
00311532,Fury Road,2025-04-08,2025-04-08T11:22:00,2025-04-08T11:27:00,8
00662113,Cloverfield Lane,2025-04-08,2025-04-08T11:41:00,2025-04-08T11:43:00,11
00113147,Bradshaw Street,2025-04-08,2025-04-08T12:03:00,2025-04-08T12:02:00,10
00261521,Elm Street,2025-04-08,2025-04-08T12:07:00,2025-04-08T12:08:00,24
00113264,Ocean Avenue,2025-04-08,2025-04-08T12:12:00,2025-04-08T12:12:00,15
00115521,Jump Street,2025-04-08,2025-04-08T12:15:00,2025-04-08T12:20:00,9
00311532,Fury Road,2025-04-08,2025-04-08T12:22:00,2025-04-08T12:23:00,7
00662113,Cloverfield Lane,2025-04-08,2025-04-08T12:41:00,2025-04-08T12:39:00,4
00113147,Bradshaw Street,2025-04-08,2025-04-08T13:03:00,2025-04-08T13:00:00,14
00261521,Elm Street,2025-04-08,2025-04-08T13:07:00,2025-04-08T13:09:00,24
00113264,Ocean Avenue,2025-04-08,2025-04-08T13:12:00,2025-04-08T13:17:00,15
00115521,Jump Street,2025-04-08,2025-04-08T13:15:00,2025-04-08T13:22:00,16
00311532,Fury Road,2025-04-08,2025-04-08T13:22:00,2025-04-08T13:23:00,14
00662113,Cloverfield Lane,2025-04-08,2025-04-08T13:41:00,2025-04-08T13:40:00,11
00113147,Bradshaw Street,2025-04-08,2025-04-08T14:03:00,2025-04-08T13:58:00,20
00261521,Elm Street,2025-04-08,2025-04-08T14:07:00,2025-04-08T14:09:00,27
00113264,Ocean Avenue,2025-04-08,2025-04-08T14:12:00,2025-04-08T14:16:00,32
00115521,Jump Street,2025-04-08,2025-04-08T14:15:00,2025-04-08T14:18:00,25
00311532,Fury Road,2025-04-08,2025-04-08T14:22:00,2025-04-08T14:25:00,11
00662113,Cloverfield Lane,2025-04-08,2025-04-08T14:41:00,2025-04-08T14:41:00,8
00113147,Bradshaw Street,2025-04-08,2025-04-08T15:03:00,2025-04-08T15:00:00,18
00261521,Elm Street,2025-04-08,2025-04-08T15:07:00,2025-04-08T15:09:00,20
00113264,Ocean Avenue,2025-04-08,2025-04-08T15:12:00,2025-04-08T15:15:00,23
00115521,Jump Street,2025-04-08,2025-04-08T15:15:00,2025-04-08T15:21:00,20
00311532,Fury Road,2025-04-08,2025-04-08T15:22:00,2025-04-08T15:28:00,0
00662113,Cloverfield Lane,2025-04-08,2025-04-08T15:41:00,2025-04-08T15:39:00,10
00113147,Bradshaw Street,2025-04-08,2025-04-08T16:03:00,2025-04-08T15:58:00,19
00261521,Elm Street,2025-04-08,2025-04-08T16:07:00,2025-04-08T16:07:00,33
00113264,Ocean Avenue,2025-04-08,2025-04-08T16:12:00,2025-04-08T16:13:00,41
00115521,Jump Street,2025-04-08,2025-04-08T16:15:00,2025-04-08T16:18:00,25
00311532,Fury Road,2025-04-08,2025-04-08T16:22:00,2025-04-08T16:27:00,9
00662113,Cloverfield Lane,2025-04-08,2025-04-08T16:41:00,2025-04-08T16:40:00,7
00113147,Bradshaw Street,2025-04-08,2025-04-08T17:03:00,2025-04-08T16:58:00,19
00261521,Elm Street,2025-04-08,2025-04-08T17:07:00,2025-04-08T17:06:00,44
00113264,Ocean Avenue,2025-04-08,2025-04-08T17:12:00,2025-04-08T17:15:00,40
00115521,Jump Street,2025-04-08,2025-04-08T17:15:00,2025-04-08T17:22:00,34
00311532,Fury Road,2025-04-08,2025-04-08T17:22:00,2025-04-08T17:29:00,10
00662113,Cloverfield Lane,2025-04-08,2025-04-08T17:41:00,2025-04-08T17:39:00,10
00113147,Bradshaw Street,2025-04-08,2025-04-08T18:03:00,2025-04-08T17:59:00,21
00261521,Elm Street,2025-04-08,2025-04-08T18:07:00,2025-04-08T18:06:00,34
00113264,Ocean Avenue,2025-04-08,2025-04-08T18:12:00,2025-04-08T18:13:00,28
00115521,Jump Street,2025-04-08,2025-04-08T18:15:00,2025-04-08T18:20:00,39
00311532,Fury Road,2025-04-08,2025-04-08T18:22:00,2025-04-08T18:26:00,12
00662113,Cloverfield Lane,2025-04-08,2025-04-08T18:41:00,2025-04-08T18:41:00,6
00113147,Bradshaw Street,2025-04-08,2025-04-08T19:03:00,2025-04-08T19:02:00,17
00261521,Elm Street,2025-04-08,2025-04-08T19:07:00,2025-04-08T19:07:00,25
00113264,Ocean Avenue,2025-04-08,2025-04-08T19:12:00,2025-04-08T19:12:00,29
00115521,Jump Street,2025-04-08,2025-04-08T19:15:00,2025-04-08T19:17:00,16
00311532,Fury Road,2025-04-08,2025-04-08T19:22:00,2025-04-08T19:27:00,7
00662113,Cloverfield Lane,2025-04-08,2025-04-08T19:41:00,2025-04-08T19:41:00,7
00113147,Bradshaw Street,2025-04-08,2025-04-08T20:03:00,2025-04-08T19:59:00,14
00261521,Elm Street,2025-04-08,2025-04-08T20:07:00,2025-04-08T20:07:00,4
00113264,Ocean Avenue,2025-04-08,2025-04-08T20:12:00,2025-04-08T20:11:00,9
00115521,Jump Street,2025-04-08,2025-04-08T20:15:00,2025-04-08T20:22:00,18
00311532,Fury Road,2025-04-08,2025-04-08T20:22:00,2025-04-08T20:24:00,8
00662113,Cloverfield Lane,2025-04-08,2025-04-08T20:41:00,2025-04-08T20:38:00,4
00113147,Bradshaw Street,2025-04-08,2025-04-08T21:03:00,2025-04-08T21:00:00,11
00261521,Elm Street,2025-04-08,2025-04-08T21:07:00,2025-04-08T21:10:00,22
00113264,Ocean Avenue,2025-04-08,2025-04-08T21:12:00,2025-04-08T21:13:00,17
00115521,Jump Street,2025-04-08,2025-04-08T21:15:00,2025-04-08T21:21:00,22
00311532,Fury Road,2025-04-08,2025-04-08T21:22:00,2025-04-08T21:28:00,7
00662113,Cloverfield Lane,2025-04-08,2025-04-08T21:41:00,2025-04-08T21:35:00,3
00113147,Bradshaw Street,2025-04-09,2025-04-09T06:03:00,2025-04-09T06:01:00,7
00261521,Elm Street,2025-04-09,2025-04-09T06:07:00,2025-04-09T06:08:00,13
00113264,Ocean Avenue,2025-04-09,2025-04-09T06:12:00,2025-04-09T06:14:00,14
00115521,Jump Street,2025-04-09,2025-04-09T06:15:00,2025-04-09T06:22:00,13
00311532,Fury Road,2025-04-09,2025-04-09T06:22:00,2025-04-09T06:24:00,9
00662113,Cloverfield Lane,2025-04-09,2025-04-09T06:41:00,2025-04-09T06:42:00,4
00113147,Bradshaw Street,2025-04-09,2025-04-09T07:03:00,2025-04-09T06:56:00,21
00261521,Elm Street,2025-04-09,2025-04-09T07:07:00,2025-04-09T07:10:00,59
00113264,Ocean Avenue,2025-04-09,2025-04-09T07:12:00,2025-04-09T07:10:00,22
00115521,Jump Street,2025-04-09,2025-04-09T07:15:00,2025-04-09T07:14:00,31
00311532,Fury Road,2025-04-09,2025-04-09T07:22:00,2025-04-09T07:30:00,13
00662113,Cloverfield Lane,2025-04-09,2025-04-09T07:41:00,2025-04-09T07:38:00,4
00113147,Bradshaw Street,2025-04-09,2025-04-09T08:03:00,2025-04-09T07:58:00,20
00261521,Elm Street,2025-04-09,2025-04-09T08:07:00,2025-04-09T08:10:00,60
00113264,Ocean Avenue,2025-04-09,2025-04-09T08:12:00,2025-04-09T08:15:00,39
00115521,Jump Street,2025-04-09,2025-04-09T08:15:00,2025-04-09T08:22:00,17
00311532,Fury Road,2025-04-09,2025-04-09T08:22:00,2025-04-09T08:29:00,11
00662113,Cloverfield Lane,2025-04-09,2025-04-09T08:41:00,2025-04-09T08:37:00,5
00113147,Bradshaw Street,2025-04-09,2025-04-09T09:03:00,2025-04-09T09:00:00,19
00261521,Elm Street,2025-04-09,2025-04-09T09:07:00,2025-04-09T09:09:00,50
00113264,Ocean Avenue,2025-04-09,2025-04-09T09:12:00,2025-04-09T09:14:00,38
00115521,Jump Street,2025-04-09,2025-04-09T09:15:00,2025-04-09T09:21:00,30
00311532,Fury Road,2025-04-09,2025-04-09T09:22:00,2025-04-09T09:26:00,6
00662113,Cloverfield Lane,2025-04-09,2025-04-09T09:41:00,2025-04-09T09:39:00,7
00113147,Bradshaw Street,2025-04-09,2025-04-09T10:03:00,2025-04-09T10:02:00,14
00261521,Elm Street,2025-04-09,2025-04-09T10:07:00,2025-04-09T10:07:00,25
00113264,Ocean Avenue,2025-04-09,2025-04-09T10:12:00,2025-04-09T10:10:00,34
00115521,Jump Street,2025-04-09,2025-04-09T10:15:00,2025-04-09T10:17:00,18
00311532,Fury Road,2025-04-09,2025-04-09T10:22:00,2025-04-09T10:24:00,15
00662113,Cloverfield Lane,2025-04-09,2025-04-09T10:41:00,2025-04-09T10:39:00,8
00113147,Bradshaw Street,2025-04-09,2025-04-09T11:03:00,2025-04-09T10:58:00,14
00261521,Elm Street,2025-04-09,2025-04-09T11:07:00,none,0
00113264,Ocean Avenue,2025-04-09,2025-04-09T11:12:00,2025-04-09T11:13:00,23
00115521,Jump Street,2025-04-09,2025-04-09T11:15:00,2025-04-09T11:20:00,20
00311532,Fury Road,2025-04-09,2025-04-09T11:22:00,2025-04-09T11:24:00,11
00662113,Cloverfield Lane,2025-04-09,2025-04-09T11:41:00,2025-04-09T11:37:00,4
00113147,Bradshaw Street,2025-04-09,2025-04-09T12:03:00,2025-04-09T11:59:00,16
00261521,Elm Street,2025-04-09,2025-04-09T12:07:00,2025-04-09T12:10:00,23
00113264,Ocean Avenue,2025-04-09,2025-04-09T12:12:00,2025-04-09T12:13:00,36
00115521,Jump Street,2025-04-09,2025-04-09T12:15:00,2025-04-09T12:20:00,20
00311532,Fury Road,2025-04-09,2025-04-09T12:22:00,2025-04-09T12:24:00,5
00662113,Cloverfield Lane,2025-04-09,2025-04-09T12:41:00,2025-04-09T12:41:00,9
00113147,Bradshaw Street,2025-04-09,2025-04-09T13:03:00,2025-04-09T13:00:00,16
00261521,Elm Street,2025-04-09,2025-04-09T13:07:00,2025-04-09T13:11:00,41
00113264,Ocean Avenue,2025-04-09,2025-04-09T13:12:00,2025-04-09T13:13:00,23
00115521,Jump Street,2025-04-09,2025-04-09T13:15:00,2025-04-09T13:19:00,13
00311532,Fury Road,2025-04-09,2025-04-09T13:22:00,2025-04-09T13:30:00,6
00662113,Cloverfield Lane,2025-04-09,2025-04-09T13:41:00,2025-04-09T13:41:00,10
00113147,Bradshaw Street,2025-04-09,2025-04-09T14:03:00,2025-04-09T13:56:00,8
00261521,Elm Street,2025-04-09,2025-04-09T14:07:00,2025-04-09T14:02:00,27
00113264,Ocean Avenue,2025-04-09,2025-04-09T14:12:00,2025-04-09T14:12:00,15
00115521,Jump Street,2025-04-09,2025-04-09T14:15:00,2025-04-09T14:17:00,20
00311532,Fury Road,2025-04-09,2025-04-09T14:22:00,2025-04-09T14:28:00,19
00662113,Cloverfield Lane,2025-04-09,2025-04-09T14:41:00,2025-04-09T14:41:00,3
00113147,Bradshaw Street,2025-04-09,2025-04-09T15:03:00,2025-04-09T15:01:00,10
00261521,Elm Street,2025-04-09,2025-04-09T15:07:00,2025-04-09T15:07:00,21
00113264,Ocean Avenue,2025-04-09,2025-04-09T15:12:00,2025-04-09T15:10:00,13
00115521,Jump Street,2025-04-09,2025-04-09T15:15:00,2025-04-09T15:20:00,16
00311532,Fury Road,2025-04-09,2025-04-09T15:22:00,2025-04-09T15:27:00,10
00662113,Cloverfield Lane,2025-04-09,2025-04-09T15:41:00,2025-04-09T15:38:00,8
00113147,Bradshaw Street,2025-04-09,2025-04-09T16:03:00,2025-04-09T15:59:00,26
00261521,Elm Street,2025-04-09,2025-04-09T16:07:00,2025-04-09T16:09:00,40
00113264,Ocean Avenue,2025-04-09,2025-04-09T16:12:00,2025-04-09T16:11:00,17
00115521,Jump Street,2025-04-09,2025-04-09T16:15:00,2025-04-09T16:22:00,38
00311532,Fury Road,2025-04-09,2025-04-09T16:22:00,2025-04-09T16:31:00,8
00662113,Cloverfield Lane,2025-04-09,2025-04-09T16:41:00,2025-04-09T16:41:00,8
00113147,Bradshaw Street,2025-04-09,2025-04-09T17:03:00,2025-04-09T16:57:00,17
00261521,Elm Street,2025-04-09,2025-04-09T17:07:00,2025-04-09T17:08:00,37
00113264,Ocean Avenue,2025-04-09,2025-04-09T17:12:00,2025-04-09T17:16:00,18
00115521,Jump Street,2025-04-09,2025-04-09T17:15:00,2025-04-09T17:18:00,35
00311532,Fury Road,2025-04-09,2025-04-09T17:22:00,2025-04-09T17:24:00,14
00662113,Cloverfield Lane,2025-04-09,2025-04-09T17:41:00,2025-04-09T17:41:00,9
00113147,Bradshaw Street,2025-04-09,2025-04-09T18:03:00,2025-04-09T17:59:00,15
00261521,Elm Street,2025-04-09,2025-04-09T18:07:00,2025-04-09T18:11:00,41
00113264,Ocean Avenue,2025-04-09,2025-04-09T18:12:00,2025-04-09T18:11:00,28
00115521,Jump Street,2025-04-09,2025-04-09T18:15:00,2025-04-09T18:19:00,47
00311532,Fury Road,2025-04-09,2025-04-09T18:22:00,2025-04-09T18:27:00,8
00662113,Cloverfield Lane,2025-04-09,2025-04-09T18:41:00,2025-04-09T18:40:00,6
00113147,Bradshaw Street,2025-04-09,2025-04-09T19:03:00,2025-04-09T19:00:00,9
00261521,Elm Street,2025-04-09,2025-04-09T19:07:00,2025-04-09T19:08:00,15
00113264,Ocean Avenue,2025-04-09,2025-04-09T19:12:00,2025-04-09T19:15:00,1
00115521,Jump Street,2025-04-09,2025-04-09T19:15:00,2025-04-09T19:17:00,15
00311532,Fury Road,2025-04-09,2025-04-09T19:22:00,2025-04-09T19:28:00,4
00662113,Cloverfield Lane,2025-04-09,2025-04-09T19:41:00,2025-04-09T19:40:00,7
00113147,Bradshaw Street,2025-04-09,2025-04-09T20:03:00,2025-04-09T19:58:00,20
00261521,Elm Street,2025-04-09,2025-04-09T20:07:00,2025-04-09T20:06:00,24
00113264,Ocean Avenue,2025-04-09,2025-04-09T20:12:00,2025-04-09T20:13:00,27
00115521,Jump Street,2025-04-09,2025-04-09T20:15:00,2025-04-09T20:19:00,6
00311532,Fury Road,2025-04-09,2025-04-09T20:22:00,2025-04-09T20:26:00,12
00662113,Cloverfield Lane,2025-04-09,2025-04-09T20:41:00,2025-04-09T20:41:00,5
00113147,Bradshaw Street,2025-04-09,2025-04-09T21:03:00,2025-04-09T21:01:00,19
00261521,Elm Street,2025-04-09,2025-04-09T21:07:00,2025-04-09T21:08:00,11
00113264,Ocean Avenue,2025-04-09,2025-04-09T21:12:00,2025-04-09T21:11:00,12
00115521,Jump Street,2025-04-09,2025-04-09T21:15:00,2025-04-09T21:23:00,17
00311532,Fury Road,2025-04-09,2025-04-09T21:22:00,2025-04-09T21:22:00,12
00662113,Cloverfield Lane,2025-04-09,2025-04-09T21:41:00,2025-04-09T21:38:00,5
00113147,Bradshaw Street,2025-04-10,2025-04-10T06:03:00,2025-04-10T05:57:00,0
00261521,Elm Street,2025-04-10,2025-04-10T06:07:00,2025-04-10T06:09:00,22
00113264,Ocean Avenue,2025-04-10,2025-04-10T06:12:00,2025-04-10T06:10:00,30
00115521,Jump Street,2025-04-10,2025-04-10T06:15:00,2025-04-10T06:20:00,17
00662113,Cloverfield Lane,2025-04-10,2025-04-10T06:41:00,2025-04-10T06:40:00,3
00113147,Bradshaw Street,2025-04-10,2025-04-10T07:03:00,2025-04-10T06:56:00,22
00261521,Elm Street,2025-04-10,2025-04-10T07:07:00,2025-04-10T07:07:00,60
00113264,Ocean Avenue,2025-04-10,2025-04-10T07:12:00,2025-04-10T07:11:00,37
00115521,Jump Street,2025-04-10,2025-04-10T07:15:00,2025-04-10T07:21:00,24
00662113,Cloverfield Lane,2025-04-10,2025-04-10T07:41:00,2025-04-10T07:39:00,6
00113147,Bradshaw Street,2025-04-10,2025-04-10T08:03:00,2025-04-10T08:00:00,28
00261521,Elm Street,2025-04-10,2025-04-10T08:07:00,2025-04-10T08:10:00,40
00113264,Ocean Avenue,2025-04-10,2025-04-10T08:12:00,2025-04-10T08:13:00,45
00115521,Jump Street,2025-04-10,2025-04-10T08:15:00,2025-04-10T08:21:00,25
00662113,Cloverfield Lane,2025-04-10,2025-04-10T08:41:00,2025-04-10T08:40:00,6
00113147,Bradshaw Street,2025-04-10,2025-04-10T09:03:00,2025-04-10T09:02:00,23
00261521,Elm Street,2025-04-10,2025-04-10T09:07:00,2025-04-10T09:06:00,50
00113264,Ocean Avenue,2025-04-10,2025-04-10T09:12:00,2025-04-10T09:14:00,53
00115521,Jump Street,2025-04-10,2025-04-10T09:15:00,2025-04-10T09:21:00,36
00662113,Cloverfield Lane,2025-04-10,2025-04-10T09:41:00,2025-04-10T09:37:00,7
00113147,Bradshaw Street,2025-04-10,2025-04-10T10:03:00,2025-04-10T09:59:00,13
00261521,Elm Street,2025-04-10,2025-04-10T10:07:00,2025-04-10T10:07:00,34
00113264,Ocean Avenue,2025-04-10,2025-04-10T10:12:00,2025-04-10T10:16:00,14
00115521,Jump Street,2025-04-10,2025-04-10T10:15:00,2025-04-10T10:18:00,7
00662113,Cloverfield Lane,2025-04-10,2025-04-10T10:41:00,2025-04-10T10:41:00,4
00113147,Bradshaw Street,2025-04-10,2025-04-10T11:03:00,2025-04-10T11:01:00,11
00261521,Elm Street,2025-04-10,2025-04-10T11:07:00,2025-04-10T11:07:00,25
00113264,Ocean Avenue,2025-04-10,2025-04-10T11:12:00,2025-04-10T11:14:00,23
00115521,Jump Street,2025-04-10,2025-04-10T11:15:00,2025-04-10T11:20:00,19
00662113,Cloverfield Lane,2025-04-10,2025-04-10T11:41:00,2025-04-10T11:38:00,11
00113147,Bradshaw Street,2025-04-10,2025-04-10T12:03:00,2025-04-10T12:01:00,8
00261521,Elm Street,2025-04-10,2025-04-10T12:07:00,2025-04-10T12:05:00,31
00113264,Ocean Avenue,2025-04-10,2025-04-10T12:12:00,2025-04-10T12:14:00,27
00115521,Jump Street,2025-04-10,2025-04-10T12:15:00,2025-04-10T12:20:00,27
00662113,Cloverfield Lane,2025-04-10,2025-04-10T12:41:00,2025-04-10T12:41:00,8
00113147,Bradshaw Street,2025-04-10,2025-04-10T13:03:00,2025-04-10T13:02:00,8
00261521,Elm Street,2025-04-10,2025-04-10T13:07:00,2025-04-10T13:05:00,31
00113264,Ocean Avenue,2025-04-10,2025-04-10T13:12:00,2025-04-10T13:11:00,39
00115521,Jump Street,2025-04-10,2025-04-10T13:15:00,2025-04-10T13:18:00,31
00662113,Cloverfield Lane,2025-04-10,2025-04-10T13:41:00,2025-04-10T13:39:00,8
00113147,Bradshaw Street,2025-04-10,2025-04-10T14:03:00,2025-04-10T13:59:00,19
00261521,Elm Street,2025-04-10,2025-04-10T14:07:00,2025-04-10T14:07:00,28
00113264,Ocean Avenue,2025-04-10,2025-04-10T14:12:00,2025-04-10T14:14:00,29
00115521,Jump Street,2025-04-10,2025-04-10T14:15:00,2025-04-10T14:17:00,14
00662113,Cloverfield Lane,2025-04-10,2025-04-10T14:41:00,2025-04-10T14:39:00,5
00113147,Bradshaw Street,2025-04-10,2025-04-10T15:03:00,2025-04-10T14:57:00,3
00261521,Elm Street,2025-04-10,2025-04-10T15:07:00,2025-04-10T15:09:00,26
00113264,Ocean Avenue,2025-04-10,2025-04-10T15:12:00,2025-04-10T15:12:00,21
00115521,Jump Street,2025-04-10,2025-04-10T15:15:00,2025-04-10T15:21:00,22
00662113,Cloverfield Lane,2025-04-10,2025-04-10T15:41:00,2025-04-10T15:43:00,11
00113147,Bradshaw Street,2025-04-10,2025-04-10T16:03:00,2025-04-10T15:57:00,17
00261521,Elm Street,2025-04-10,2025-04-10T16:07:00,2025-04-10T16:04:00,44
00113264,Ocean Avenue,2025-04-10,2025-04-10T16:12:00,2025-04-10T16:14:00,35
00115521,Jump Street,2025-04-10,2025-04-10T16:15:00,2025-04-10T16:19:00,33
00662113,Cloverfield Lane,2025-04-10,2025-04-10T16:41:00,2025-04-10T16:41:00,8
00113147,Bradshaw Street,2025-04-10,2025-04-10T17:03:00,2025-04-10T16:56:00,19
00261521,Elm Street,2025-04-10,2025-04-10T17:07:00,2025-04-10T17:08:00,26
00113264,Ocean Avenue,2025-04-10,2025-04-10T17:12:00,2025-04-10T17:13:00,28
00115521,Jump Street,2025-04-10,2025-04-10T17:15:00,2025-04-10T17:20:00,38
00662113,Cloverfield Lane,2025-04-10,2025-04-10T17:41:00,2025-04-10T17:41:00,8
00113147,Bradshaw Street,2025-04-10,2025-04-10T18:03:00,2025-04-10T18:01:00,13
00261521,Elm Street,2025-04-10,2025-04-10T18:07:00,2025-04-10T18:09:00,34
00113264,Ocean Avenue,2025-04-10,2025-04-10T18:12:00,2025-04-10T18:14:00,26
00115521,Jump Street,2025-04-10,2025-04-10T18:15:00,2025-04-10T18:20:00,34
00662113,Cloverfield Lane,2025-04-10,2025-04-10T18:41:00,2025-04-10T18:39:00,5
00113147,Bradshaw Street,2025-04-10,2025-04-10T19:03:00,2025-04-10T19:00:00,12
00261521,Elm Street,2025-04-10,2025-04-10T19:07:00,2025-04-10T19:08:00,2
00113264,Ocean Avenue,2025-04-10,2025-04-10T19:12:00,2025-04-10T19:16:00,26
00115521,Jump Street,2025-04-10,2025-04-10T19:15:00,2025-04-10T19:18:00,7
00662113,Cloverfield Lane,2025-04-10,2025-04-10T19:41:00,2025-04-10T19:40:00,5
00113147,Bradshaw Street,2025-04-10,2025-04-10T20:03:00,2025-04-10T19:59:00,15
00261521,Elm Street,2025-04-10,2025-04-10T20:07:00,2025-04-10T20:13:00,22
00113264,Ocean Avenue,2025-04-10,2025-04-10T20:12:00,2025-04-10T20:13:00,5
00115521,Jump Street,2025-04-10,2025-04-10T20:15:00,2025-04-10T20:21:00,19
00662113,Cloverfield Lane,2025-04-10,2025-04-10T20:41:00,2025-04-10T20:41:00,12
00113147,Bradshaw Street,2025-04-10,2025-04-10T21:03:00,2025-04-10T21:00:00,5
00261521,Elm Street,2025-04-10,2025-04-10T21:07:00,2025-04-10T21:06:00,15
00113264,Ocean Avenue,2025-04-10,2025-04-10T21:12:00,2025-04-10T21:13:00,32
00115521,Jump Street,2025-04-10,2025-04-10T21:15:00,2025-04-10T21:18:00,6
00662113,Cloverfield Lane,2025-04-10,2025-04-10T21:41:00,2025-04-10T21:42:00,3
00113147,Bradshaw Street,2025-04-11,2025-04-11T06:03:00,2025-04-11T06:00:00,22
00261521,Elm Street,2025-04-11,2025-04-11T06:07:00,2025-04-11T06:06:00,26
00113264,Ocean Avenue,2025-04-11,2025-04-11T06:12:00,2025-04-11T06:12:00,15
00115521,Jump Street,2025-04-11,2025-04-11T06:15:00,2025-04-11T06:21:00,15
00662113,Cloverfield Lane,2025-04-11,2025-04-11T06:41:00,2025-04-11T06:43:00,10
00113147,Bradshaw Street,2025-04-11,2025-04-11T07:03:00,2025-04-11T06:59:00,15
00261521,Elm Street,2025-04-11,2025-04-11T07:07:00,2025-04-11T07:11:00,42
00113264,Ocean Avenue,2025-04-11,2025-04-11T07:12:00,2025-04-11T07:10:00,26
00115521,Jump Street,2025-04-11,2025-04-11T07:15:00,2025-04-11T07:20:00,21
00662113,Cloverfield Lane,2025-04-11,2025-04-11T07:41:00,2025-04-11T07:41:00,9
00113147,Bradshaw Street,2025-04-11,2025-04-11T08:03:00,2025-04-11T07:59:00,15
00261521,Elm Street,2025-04-11,2025-04-11T08:07:00,2025-04-11T08:12:00,52
00113264,Ocean Avenue,2025-04-11,2025-04-11T08:12:00,2025-04-11T08:16:00,39
00115521,Jump Street,2025-04-11,2025-04-11T08:15:00,2025-04-11T08:20:00,29
00662113,Cloverfield Lane,2025-04-11,2025-04-11T08:41:00,2025-04-11T08:41:00,6
00113147,Bradshaw Street,2025-04-11,2025-04-11T09:03:00,2025-04-11T09:00:00,25
00261521,Elm Street,2025-04-11,2025-04-11T09:07:00,2025-04-11T09:04:00,58
00113264,Ocean Avenue,2025-04-11,2025-04-11T09:12:00,2025-04-11T09:12:00,34
00115521,Jump Street,2025-04-11,2025-04-11T09:15:00,2025-04-11T09:19:00,38
00662113,Cloverfield Lane,2025-04-11,2025-04-11T09:41:00,2025-04-11T09:39:00,8
00113147,Bradshaw Street,2025-04-11,2025-04-11T10:03:00,2025-04-11T09:59:00,19
00261521,Elm Street,2025-04-11,2025-04-11T10:07:00,2025-04-11T10:06:00,33
00113264,Ocean Avenue,2025-04-11,2025-04-11T10:12:00,2025-04-11T10:10:00,17
00115521,Jump Street,2025-04-11,2025-04-11T10:15:00,2025-04-11T10:20:00,17
00662113,Cloverfield Lane,2025-04-11,2025-04-11T10:41:00,2025-04-11T10:42:00,13
00113147,Bradshaw Street,2025-04-11,2025-04-11T11:03:00,2025-04-11T11:01:00,12
00261521,Elm Street,2025-04-11,2025-04-11T11:07:00,2025-04-11T11:03:00,20
00113264,Ocean Avenue,2025-04-11,2025-04-11T11:12:00,2025-04-11T11:14:00,20
00115521,Jump Street,2025-04-11,2025-04-11T11:15:00,2025-04-11T11:21:00,35
00662113,Cloverfield Lane,2025-04-11,2025-04-11T11:41:00,2025-04-11T11:39:00,7
00113147,Bradshaw Street,2025-04-11,2025-04-11T12:03:00,2025-04-11T12:00:00,11
00261521,Elm Street,2025-04-11,2025-04-11T12:07:00,2025-04-11T12:09:00,37
00113264,Ocean Avenue,2025-04-11,2025-04-11T12:12:00,2025-04-11T12:14:00,21
00115521,Jump Street,2025-04-11,2025-04-11T12:15:00,2025-04-11T12:20:00,20
00662113,Cloverfield Lane,2025-04-11,2025-04-11T12:41:00,2025-04-11T12:40:00,8
00113147,Bradshaw Street,2025-04-11,2025-04-11T13:03:00,2025-04-11T12:58:00,18
00261521,Elm Street,2025-04-11,2025-04-11T13:07:00,2025-04-11T13:09:00,32
00113264,Ocean Avenue,2025-04-11,2025-04-11T13:12:00,2025-04-11T13:14:00,14
00115521,Jump Street,2025-04-11,2025-04-11T13:15:00,2025-04-11T13:21:00,28
00662113,Cloverfield Lane,2025-04-11,2025-04-11T13:41:00,2025-04-11T13:39:00,0
00113147,Bradshaw Street,2025-04-11,2025-04-11T14:03:00,2025-04-11T14:02:00,1
00261521,Elm Street,2025-04-11,2025-04-11T14:07:00,2025-04-11T14:08:00,26
00113264,Ocean Avenue,2025-04-11,2025-04-11T14:12:00,2025-04-11T14:13:00,10
00115521,Jump Street,2025-04-11,2025-04-11T14:15:00,2025-04-11T14:17:00,13
00662113,Cloverfield Lane,2025-04-11,2025-04-11T14:41:00,2025-04-11T14:42:00,8
00113147,Bradshaw Street,2025-04-11,2025-04-11T15:03:00,2025-04-11T14:58:00,9
00261521,Elm Street,2025-04-11,2025-04-11T15:07:00,2025-04-11T15:07:00,23
00113264,Ocean Avenue,2025-04-11,2025-04-11T15:12:00,2025-04-11T15:13:00,44
00115521,Jump Street,2025-04-11,2025-04-11T15:15:00,2025-04-11T15:18:00,12
00662113,Cloverfield Lane,2025-04-11,2025-04-11T15:41:00,2025-04-11T15:38:00,7
00113147,Bradshaw Street,2025-04-11,2025-04-11T16:03:00,2025-04-11T16:01:00,14
00261521,Elm Street,2025-04-11,2025-04-11T16:07:00,2025-04-11T16:07:00,60
00113264,Ocean Avenue,2025-04-11,2025-04-11T16:12:00,2025-04-11T16:12:00,22
00115521,Jump Street,2025-04-11,2025-04-11T16:15:00,2025-04-11T16:21:00,30
00662113,Cloverfield Lane,2025-04-11,2025-04-11T16:41:00,2025-04-11T16:36:00,7
00113147,Bradshaw Street,2025-04-11,2025-04-11T17:03:00,2025-04-11T17:00:00,19
00261521,Elm Street,2025-04-11,2025-04-11T17:07:00,2025-04-11T17:08:00,41
00113264,Ocean Avenue,2025-04-11,2025-04-11T17:12:00,2025-04-11T17:17:00,29
00115521,Jump Street,2025-04-11,2025-04-11T17:15:00,2025-04-11T17:22:00,40
00662113,Cloverfield Lane,2025-04-11,2025-04-11T17:41:00,2025-04-11T17:38:00,3
00113147,Bradshaw Street,2025-04-11,2025-04-11T18:03:00,2025-04-11T18:00:00,20
00261521,Elm Street,2025-04-11,2025-04-11T18:07:00,2025-04-11T18:09:00,28
00113264,Ocean Avenue,2025-04-11,2025-04-11T18:12:00,2025-04-11T18:10:00,27
00115521,Jump Street,2025-04-11,2025-04-11T18:15:00,2025-04-11T18:18:00,34
00662113,Cloverfield Lane,2025-04-11,2025-04-11T18:41:00,2025-04-11T18:42:00,3
00113147,Bradshaw Street,2025-04-11,2025-04-11T19:03:00,2025-04-11T19:00:00,6
00261521,Elm Street,2025-04-11,2025-04-11T19:07:00,2025-04-11T19:05:00,19
00113264,Ocean Avenue,2025-04-11,2025-04-11T19:12:00,2025-04-11T19:14:00,19
00115521,Jump Street,2025-04-11,2025-04-11T19:15:00,2025-04-11T19:17:00,16
00662113,Cloverfield Lane,2025-04-11,2025-04-11T19:41:00,2025-04-11T19:40:00,6
00113147,Bradshaw Street,2025-04-11,2025-04-11T20:03:00,2025-04-11T19:59:00,15
00261521,Elm Street,2025-04-11,2025-04-11T20:07:00,2025-04-11T20:10:00,30
00113264,Ocean Avenue,2025-04-11,2025-04-11T20:12:00,2025-04-11T20:16:00,25
00115521,Jump Street,2025-04-11,2025-04-11T20:15:00,2025-04-11T20:20:00,21
00662113,Cloverfield Lane,2025-04-11,2025-04-11T20:41:00,2025-04-11T20:40:00,5
00113147,Bradshaw Street,2025-04-11,2025-04-11T21:03:00,2025-04-11T21:00:00,8
00261521,Elm Street,2025-04-11,2025-04-11T21:07:00,2025-04-11T21:06:00,42
00113264,Ocean Avenue,2025-04-11,2025-04-11T21:12:00,none,0
00115521,Jump Street,2025-04-11,2025-04-11T21:15:00,2025-04-11T21:23:00,26
00662113,Cloverfield Lane,2025-04-11,2025-04-11T21:41:00,2025-04-11T21:41:00,5
00113147,Bradshaw Street,2025-04-12,2025-04-12T06:03:00,2025-04-12T06:00:00,8
00261521,Elm Street,2025-04-12,2025-04-12T06:07:00,2025-04-12T06:09:00,22
00113264,Ocean Avenue,2025-04-12,2025-04-12T06:12:00,2025-04-12T06:15:00,4
00115521,Jump Street,2025-04-12,2025-04-12T06:15:00,2025-04-12T06:20:00,0
00662113,Cloverfield Lane,2025-04-12,2025-04-12T06:41:00,2025-04-12T06:38:00,0
00113147,Bradshaw Street,2025-04-12,2025-04-12T07:03:00,2025-04-12T07:01:00,28
00261521,Elm Street,2025-04-12,2025-04-12T07:07:00,2025-04-12T07:07:00,43
00113264,Ocean Avenue,2025-04-12,2025-04-12T07:12:00,2025-04-12T07:15:00,24
00115521,Jump Street,2025-04-12,2025-04-12T07:15:00,2025-04-12T07:19:00,18
00662113,Cloverfield Lane,2025-04-12,2025-04-12T07:41:00,2025-04-12T07:37:00,0
00113147,Bradshaw Street,2025-04-12,2025-04-12T08:03:00,2025-04-12T08:01:00,25
00261521,Elm Street,2025-04-12,2025-04-12T08:07:00,2025-04-12T08:09:00,43
00113264,Ocean Avenue,2025-04-12,2025-04-12T08:12:00,2025-04-12T08:11:00,41
00115521,Jump Street,2025-04-12,2025-04-12T08:15:00,2025-04-12T08:21:00,9
00662113,Cloverfield Lane,2025-04-12,2025-04-12T08:41:00,2025-04-12T08:40:00,3
00113147,Bradshaw Street,2025-04-12,2025-04-12T09:03:00,2025-04-12T08:59:00,28
00261521,Elm Street,2025-04-12,2025-04-12T09:07:00,2025-04-12T09:09:00,42
00113264,Ocean Avenue,2025-04-12,2025-04-12T09:12:00,2025-04-12T09:08:00,23
00115521,Jump Street,2025-04-12,2025-04-12T09:15:00,2025-04-12T09:17:00,9
00662113,Cloverfield Lane,2025-04-12,2025-04-12T09:41:00,2025-04-12T09:39:00,0
00113147,Bradshaw Street,2025-04-12,2025-04-12T10:03:00,2025-04-12T10:00:00,10
00261521,Elm Street,2025-04-12,2025-04-12T10:07:00,2025-04-12T10:09:00,20
00113264,Ocean Avenue,2025-04-12,2025-04-12T10:12:00,2025-04-12T10:13:00,4
00115521,Jump Street,2025-04-12,2025-04-12T10:15:00,2025-04-12T10:19:00,3
00662113,Cloverfield Lane,2025-04-12,2025-04-12T10:41:00,2025-04-12T10:40:00,3
00113147,Bradshaw Street,2025-04-12,2025-04-12T11:03:00,2025-04-12T10:59:00,22
00261521,Elm Street,2025-04-12,2025-04-12T11:07:00,2025-04-12T11:10:00,6
00113264,Ocean Avenue,2025-04-12,2025-04-12T11:12:00,2025-04-12T11:14:00,19
00115521,Jump Street,2025-04-12,2025-04-12T11:15:00,2025-04-12T11:23:00,11
00662113,Cloverfield Lane,2025-04-12,2025-04-12T11:41:00,2025-04-12T11:40:00,4
00113147,Bradshaw Street,2025-04-12,2025-04-12T12:03:00,2025-04-12T12:00:00,20
00261521,Elm Street,2025-04-12,2025-04-12T12:07:00,2025-04-12T12:09:00,13
00113264,Ocean Avenue,2025-04-12,2025-04-12T12:12:00,2025-04-12T12:14:00,21
00115521,Jump Street,2025-04-12,2025-04-12T12:15:00,2025-04-12T12:23:00,7
00662113,Cloverfield Lane,2025-04-12,2025-04-12T12:41:00,2025-04-12T12:39:00,7
00113147,Bradshaw Street,2025-04-12,2025-04-12T13:03:00,2025-04-12T13:00:00,9
00261521,Elm Street,2025-04-12,2025-04-12T13:07:00,2025-04-12T13:11:00,15
00113264,Ocean Avenue,2025-04-12,2025-04-12T13:12:00,2025-04-12T13:11:00,15
00115521,Jump Street,2025-04-12,2025-04-12T13:15:00,2025-04-12T13:19:00,8
00662113,Cloverfield Lane,2025-04-12,2025-04-12T13:41:00,2025-04-12T13:39:00,4
00113147,Bradshaw Street,2025-04-12,2025-04-12T14:03:00,2025-04-12T14:01:00,14
00261521,Elm Street,2025-04-12,2025-04-12T14:07:00,2025-04-12T14:07:00,26
00113264,Ocean Avenue,2025-04-12,2025-04-12T14:12:00,2025-04-12T14:17:00,17
00115521,Jump Street,2025-04-12,2025-04-12T14:15:00,2025-04-12T14:18:00,16
00662113,Cloverfield Lane,2025-04-12,2025-04-12T14:41:00,2025-04-12T14:38:00,3
00113147,Bradshaw Street,2025-04-12,2025-04-12T15:03:00,2025-04-12T15:00:00,10
00261521,Elm Street,2025-04-12,2025-04-12T15:07:00,2025-04-12T15:06:00,12
00113264,Ocean Avenue,2025-04-12,2025-04-12T15:12:00,2025-04-12T15:11:00,0
00115521,Jump Street,2025-04-12,2025-04-12T15:15:00,2025-04-12T15:21:00,19
00662113,Cloverfield Lane,2025-04-12,2025-04-12T15:41:00,2025-04-12T15:39:00,10
00113147,Bradshaw Street,2025-04-12,2025-04-12T16:03:00,2025-04-12T16:01:00,8
00261521,Elm Street,2025-04-12,2025-04-12T16:07:00,2025-04-12T16:07:00,29
00113264,Ocean Avenue,2025-04-12,2025-04-12T16:12:00,2025-04-12T16:14:00,0
00115521,Jump Street,2025-04-12,2025-04-12T16:15:00,2025-04-12T16:23:00,26
00662113,Cloverfield Lane,2025-04-12,2025-04-12T16:41:00,2025-04-12T16:39:00,5
00113147,Bradshaw Street,2025-04-12,2025-04-12T17:03:00,2025-04-12T16:59:00,9
00261521,Elm Street,2025-04-12,2025-04-12T17:07:00,2025-04-12T17:07:00,30
00113264,Ocean Avenue,2025-04-12,2025-04-12T17:12:00,2025-04-12T17:14:00,15
00115521,Jump Street,2025-04-12,2025-04-12T17:15:00,2025-04-12T17:22:00,32
00662113,Cloverfield Lane,2025-04-12,2025-04-12T17:41:00,2025-04-12T17:39:00,5
00113147,Bradshaw Street,2025-04-12,2025-04-12T18:03:00,2025-04-12T18:00:00,12
00261521,Elm Street,2025-04-12,2025-04-12T18:07:00,2025-04-12T18:07:00,37
00113264,Ocean Avenue,2025-04-12,2025-04-12T18:12:00,2025-04-12T18:13:00,22
00115521,Jump Street,2025-04-12,2025-04-12T18:15:00,2025-04-12T18:18:00,11
00662113,Cloverfield Lane,2025-04-12,2025-04-12T18:41:00,2025-04-12T18:41:00,4
00113147,Bradshaw Street,2025-04-12,2025-04-12T19:03:00,2025-04-12T19:01:00,10
00261521,Elm Street,2025-04-12,2025-04-12T19:07:00,2025-04-12T19:09:00,20
00113264,Ocean Avenue,2025-04-12,2025-04-12T19:12:00,2025-04-12T19:14:00,23
00115521,Jump Street,2025-04-12,2025-04-12T19:15:00,2025-04-12T19:21:00,11
00662113,Cloverfield Lane,2025-04-12,2025-04-12T19:41:00,2025-04-12T19:39:00,0
00113147,Bradshaw Street,2025-04-12,2025-04-12T20:03:00,2025-04-12T19:59:00,14
00261521,Elm Street,2025-04-12,2025-04-12T20:07:00,2025-04-12T20:04:00,3
00113264,Ocean Avenue,2025-04-12,2025-04-12T20:12:00,2025-04-12T20:13:00,19
00115521,Jump Street,2025-04-12,2025-04-12T20:15:00,2025-04-12T20:21:00,6
00662113,Cloverfield Lane,2025-04-12,2025-04-12T20:41:00,2025-04-12T20:40:00,2
00113147,Bradshaw Street,2025-04-12,2025-04-12T21:03:00,2025-04-12T21:01:00,9
00261521,Elm Street,2025-04-12,2025-04-12T21:07:00,2025-04-12T21:06:00,32
00113264,Ocean Avenue,2025-04-12,2025-04-12T21:12:00,2025-04-12T21:08:00,0
00115521,Jump Street,2025-04-12,2025-04-12T21:15:00,2025-04-12T21:21:00,17
00662113,Cloverfield Lane,2025-04-12,2025-04-12T21:41:00,2025-04-12T21:40:00,11
00113147,Bradshaw Street,2025-04-13,2025-04-13T06:03:00,2025-04-13T06:00:00,2
00261521,Elm Street,2025-04-13,2025-04-13T06:07:00,2025-04-13T06:10:00,10
00113264,Ocean Avenue,2025-04-13,2025-04-13T06:12:00,2025-04-13T06:13:00,0
00115521,Jump Street,2025-04-13,2025-04-13T06:15:00,2025-04-13T06:17:00,20
00662113,Cloverfield Lane,2025-04-13,2025-04-13T06:41:00,2025-04-13T06:40:00,3
00113147,Bradshaw Street,2025-04-13,2025-04-13T07:03:00,2025-04-13T07:03:00,22
00261521,Elm Street,2025-04-13,2025-04-13T07:07:00,2025-04-13T07:05:00,37
00113264,Ocean Avenue,2025-04-13,2025-04-13T07:12:00,2025-04-13T07:14:00,22
00115521,Jump Street,2025-04-13,2025-04-13T07:15:00,2025-04-13T07:20:00,13
00662113,Cloverfield Lane,2025-04-13,2025-04-13T07:41:00,2025-04-13T07:42:00,2
00113147,Bradshaw Street,2025-04-13,2025-04-13T08:03:00,2025-04-13T08:00:00,27
00261521,Elm Street,2025-04-13,2025-04-13T08:07:00,2025-04-13T08:09:00,34
00113264,Ocean Avenue,2025-04-13,2025-04-13T08:12:00,2025-04-13T08:14:00,41
00115521,Jump Street,2025-04-13,2025-04-13T08:15:00,2025-04-13T08:24:00,21
00662113,Cloverfield Lane,2025-04-13,2025-04-13T08:41:00,2025-04-13T08:42:00,4
00113147,Bradshaw Street,2025-04-13,2025-04-13T09:03:00,2025-04-13T08:58:00,23
00261521,Elm Street,2025-04-13,2025-04-13T09:07:00,2025-04-13T09:11:00,33
00113264,Ocean Avenue,2025-04-13,2025-04-13T09:12:00,2025-04-13T09:13:00,42
00115521,Jump Street,2025-04-13,2025-04-13T09:15:00,2025-04-13T09:23:00,16
00662113,Cloverfield Lane,2025-04-13,2025-04-13T09:41:00,2025-04-13T09:38:00,3
00113147,Bradshaw Street,2025-04-13,2025-04-13T10:03:00,2025-04-13T10:00:00,8
00261521,Elm Street,2025-04-13,2025-04-13T10:07:00,2025-04-13T10:09:00,16
00113264,Ocean Avenue,2025-04-13,2025-04-13T10:12:00,none,0
00115521,Jump Street,2025-04-13,2025-04-13T10:15:00,2025-04-13T10:17:00,0
00662113,Cloverfield Lane,2025-04-13,2025-04-13T10:41:00,2025-04-13T10:39:00,9
00113147,Bradshaw Street,2025-04-13,2025-04-13T11:03:00,2025-04-13T11:01:00,13
00261521,Elm Street,2025-04-13,2025-04-13T11:07:00,2025-04-13T11:08:00,11
00113264,Ocean Avenue,2025-04-13,2025-04-13T11:12:00,2025-04-13T11:10:00,19
00115521,Jump Street,2025-04-13,2025-04-13T11:15:00,2025-04-13T11:21:00,4
00662113,Cloverfield Lane,2025-04-13,2025-04-13T11:41:00,2025-04-13T11:41:00,5
00113147,Bradshaw Street,2025-04-13,2025-04-13T12:03:00,2025-04-13T11:59:00,13
00261521,Elm Street,2025-04-13,2025-04-13T12:07:00,2025-04-13T12:07:00,0
00113264,Ocean Avenue,2025-04-13,2025-04-13T12:12:00,2025-04-13T12:15:00,11
00115521,Jump Street,2025-04-13,2025-04-13T12:15:00,2025-04-13T12:21:00,11
00662113,Cloverfield Lane,2025-04-13,2025-04-13T12:41:00,2025-04-13T12:40:00,3
00113147,Bradshaw Street,2025-04-13,2025-04-13T13:03:00,2025-04-13T12:59:00,13
00261521,Elm Street,2025-04-13,2025-04-13T13:07:00,2025-04-13T13:08:00,1
00113264,Ocean Avenue,2025-04-13,2025-04-13T13:12:00,2025-04-13T13:14:00,13
00115521,Jump Street,2025-04-13,2025-04-13T13:15:00,2025-04-13T13:18:00,3
00662113,Cloverfield Lane,2025-04-13,2025-04-13T13:41:00,2025-04-13T13:38:00,4
00113147,Bradshaw Street,2025-04-13,2025-04-13T14:03:00,2025-04-13T14:00:00,5
00261521,Elm Street,2025-04-13,2025-04-13T14:07:00,2025-04-13T14:06:00,18
00113264,Ocean Avenue,2025-04-13,2025-04-13T14:12:00,2025-04-13T14:13:00,8
00115521,Jump Street,2025-04-13,2025-04-13T14:15:00,2025-04-13T14:15:00,3
00662113,Cloverfield Lane,2025-04-13,2025-04-13T14:41:00,2025-04-13T14:40:00,3
00113147,Bradshaw Street,2025-04-13,2025-04-13T15:03:00,2025-04-13T14:58:00,9
00261521,Elm Street,2025-04-13,2025-04-13T15:07:00,2025-04-13T15:09:00,19
00113264,Ocean Avenue,2025-04-13,2025-04-13T15:12:00,2025-04-13T15:14:00,20
00115521,Jump Street,2025-04-13,2025-04-13T15:15:00,2025-04-13T15:23:00,19
00662113,Cloverfield Lane,2025-04-13,2025-04-13T15:41:00,2025-04-13T15:39:00,4
00113147,Bradshaw Street,2025-04-13,2025-04-13T16:03:00,2025-04-13T15:59:00,10
00261521,Elm Street,2025-04-13,2025-04-13T16:07:00,2025-04-13T16:09:00,26
00113264,Ocean Avenue,2025-04-13,2025-04-13T16:12:00,2025-04-13T16:12:00,17
00115521,Jump Street,2025-04-13,2025-04-13T16:15:00,2025-04-13T16:20:00,22
00662113,Cloverfield Lane,2025-04-13,2025-04-13T16:41:00,2025-04-13T16:38:00,5
00113147,Bradshaw Street,2025-04-13,2025-04-13T17:03:00,2025-04-13T17:03:00,6
00261521,Elm Street,2025-04-13,2025-04-13T17:07:00,2025-04-13T17:08:00,35
00113264,Ocean Avenue,2025-04-13,2025-04-13T17:12:00,2025-04-13T17:11:00,27
00115521,Jump Street,2025-04-13,2025-04-13T17:15:00,2025-04-13T17:19:00,26
00662113,Cloverfield Lane,2025-04-13,2025-04-13T17:41:00,2025-04-13T17:41:00,7
00113147,Bradshaw Street,2025-04-13,2025-04-13T18:03:00,2025-04-13T17:59:00,2
00261521,Elm Street,2025-04-13,2025-04-13T18:07:00,2025-04-13T18:03:00,18
00113264,Ocean Avenue,2025-04-13,2025-04-13T18:12:00,2025-04-13T18:16:00,15
00115521,Jump Street,2025-04-13,2025-04-13T18:15:00,2025-04-13T18:19:00,11
00662113,Cloverfield Lane,2025-04-13,2025-04-13T18:41:00,2025-04-13T18:41:00,1
00113147,Bradshaw Street,2025-04-13,2025-04-13T19:03:00,2025-04-13T19:02:00,0
00261521,Elm Street,2025-04-13,2025-04-13T19:07:00,2025-04-13T19:11:00,25
00113264,Ocean Avenue,2025-04-13,2025-04-13T19:12:00,2025-04-13T19:13:00,12
00115521,Jump Street,2025-04-13,2025-04-13T19:15:00,2025-04-13T19:17:00,10
00662113,Cloverfield Lane,2025-04-13,2025-04-13T19:41:00,2025-04-13T19:38:00,6
00113147,Bradshaw Street,2025-04-13,2025-04-13T20:03:00,2025-04-13T19:58:00,3
00261521,Elm Street,2025-04-13,2025-04-13T20:07:00,2025-04-13T20:08:00,0
00113264,Ocean Avenue,2025-04-13,2025-04-13T20:12:00,2025-04-13T20:14:00,6
00115521,Jump Street,2025-04-13,2025-04-13T20:15:00,2025-04-13T20:18:00,0
00662113,Cloverfield Lane,2025-04-13,2025-04-13T20:41:00,2025-04-13T20:39:00,2
00113147,Bradshaw Street,2025-04-13,2025-04-13T21:03:00,2025-04-13T21:00:00,11
00261521,Elm Street,2025-04-13,2025-04-13T21:07:00,2025-04-13T21:09:00,30
00113264,Ocean Avenue,2025-04-13,2025-04-13T21:12:00,2025-04-13T21:12:00,0
00115521,Jump Street,2025-04-13,2025-04-13T21:15:00,2025-04-13T21:21:00,9
00662113,Cloverfield Lane,2025-04-13,2025-04-13T21:41:00,2025-04-13T21:42:00,1
00113147,Bradshaw Street,2025-04-14,2025-04-14T06:03:00,2025-04-14T06:02:00,10
00261521,Elm Street,2025-04-14,2025-04-14T06:07:00,2025-04-14T06:12:00,23
00113264,Ocean Avenue,2025-04-14,2025-04-14T06:12:00,2025-04-14T06:15:00,16
00115521,Jump Street,2025-04-14,2025-04-14T06:15:00,2025-04-14T06:15:00,3
00662113,Cloverfield Lane,2025-04-14,2025-04-14T06:41:00,2025-04-14T06:38:00,4
00113147,Bradshaw Street,2025-04-14,2025-04-14T07:03:00,2025-04-14T06:58:00,28
00261521,Elm Street,2025-04-14,2025-04-14T07:07:00,2025-04-14T07:07:00,60
00113264,Ocean Avenue,2025-04-14,2025-04-14T07:12:00,2025-04-14T07:18:00,40
00115521,Jump Street,2025-04-14,2025-04-14T07:15:00,2025-04-14T07:21:00,23
00662113,Cloverfield Lane,2025-04-14,2025-04-14T07:41:00,2025-04-14T07:40:00,6
00113147,Bradshaw Street,2025-04-14,2025-04-14T08:03:00,2025-04-14T07:59:00,27
00261521,Elm Street,2025-04-14,2025-04-14T08:07:00,2025-04-14T08:06:00,60
00113264,Ocean Avenue,2025-04-14,2025-04-14T08:12:00,2025-04-14T08:13:00,46
00115521,Jump Street,2025-04-14,2025-04-14T08:15:00,2025-04-14T08:24:00,28
00662113,Cloverfield Lane,2025-04-14,2025-04-14T08:41:00,2025-04-14T08:43:00,1
00113147,Bradshaw Street,2025-04-14,2025-04-14T09:03:00,2025-04-14T09:01:00,26
00261521,Elm Street,2025-04-14,2025-04-14T09:07:00,2025-04-14T09:08:00,60
00113264,Ocean Avenue,2025-04-14,2025-04-14T09:12:00,2025-04-14T09:10:00,43
00115521,Jump Street,2025-04-14,2025-04-14T09:15:00,2025-04-14T09:19:00,21
00662113,Cloverfield Lane,2025-04-14,2025-04-14T09:41:00,2025-04-14T09:39:00,3
00113147,Bradshaw Street,2025-04-14,2025-04-14T10:03:00,2025-04-14T10:02:00,12
00261521,Elm Street,2025-04-14,2025-04-14T10:07:00,2025-04-14T10:11:00,22
00113264,Ocean Avenue,2025-04-14,2025-04-14T10:12:00,2025-04-14T10:13:00,20
00115521,Jump Street,2025-04-14,2025-04-14T10:15:00,2025-04-14T10:17:00,46
00662113,Cloverfield Lane,2025-04-14,2025-04-14T10:41:00,2025-04-14T10:42:00,11
00113147,Bradshaw Street,2025-04-14,2025-04-14T11:03:00,2025-04-14T11:01:00,18
00261521,Elm Street,2025-04-14,2025-04-14T11:07:00,2025-04-14T11:07:00,24
00113264,Ocean Avenue,2025-04-14,2025-04-14T11:12:00,2025-04-14T11:16:00,25
00115521,Jump Street,2025-04-14,2025-04-14T11:15:00,2025-04-14T11:20:00,22
00662113,Cloverfield Lane,2025-04-14,2025-04-14T11:41:00,2025-04-14T11:42:00,4
00113147,Bradshaw Street,2025-04-14,2025-04-14T12:03:00,2025-04-14T11:59:00,6
00261521,Elm Street,2025-04-14,2025-04-14T12:07:00,2025-04-14T12:06:00,35
00113264,Ocean Avenue,2025-04-14,2025-04-14T12:12:00,2025-04-14T12:15:00,19
00115521,Jump Street,2025-04-14,2025-04-14T12:15:00,2025-04-14T12:20:00,26
00662113,Cloverfield Lane,2025-04-14,2025-04-14T12:41:00,2025-04-14T12:40:00,8
00113147,Bradshaw Street,2025-04-14,2025-04-14T13:03:00,2025-04-14T13:02:00,14
00261521,Elm Street,2025-04-14,2025-04-14T13:07:00,2025-04-14T13:06:00,36
00113264,Ocean Avenue,2025-04-14,2025-04-14T13:12:00,2025-04-14T13:14:00,39
00115521,Jump Street,2025-04-14,2025-04-14T13:15:00,2025-04-14T13:17:00,20
00662113,Cloverfield Lane,2025-04-14,2025-04-14T13:41:00,2025-04-14T13:40:00,2
00113147,Bradshaw Street,2025-04-14,2025-04-14T14:03:00,2025-04-14T13:58:00,9
00261521,Elm Street,2025-04-14,2025-04-14T14:07:00,2025-04-14T14:10:00,38
00113264,Ocean Avenue,2025-04-14,2025-04-14T14:12:00,2025-04-14T14:14:00,14
00115521,Jump Street,2025-04-14,2025-04-14T14:15:00,2025-04-14T14:17:00,21
00662113,Cloverfield Lane,2025-04-14,2025-04-14T14:41:00,2025-04-14T14:40:00,6
00113147,Bradshaw Street,2025-04-14,2025-04-14T15:03:00,2025-04-14T15:03:00,19
00261521,Elm Street,2025-04-14,2025-04-14T15:07:00,2025-04-14T15:07:00,15
00113264,Ocean Avenue,2025-04-14,2025-04-14T15:12:00,2025-04-14T15:12:00,15
00115521,Jump Street,2025-04-14,2025-04-14T15:15:00,2025-04-14T15:19:00,18
00662113,Cloverfield Lane,2025-04-14,2025-04-14T15:41:00,2025-04-14T15:42:00,3
00113147,Bradshaw Street,2025-04-14,2025-04-14T16:03:00,2025-04-14T16:03:00,8
00261521,Elm Street,2025-04-14,2025-04-14T16:07:00,2025-04-14T16:10:00,31
00113264,Ocean Avenue,2025-04-14,2025-04-14T16:12:00,2025-04-14T16:13:00,37
00115521,Jump Street,2025-04-14,2025-04-14T16:15:00,2025-04-14T16:18:00,36
00662113,Cloverfield Lane,2025-04-14,2025-04-14T16:41:00,2025-04-14T16:40:00,9
00113147,Bradshaw Street,2025-04-14,2025-04-14T17:03:00,2025-04-14T17:00:00,8
00261521,Elm Street,2025-04-14,2025-04-14T17:07:00,2025-04-14T17:08:00,41
00113264,Ocean Avenue,2025-04-14,2025-04-14T17:12:00,2025-04-14T17:13:00,28
00115521,Jump Street,2025-04-14,2025-04-14T17:15:00,2025-04-14T17:19:00,46
00662113,Cloverfield Lane,2025-04-14,2025-04-14T17:41:00,2025-04-14T17:41:00,7
00113147,Bradshaw Street,2025-04-14,2025-04-14T18:03:00,2025-04-14T18:01:00,17
00261521,Elm Street,2025-04-14,2025-04-14T18:07:00,2025-04-14T18:11:00,35
00113264,Ocean Avenue,2025-04-14,2025-04-14T18:12:00,2025-04-14T18:15:00,30
00115521,Jump Street,2025-04-14,2025-04-14T18:15:00,2025-04-14T18:20:00,34
00662113,Cloverfield Lane,2025-04-14,2025-04-14T18:41:00,2025-04-14T18:41:00,6
00113147,Bradshaw Street,2025-04-14,2025-04-14T19:03:00,2025-04-14T19:01:00,8
00261521,Elm Street,2025-04-14,2025-04-14T19:07:00,2025-04-14T19:10:00,16
00113264,Ocean Avenue,2025-04-14,2025-04-14T19:12:00,2025-04-14T19:12:00,9
00115521,Jump Street,2025-04-14,2025-04-14T19:15:00,2025-04-14T19:15:00,13
00662113,Cloverfield Lane,2025-04-14,2025-04-14T19:41:00,2025-04-14T19:37:00,2
00113147,Bradshaw Street,2025-04-14,2025-04-14T20:03:00,2025-04-14T20:00:00,18
00261521,Elm Street,2025-04-14,2025-04-14T20:07:00,2025-04-14T20:06:00,22
00113264,Ocean Avenue,2025-04-14,2025-04-14T20:12:00,2025-04-14T20:14:00,26
00115521,Jump Street,2025-04-14,2025-04-14T20:15:00,2025-04-14T20:16:00,12
00662113,Cloverfield Lane,2025-04-14,2025-04-14T20:41:00,2025-04-14T20:43:00,2
00113147,Bradshaw Street,2025-04-14,2025-04-14T21:03:00,2025-04-14T20:56:00,17
00261521,Elm Street,2025-04-14,2025-04-14T21:07:00,2025-04-14T21:06:00,25
00113264,Ocean Avenue,2025-04-14,2025-04-14T21:12:00,2025-04-14T21:13:00,30
00115521,Jump Street,2025-04-14,2025-04-14T21:15:00,2025-04-14T21:21:00,24
00662113,Cloverfield Lane,2025-04-14,2025-04-14T21:41:00,2025-04-14T21:40:00,7
00113147,Bradshaw Street,2025-04-15,2025-04-15T06:03:00,2025-04-15T05:59:00,11
00261521,Elm Street,2025-04-15,2025-04-15T06:07:00,2025-04-15T06:08:00,17
00113264,Ocean Avenue,2025-04-15,2025-04-15T06:12:00,2025-04-15T06:13:00,22
00115521,Jump Street,2025-04-15,2025-04-15T06:15:00,2025-04-15T06:20:00,17
00662113,Cloverfield Lane,2025-04-15,2025-04-15T06:41:00,2025-04-15T06:40:00,7
00113147,Bradshaw Street,2025-04-15,2025-04-15T07:03:00,2025-04-15T07:02:00,22
00261521,Elm Street,2025-04-15,2025-04-15T07:07:00,2025-04-15T07:08:00,58
00113264,Ocean Avenue,2025-04-15,2025-04-15T07:12:00,2025-04-15T07:12:00,37
00115521,Jump Street,2025-04-15,2025-04-15T07:15:00,2025-04-15T07:21:00,10
00662113,Cloverfield Lane,2025-04-15,2025-04-15T07:41:00,2025-04-15T07:41:00,4
00113147,Bradshaw Street,2025-04-15,2025-04-15T08:03:00,2025-04-15T07:59:00,21
00261521,Elm Street,2025-04-15,2025-04-15T08:07:00,2025-04-15T08:10:00,52
00113264,Ocean Avenue,2025-04-15,2025-04-15T08:12:00,2025-04-15T08:17:00,37
00115521,Jump Street,2025-04-15,2025-04-15T08:15:00,2025-04-15T08:20:00,11
00662113,Cloverfield Lane,2025-04-15,2025-04-15T08:41:00,2025-04-15T08:40:00,5
00113147,Bradshaw Street,2025-04-15,2025-04-15T09:03:00,2025-04-15T08:59:00,13
00261521,Elm Street,2025-04-15,2025-04-15T09:07:00,2025-04-15T09:09:00,60
00113264,Ocean Avenue,2025-04-15,2025-04-15T09:12:00,2025-04-15T09:13:00,41
00115521,Jump Street,2025-04-15,2025-04-15T09:15:00,2025-04-15T09:18:00,24
00662113,Cloverfield Lane,2025-04-15,2025-04-15T09:41:00,2025-04-15T09:41:00,6
00113147,Bradshaw Street,2025-04-15,2025-04-15T10:03:00,2025-04-15T09:59:00,4
00261521,Elm Street,2025-04-15,2025-04-15T10:07:00,2025-04-15T10:09:00,26
00113264,Ocean Avenue,2025-04-15,2025-04-15T10:12:00,2025-04-15T10:14:00,8
00115521,Jump Street,2025-04-15,2025-04-15T10:15:00,2025-04-15T10:25:00,24
00662113,Cloverfield Lane,2025-04-15,2025-04-15T10:41:00,2025-04-15T10:41:00,11
00113147,Bradshaw Street,2025-04-15,2025-04-15T11:03:00,2025-04-15T11:00:00,16
00261521,Elm Street,2025-04-15,2025-04-15T11:07:00,none,0
00113264,Ocean Avenue,2025-04-15,2025-04-15T11:12:00,2025-04-15T11:13:00,30
00115521,Jump Street,2025-04-15,2025-04-15T11:15:00,2025-04-15T11:23:00,26
00662113,Cloverfield Lane,2025-04-15,2025-04-15T11:41:00,2025-04-15T11:40:00,7
00113147,Bradshaw Street,2025-04-15,2025-04-15T12:03:00,2025-04-15T12:00:00,20
00261521,Elm Street,2025-04-15,2025-04-15T12:07:00,2025-04-15T12:09:00,27
00113264,Ocean Avenue,2025-04-15,2025-04-15T12:12:00,2025-04-15T12:16:00,22
00115521,Jump Street,2025-04-15,2025-04-15T12:15:00,2025-04-15T12:21:00,31
00662113,Cloverfield Lane,2025-04-15,2025-04-15T12:41:00,2025-04-15T12:40:00,3
00113147,Bradshaw Street,2025-04-15,2025-04-15T13:03:00,2025-04-15T12:59:00,15
00261521,Elm Street,2025-04-15,2025-04-15T13:07:00,2025-04-15T13:07:00,45
00113264,Ocean Avenue,2025-04-15,2025-04-15T13:12:00,2025-04-15T13:14:00,36
00115521,Jump Street,2025-04-15,2025-04-15T13:15:00,2025-04-15T13:19:00,29
00662113,Cloverfield Lane,2025-04-15,2025-04-15T13:41:00,2025-04-15T13:44:00,5
00113147,Bradshaw Street,2025-04-15,2025-04-15T14:03:00,2025-04-15T13:59:00,17
00261521,Elm Street,2025-04-15,2025-04-15T14:07:00,2025-04-15T14:05:00,33
00113264,Ocean Avenue,2025-04-15,2025-04-15T14:12:00,2025-04-15T14:15:00,17
00115521,Jump Street,2025-04-15,2025-04-15T14:15:00,2025-04-15T14:22:00,14
00662113,Cloverfield Lane,2025-04-15,2025-04-15T14:41:00,2025-04-15T14:39:00,16
00113147,Bradshaw Street,2025-04-15,2025-04-15T15:03:00,2025-04-15T15:02:00,15
00261521,Elm Street,2025-04-15,2025-04-15T15:07:00,2025-04-15T15:10:00,29
00113264,Ocean Avenue,2025-04-15,2025-04-15T15:12:00,2025-04-15T15:14:00,20
00115521,Jump Street,2025-04-15,2025-04-15T15:15:00,2025-04-15T15:19:00,11
00662113,Cloverfield Lane,2025-04-15,2025-04-15T15:41:00,2025-04-15T15:39:00,4
00113147,Bradshaw Street,2025-04-15,2025-04-15T16:03:00,2025-04-15T15:58:00,10
00261521,Elm Street,2025-04-15,2025-04-15T16:07:00,2025-04-15T16:08:00,40
00113264,Ocean Avenue,2025-04-15,2025-04-15T16:12:00,2025-04-15T16:12:00,45
00115521,Jump Street,2025-04-15,2025-04-15T16:15:00,2025-04-15T16:22:00,37
00662113,Cloverfield Lane,2025-04-15,2025-04-15T16:41:00,2025-04-15T16:41:00,2
00113147,Bradshaw Street,2025-04-15,2025-04-15T17:03:00,2025-04-15T17:02:00,15
00261521,Elm Street,2025-04-15,2025-04-15T17:07:00,2025-04-15T17:02:00,37
00113264,Ocean Avenue,2025-04-15,2025-04-15T17:12:00,2025-04-15T17:15:00,25
00115521,Jump Street,2025-04-15,2025-04-15T17:15:00,2025-04-15T17:23:00,34
00662113,Cloverfield Lane,2025-04-15,2025-04-15T17:41:00,2025-04-15T17:40:00,7
00113147,Bradshaw Street,2025-04-15,2025-04-15T18:03:00,2025-04-15T17:58:00,18
00261521,Elm Street,2025-04-15,2025-04-15T18:07:00,2025-04-15T18:09:00,35
00113264,Ocean Avenue,2025-04-15,2025-04-15T18:12:00,2025-04-15T18:14:00,21
00115521,Jump Street,2025-04-15,2025-04-15T18:15:00,2025-04-15T18:21:00,36
00662113,Cloverfield Lane,2025-04-15,2025-04-15T18:41:00,2025-04-15T18:40:00,3
00113147,Bradshaw Street,2025-04-15,2025-04-15T19:03:00,2025-04-15T18:59:00,8
00261521,Elm Street,2025-04-15,2025-04-15T19:07:00,2025-04-15T19:09:00,25
00113264,Ocean Avenue,2025-04-15,2025-04-15T19:12:00,2025-04-15T19:14:00,6
00115521,Jump Street,2025-04-15,2025-04-15T19:15:00,2025-04-15T19:14:00,3
00662113,Cloverfield Lane,2025-04-15,2025-04-15T19:41:00,2025-04-15T19:41:00,6
00113147,Bradshaw Street,2025-04-15,2025-04-15T20:03:00,2025-04-15T20:01:00,9
00261521,Elm Street,2025-04-15,2025-04-15T20:07:00,2025-04-15T20:08:00,16
00113264,Ocean Avenue,2025-04-15,2025-04-15T20:12:00,2025-04-15T20:12:00,21
00115521,Jump Street,2025-04-15,2025-04-15T20:15:00,2025-04-15T20:20:00,14
00662113,Cloverfield Lane,2025-04-15,2025-04-15T20:41:00,2025-04-15T20:39:00,7
00113147,Bradshaw Street,2025-04-15,2025-04-15T21:03:00,2025-04-15T21:00:00,4
00261521,Elm Street,2025-04-15,2025-04-15T21:07:00,2025-04-15T21:05:00,10
00113264,Ocean Avenue,2025-04-15,2025-04-15T21:12:00,2025-04-15T21:14:00,12
00115521,Jump Street,2025-04-15,2025-04-15T21:15:00,2025-04-15T21:20:00,8
00662113,Cloverfield Lane,2025-04-15,2025-04-15T21:41:00,2025-04-15T21:41:00,6
00113147,Bradshaw Street,2025-04-16,2025-04-16T06:03:00,2025-04-16T06:00:00,8
00261521,Elm Street,2025-04-16,2025-04-16T06:07:00,2025-04-16T06:06:00,26
00113264,Ocean Avenue,2025-04-16,2025-04-16T06:12:00,2025-04-16T06:14:00,33
00115521,Jump Street,2025-04-16,2025-04-16T06:15:00,2025-04-16T06:17:00,12
00662113,Cloverfield Lane,2025-04-16,2025-04-16T06:41:00,2025-04-16T06:41:00,6
00113147,Bradshaw Street,2025-04-16,2025-04-16T07:03:00,2025-04-16T07:00:00,29
00261521,Elm Street,2025-04-16,2025-04-16T07:07:00,2025-04-16T07:10:00,45
00113264,Ocean Avenue,2025-04-16,2025-04-16T07:12:00,2025-04-16T07:09:00,36
00115521,Jump Street,2025-04-16,2025-04-16T07:15:00,2025-04-16T07:21:00,37
00662113,Cloverfield Lane,2025-04-16,2025-04-16T07:41:00,2025-04-16T07:41:00,6
00113147,Bradshaw Street,2025-04-16,2025-04-16T08:03:00,2025-04-16T08:01:00,22
00261521,Elm Street,2025-04-16,2025-04-16T08:07:00,2025-04-16T08:06:00,60
00113264,Ocean Avenue,2025-04-16,2025-04-16T08:12:00,2025-04-16T08:12:00,30
00115521,Jump Street,2025-04-16,2025-04-16T08:15:00,2025-04-16T08:24:00,27
00662113,Cloverfield Lane,2025-04-16,2025-04-16T08:41:00,2025-04-16T08:36:00,4
00113147,Bradshaw Street,2025-04-16,2025-04-16T09:03:00,2025-04-16T09:02:00,22
00261521,Elm Street,2025-04-16,2025-04-16T09:07:00,2025-04-16T09:07:00,47
00113264,Ocean Avenue,2025-04-16,2025-04-16T09:12:00,2025-04-16T09:13:00,37
00115521,Jump Street,2025-04-16,2025-04-16T09:15:00,2025-04-16T09:23:00,20
00662113,Cloverfield Lane,2025-04-16,2025-04-16T09:41:00,2025-04-16T09:42:00,7
00113147,Bradshaw Street,2025-04-16,2025-04-16T10:03:00,2025-04-16T09:59:00,30
00261521,Elm Street,2025-04-16,2025-04-16T10:07:00,2025-04-16T10:12:00,13
00113264,Ocean Avenue,2025-04-16,2025-04-16T10:12:00,2025-04-16T10:12:00,20
00115521,Jump Street,2025-04-16,2025-04-16T10:15:00,2025-04-16T10:21:00,21
00662113,Cloverfield Lane,2025-04-16,2025-04-16T10:41:00,2025-04-16T10:40:00,5
00113147,Bradshaw Street,2025-04-16,2025-04-16T11:03:00,2025-04-16T10:58:00,16
00261521,Elm Street,2025-04-16,2025-04-16T11:07:00,2025-04-16T11:09:00,20
00113264,Ocean Avenue,2025-04-16,2025-04-16T11:12:00,2025-04-16T11:15:00,20
00115521,Jump Street,2025-04-16,2025-04-16T11:15:00,2025-04-16T11:23:00,12
00662113,Cloverfield Lane,2025-04-16,2025-04-16T11:41:00,2025-04-16T11:40:00,7
00113147,Bradshaw Street,2025-04-16,2025-04-16T12:03:00,2025-04-16T12:02:00,19
00261521,Elm Street,2025-04-16,2025-04-16T12:07:00,2025-04-16T12:07:00,33
00113264,Ocean Avenue,2025-04-16,2025-04-16T12:12:00,2025-04-16T12:16:00,16
00115521,Jump Street,2025-04-16,2025-04-16T12:15:00,2025-04-16T12:18:00,7
00662113,Cloverfield Lane,2025-04-16,2025-04-16T12:41:00,2025-04-16T12:39:00,15
00113147,Bradshaw Street,2025-04-16,2025-04-16T13:03:00,2025-04-16T12:58:00,10
00261521,Elm Street,2025-04-16,2025-04-16T13:07:00,2025-04-16T13:07:00,26
00113264,Ocean Avenue,2025-04-16,2025-04-16T13:12:00,2025-04-16T13:17:00,21
00115521,Jump Street,2025-04-16,2025-04-16T13:15:00,2025-04-16T13:22:00,20
00662113,Cloverfield Lane,2025-04-16,2025-04-16T13:41:00,2025-04-16T13:38:00,8
00113147,Bradshaw Street,2025-04-16,2025-04-16T14:03:00,2025-04-16T14:00:00,16
00261521,Elm Street,2025-04-16,2025-04-16T14:07:00,2025-04-16T14:09:00,43
00113264,Ocean Avenue,2025-04-16,2025-04-16T14:12:00,2025-04-16T14:15:00,25
00115521,Jump Street,2025-04-16,2025-04-16T14:15:00,2025-04-16T14:22:00,14
00662113,Cloverfield Lane,2025-04-16,2025-04-16T14:41:00,2025-04-16T14:39:00,9
00113147,Bradshaw Street,2025-04-16,2025-04-16T15:03:00,2025-04-16T14:57:00,5
00261521,Elm Street,2025-04-16,2025-04-16T15:07:00,2025-04-16T15:08:00,28
00113264,Ocean Avenue,2025-04-16,2025-04-16T15:12:00,2025-04-16T15:18:00,14
00115521,Jump Street,2025-04-16,2025-04-16T15:15:00,2025-04-16T15:20:00,14
00662113,Cloverfield Lane,2025-04-16,2025-04-16T15:41:00,2025-04-16T15:38:00,9
00113147,Bradshaw Street,2025-04-16,2025-04-16T16:03:00,2025-04-16T16:01:00,21
00261521,Elm Street,2025-04-16,2025-04-16T16:07:00,2025-04-16T16:05:00,44
00113264,Ocean Avenue,2025-04-16,2025-04-16T16:12:00,2025-04-16T16:13:00,21
00115521,Jump Street,2025-04-16,2025-04-16T16:15:00,2025-04-16T16:27:00,25
00662113,Cloverfield Lane,2025-04-16,2025-04-16T16:41:00,2025-04-16T16:41:00,5
00113147,Bradshaw Street,2025-04-16,2025-04-16T17:03:00,2025-04-16T17:02:00,6
00261521,Elm Street,2025-04-16,2025-04-16T17:07:00,2025-04-16T17:12:00,23
00113264,Ocean Avenue,2025-04-16,2025-04-16T17:12:00,2025-04-16T17:14:00,27
00115521,Jump Street,2025-04-16,2025-04-16T17:15:00,2025-04-16T17:21:00,38
00662113,Cloverfield Lane,2025-04-16,2025-04-16T17:41:00,2025-04-16T17:40:00,12
00113147,Bradshaw Street,2025-04-16,2025-04-16T18:03:00,2025-04-16T18:01:00,20
00261521,Elm Street,2025-04-16,2025-04-16T18:07:00,2025-04-16T18:11:00,33
00113264,Ocean Avenue,2025-04-16,2025-04-16T18:12:00,2025-04-16T18:10:00,39
00115521,Jump Street,2025-04-16,2025-04-16T18:15:00,2025-04-16T18:20:00,38
00662113,Cloverfield Lane,2025-04-16,2025-04-16T18:41:00,2025-04-16T18:41:00,13
00113147,Bradshaw Street,2025-04-16,2025-04-16T19:03:00,2025-04-16T19:01:00,12
00261521,Elm Street,2025-04-16,2025-04-16T19:07:00,none,0
00113264,Ocean Avenue,2025-04-16,2025-04-16T19:12:00,2025-04-16T19:15:00,27
00115521,Jump Street,2025-04-16,2025-04-16T19:15:00,2025-04-16T19:20:00,22
00662113,Cloverfield Lane,2025-04-16,2025-04-16T19:41:00,2025-04-16T19:41:00,4
00113147,Bradshaw Street,2025-04-16,2025-04-16T20:03:00,2025-04-16T20:01:00,7
00261521,Elm Street,2025-04-16,2025-04-16T20:07:00,2025-04-16T20:07:00,18
00113264,Ocean Avenue,2025-04-16,2025-04-16T20:12:00,2025-04-16T20:13:00,14
00115521,Jump Street,2025-04-16,2025-04-16T20:15:00,2025-04-16T20:22:00,13
00662113,Cloverfield Lane,2025-04-16,2025-04-16T20:41:00,2025-04-16T20:42:00,9
00113147,Bradshaw Street,2025-04-16,2025-04-16T21:03:00,2025-04-16T21:02:00,20
00261521,Elm Street,2025-04-16,2025-04-16T21:07:00,2025-04-16T21:05:00,20
00113264,Ocean Avenue,2025-04-16,2025-04-16T21:12:00,2025-04-16T21:14:00,8
00115521,Jump Street,2025-04-16,2025-04-16T21:15:00,2025-04-16T21:23:00,22
00662113,Cloverfield Lane,2025-04-16,2025-04-16T21:41:00,2025-04-16T21:40:00,7
00113147,Bradshaw Street,2025-04-17,2025-04-17T06:03:00,2025-04-17T06:00:00,6
00261521,Elm Street,2025-04-17,2025-04-17T06:07:00,2025-04-17T06:09:00,10
00113264,Ocean Avenue,2025-04-17,2025-04-17T06:12:00,2025-04-17T06:17:00,11
00115521,Jump Street,2025-04-17,2025-04-17T06:15:00,2025-04-17T06:22:00,10
00662113,Cloverfield Lane,2025-04-17,2025-04-17T06:41:00,2025-04-17T06:39:00,1
00113147,Bradshaw Street,2025-04-17,2025-04-17T07:03:00,2025-04-17T07:00:00,12
00261521,Elm Street,2025-04-17,2025-04-17T07:07:00,2025-04-17T07:08:00,60
00113264,Ocean Avenue,2025-04-17,2025-04-17T07:12:00,2025-04-17T07:15:00,35
00115521,Jump Street,2025-04-17,2025-04-17T07:15:00,2025-04-17T07:20:00,24
00662113,Cloverfield Lane,2025-04-17,2025-04-17T07:41:00,2025-04-17T07:38:00,8
00113147,Bradshaw Street,2025-04-17,2025-04-17T08:03:00,2025-04-17T08:03:00,27
00261521,Elm Street,2025-04-17,2025-04-17T08:07:00,2025-04-17T08:08:00,47
00113264,Ocean Avenue,2025-04-17,2025-04-17T08:12:00,2025-04-17T08:16:00,38
00115521,Jump Street,2025-04-17,2025-04-17T08:15:00,2025-04-17T08:19:00,13
00662113,Cloverfield Lane,2025-04-17,2025-04-17T08:41:00,2025-04-17T08:43:00,6
00113147,Bradshaw Street,2025-04-17,2025-04-17T09:03:00,2025-04-17T09:03:00,30
00261521,Elm Street,2025-04-17,2025-04-17T09:07:00,2025-04-17T09:10:00,46
00113264,Ocean Avenue,2025-04-17,2025-04-17T09:12:00,2025-04-17T09:17:00,35
00115521,Jump Street,2025-04-17,2025-04-17T09:15:00,2025-04-17T09:19:00,32
00662113,Cloverfield Lane,2025-04-17,2025-04-17T09:41:00,2025-04-17T09:41:00,4
00113147,Bradshaw Street,2025-04-17,2025-04-17T10:03:00,2025-04-17T10:00:00,4
00261521,Elm Street,2025-04-17,2025-04-17T10:07:00,2025-04-17T10:08:00,29
00113264,Ocean Avenue,2025-04-17,2025-04-17T10:12:00,2025-04-17T10:12:00,40
00115521,Jump Street,2025-04-17,2025-04-17T10:15:00,2025-04-17T10:22:00,7
00662113,Cloverfield Lane,2025-04-17,2025-04-17T10:41:00,2025-04-17T10:40:00,9
00113147,Bradshaw Street,2025-04-17,2025-04-17T11:03:00,2025-04-17T11:01:00,23
00261521,Elm Street,2025-04-17,2025-04-17T11:07:00,2025-04-17T11:09:00,33
00113264,Ocean Avenue,2025-04-17,2025-04-17T11:12:00,2025-04-17T11:12:00,18
00115521,Jump Street,2025-04-17,2025-04-17T11:15:00,2025-04-17T11:20:00,22
00662113,Cloverfield Lane,2025-04-17,2025-04-17T11:41:00,2025-04-17T11:39:00,4
00113147,Bradshaw Street,2025-04-17,2025-04-17T12:03:00,2025-04-17T12:00:00,1
00261521,Elm Street,2025-04-17,2025-04-17T12:07:00,2025-04-17T12:07:00,39
00113264,Ocean Avenue,2025-04-17,2025-04-17T12:12:00,2025-04-17T12:13:00,10
00115521,Jump Street,2025-04-17,2025-04-17T12:15:00,2025-04-17T12:22:00,17
00662113,Cloverfield Lane,2025-04-17,2025-04-17T12:41:00,2025-04-17T12:39:00,9
00113147,Bradshaw Street,2025-04-17,2025-04-17T13:03:00,2025-04-17T13:00:00,19
00261521,Elm Street,2025-04-17,2025-04-17T13:07:00,2025-04-17T13:06:00,16
00113264,Ocean Avenue,2025-04-17,2025-04-17T13:12:00,2025-04-17T13:14:00,38
00115521,Jump Street,2025-04-17,2025-04-17T13:15:00,2025-04-17T13:19:00,13
00662113,Cloverfield Lane,2025-04-17,2025-04-17T13:41:00,2025-04-17T13:41:00,7
00113147,Bradshaw Street,2025-04-17,2025-04-17T14:03:00,2025-04-17T14:01:00,15
00261521,Elm Street,2025-04-17,2025-04-17T14:07:00,2025-04-17T14:06:00,33
00113264,Ocean Avenue,2025-04-17,2025-04-17T14:12:00,2025-04-17T14:13:00,34
00115521,Jump Street,2025-04-17,2025-04-17T14:15:00,2025-04-17T14:21:00,5
00662113,Cloverfield Lane,2025-04-17,2025-04-17T14:41:00,2025-04-17T14:42:00,8
00113147,Bradshaw Street,2025-04-17,2025-04-17T15:03:00,2025-04-17T15:00:00,8
00261521,Elm Street,2025-04-17,2025-04-17T15:07:00,2025-04-17T15:10:00,31
00113264,Ocean Avenue,2025-04-17,2025-04-17T15:12:00,2025-04-17T15:14:00,31
00115521,Jump Street,2025-04-17,2025-04-17T15:15:00,2025-04-17T15:24:00,4
00662113,Cloverfield Lane,2025-04-17,2025-04-17T15:41:00,2025-04-17T15:37:00,5
00113147,Bradshaw Street,2025-04-17,2025-04-17T16:03:00,2025-04-17T16:00:00,5
00261521,Elm Street,2025-04-17,2025-04-17T16:07:00,2025-04-17T16:09:00,32
00113264,Ocean Avenue,2025-04-17,2025-04-17T16:12:00,2025-04-17T16:18:00,25
00115521,Jump Street,2025-04-17,2025-04-17T16:15:00,2025-04-17T16:20:00,33
00662113,Cloverfield Lane,2025-04-17,2025-04-17T16:41:00,2025-04-17T16:38:00,6
00113147,Bradshaw Street,2025-04-17,2025-04-17T17:03:00,2025-04-17T16:59:00,13
00261521,Elm Street,2025-04-17,2025-04-17T17:07:00,2025-04-17T17:09:00,40
00113264,Ocean Avenue,2025-04-17,2025-04-17T17:12:00,2025-04-17T17:15:00,13
00115521,Jump Street,2025-04-17,2025-04-17T17:15:00,2025-04-17T17:20:00,32
00662113,Cloverfield Lane,2025-04-17,2025-04-17T17:41:00,2025-04-17T17:40:00,7
00113147,Bradshaw Street,2025-04-17,2025-04-17T18:03:00,2025-04-17T18:02:00,29
00261521,Elm Street,2025-04-17,2025-04-17T18:07:00,2025-04-17T18:12:00,28
00113264,Ocean Avenue,2025-04-17,2025-04-17T18:12:00,2025-04-17T18:12:00,25
00115521,Jump Street,2025-04-17,2025-04-17T18:15:00,2025-04-17T18:21:00,28
00662113,Cloverfield Lane,2025-04-17,2025-04-17T18:41:00,2025-04-17T18:40:00,7
00113147,Bradshaw Street,2025-04-17,2025-04-17T19:03:00,2025-04-17T19:01:00,13
00261521,Elm Street,2025-04-17,2025-04-17T19:07:00,2025-04-17T19:06:00,26
00113264,Ocean Avenue,2025-04-17,2025-04-17T19:12:00,2025-04-17T19:11:00,20
00115521,Jump Street,2025-04-17,2025-04-17T19:15:00,2025-04-17T19:25:00,2
00662113,Cloverfield Lane,2025-04-17,2025-04-17T19:41:00,2025-04-17T19:41:00,5
00113147,Bradshaw Street,2025-04-17,2025-04-17T20:03:00,2025-04-17T19:58:00,11
00261521,Elm Street,2025-04-17,2025-04-17T20:07:00,2025-04-17T20:06:00,29
00113264,Ocean Avenue,2025-04-17,2025-04-17T20:12:00,2025-04-17T20:12:00,20
00115521,Jump Street,2025-04-17,2025-04-17T20:15:00,2025-04-17T20:21:00,22
00662113,Cloverfield Lane,2025-04-17,2025-04-17T20:41:00,2025-04-17T20:40:00,3
00113147,Bradshaw Street,2025-04-17,2025-04-17T21:03:00,2025-04-17T20:59:00,18
00261521,Elm Street,2025-04-17,2025-04-17T21:07:00,2025-04-17T21:09:00,20
00113264,Ocean Avenue,2025-04-17,2025-04-17T21:12:00,2025-04-17T21:13:00,30
00115521,Jump Street,2025-04-17,2025-04-17T21:15:00,2025-04-17T21:22:00,10
00662113,Cloverfield Lane,2025-04-17,2025-04-17T21:41:00,2025-04-17T21:38:00,4
00113147,Bradshaw Street,2025-04-18,2025-04-18T06:03:00,2025-04-18T06:00:00,17
00261521,Elm Street,2025-04-18,2025-04-18T06:07:00,2025-04-18T06:10:00,10
00113264,Ocean Avenue,2025-04-18,2025-04-18T06:12:00,2025-04-18T06:15:00,15
00115521,Jump Street,2025-04-18,2025-04-18T06:15:00,2025-04-18T06:23:00,6
00662113,Cloverfield Lane,2025-04-18,2025-04-18T06:41:00,2025-04-18T06:36:00,10
00113147,Bradshaw Street,2025-04-18,2025-04-18T07:03:00,2025-04-18T06:59:00,27
00261521,Elm Street,2025-04-18,2025-04-18T07:07:00,2025-04-18T07:08:00,60
00113264,Ocean Avenue,2025-04-18,2025-04-18T07:12:00,2025-04-18T07:12:00,48
00115521,Jump Street,2025-04-18,2025-04-18T07:15:00,2025-04-18T07:22:00,26
00662113,Cloverfield Lane,2025-04-18,2025-04-18T07:41:00,2025-04-18T07:39:00,6
00113147,Bradshaw Street,2025-04-18,2025-04-18T08:03:00,2025-04-18T07:59:00,13
00261521,Elm Street,2025-04-18,2025-04-18T08:07:00,2025-04-18T08:09:00,60
00113264,Ocean Avenue,2025-04-18,2025-04-18T08:12:00,2025-04-18T08:14:00,21
00115521,Jump Street,2025-04-18,2025-04-18T08:15:00,2025-04-18T08:22:00,23
00662113,Cloverfield Lane,2025-04-18,2025-04-18T08:41:00,2025-04-18T08:40:00,8
00113147,Bradshaw Street,2025-04-18,2025-04-18T09:03:00,2025-04-18T09:01:00,26
00261521,Elm Street,2025-04-18,2025-04-18T09:07:00,2025-04-18T09:07:00,58
00113264,Ocean Avenue,2025-04-18,2025-04-18T09:12:00,2025-04-18T09:14:00,33
00115521,Jump Street,2025-04-18,2025-04-18T09:15:00,2025-04-18T09:18:00,20
00662113,Cloverfield Lane,2025-04-18,2025-04-18T09:41:00,2025-04-18T09:40:00,3
00113147,Bradshaw Street,2025-04-18,2025-04-18T10:03:00,2025-04-18T10:02:00,16
00261521,Elm Street,2025-04-18,2025-04-18T10:07:00,2025-04-18T10:06:00,30
00113264,Ocean Avenue,2025-04-18,2025-04-18T10:12:00,2025-04-18T10:18:00,29
00115521,Jump Street,2025-04-18,2025-04-18T10:15:00,2025-04-18T10:18:00,20
00662113,Cloverfield Lane,2025-04-18,2025-04-18T10:41:00,2025-04-18T10:43:00,10
00113147,Bradshaw Street,2025-04-18,2025-04-18T11:03:00,2025-04-18T10:59:00,10
00261521,Elm Street,2025-04-18,2025-04-18T11:07:00,2025-04-18T11:10:00,35
00113264,Ocean Avenue,2025-04-18,2025-04-18T11:12:00,2025-04-18T11:13:00,37
00115521,Jump Street,2025-04-18,2025-04-18T11:15:00,2025-04-18T11:20:00,16
00662113,Cloverfield Lane,2025-04-18,2025-04-18T11:41:00,2025-04-18T11:38:00,4
00113147,Bradshaw Street,2025-04-18,2025-04-18T12:03:00,2025-04-18T12:01:00,15
00261521,Elm Street,2025-04-18,2025-04-18T12:07:00,2025-04-18T12:06:00,40
00113264,Ocean Avenue,2025-04-18,2025-04-18T12:12:00,2025-04-18T12:10:00,14
00115521,Jump Street,2025-04-18,2025-04-18T12:15:00,2025-04-18T12:17:00,18
00662113,Cloverfield Lane,2025-04-18,2025-04-18T12:41:00,2025-04-18T12:41:00,7
00113147,Bradshaw Street,2025-04-18,2025-04-18T13:03:00,2025-04-18T13:02:00,10
00261521,Elm Street,2025-04-18,2025-04-18T13:07:00,2025-04-18T13:07:00,14
00113264,Ocean Avenue,2025-04-18,2025-04-18T13:12:00,2025-04-18T13:16:00,14
00115521,Jump Street,2025-04-18,2025-04-18T13:15:00,2025-04-18T13:25:00,18
00662113,Cloverfield Lane,2025-04-18,2025-04-18T13:41:00,2025-04-18T13:39:00,4
00113147,Bradshaw Street,2025-04-18,2025-04-18T14:03:00,2025-04-18T14:01:00,13
00261521,Elm Street,2025-04-18,2025-04-18T14:07:00,2025-04-18T14:08:00,25
00113264,Ocean Avenue,2025-04-18,2025-04-18T14:12:00,2025-04-18T14:15:00,27
00115521,Jump Street,2025-04-18,2025-04-18T14:15:00,2025-04-18T14:23:00,29
00662113,Cloverfield Lane,2025-04-18,2025-04-18T14:41:00,2025-04-18T14:40:00,7
00113147,Bradshaw Street,2025-04-18,2025-04-18T15:03:00,2025-04-18T14:58:00,28
00261521,Elm Street,2025-04-18,2025-04-18T15:07:00,2025-04-18T15:10:00,22
00113264,Ocean Avenue,2025-04-18,2025-04-18T15:12:00,2025-04-18T15:16:00,22
00115521,Jump Street,2025-04-18,2025-04-18T15:15:00,2025-04-18T15:20:00,22
00662113,Cloverfield Lane,2025-04-18,2025-04-18T15:41:00,2025-04-18T15:39:00,6
00113147,Bradshaw Street,2025-04-18,2025-04-18T16:03:00,2025-04-18T15:59:00,6
00261521,Elm Street,2025-04-18,2025-04-18T16:07:00,2025-04-18T16:09:00,44
00113264,Ocean Avenue,2025-04-18,2025-04-18T16:12:00,2025-04-18T16:13:00,24
00115521,Jump Street,2025-04-18,2025-04-18T16:15:00,2025-04-18T16:20:00,44
00662113,Cloverfield Lane,2025-04-18,2025-04-18T16:41:00,2025-04-18T16:39:00,6
00113147,Bradshaw Street,2025-04-18,2025-04-18T17:03:00,2025-04-18T17:00:00,30
00261521,Elm Street,2025-04-18,2025-04-18T17:07:00,2025-04-18T17:08:00,37
00113264,Ocean Avenue,2025-04-18,2025-04-18T17:12:00,2025-04-18T17:14:00,25
00115521,Jump Street,2025-04-18,2025-04-18T17:15:00,2025-04-18T17:19:00,38
00662113,Cloverfield Lane,2025-04-18,2025-04-18T17:41:00,2025-04-18T17:39:00,4
00113147,Bradshaw Street,2025-04-18,2025-04-18T18:03:00,2025-04-18T18:01:00,12
00261521,Elm Street,2025-04-18,2025-04-18T18:07:00,2025-04-18T18:07:00,42
00113264,Ocean Avenue,2025-04-18,2025-04-18T18:12:00,2025-04-18T18:15:00,40
00115521,Jump Street,2025-04-18,2025-04-18T18:15:00,2025-04-18T18:18:00,36
00662113,Cloverfield Lane,2025-04-18,2025-04-18T18:41:00,2025-04-18T18:39:00,3
00113147,Bradshaw Street,2025-04-18,2025-04-18T19:03:00,2025-04-18T19:00:00,17
00261521,Elm Street,2025-04-18,2025-04-18T19:07:00,2025-04-18T19:07:00,34
00113264,Ocean Avenue,2025-04-18,2025-04-18T19:12:00,2025-04-18T19:15:00,15
00115521,Jump Street,2025-04-18,2025-04-18T19:15:00,2025-04-18T19:19:00,13
00662113,Cloverfield Lane,2025-04-18,2025-04-18T19:41:00,2025-04-18T19:40:00,6
00113147,Bradshaw Street,2025-04-18,2025-04-18T20:03:00,2025-04-18T19:58:00,23
00261521,Elm Street,2025-04-18,2025-04-18T20:07:00,2025-04-18T20:08:00,31
00113264,Ocean Avenue,2025-04-18,2025-04-18T20:12:00,2025-04-18T20:15:00,18
00115521,Jump Street,2025-04-18,2025-04-18T20:15:00,2025-04-18T20:23:00,17
00662113,Cloverfield Lane,2025-04-18,2025-04-18T20:41:00,2025-04-18T20:40:00,8
00113147,Bradshaw Street,2025-04-18,2025-04-18T21:03:00,2025-04-18T20:59:00,9
00261521,Elm Street,2025-04-18,2025-04-18T21:07:00,2025-04-18T21:08:00,25
00113264,Ocean Avenue,2025-04-18,2025-04-18T21:12:00,2025-04-18T21:12:00,13
00115521,Jump Street,2025-04-18,2025-04-18T21:15:00,2025-04-18T21:20:00,19
00662113,Cloverfield Lane,2025-04-18,2025-04-18T21:41:00,2025-04-18T21:43:00,4
00113147,Bradshaw Street,2025-04-19,2025-04-19T06:03:00,2025-04-19T05:59:00,1
00261521,Elm Street,2025-04-19,2025-04-19T06:07:00,2025-04-19T06:08:00,17
00113264,Ocean Avenue,2025-04-19,2025-04-19T06:12:00,2025-04-19T06:16:00,5
00115521,Jump Street,2025-04-19,2025-04-19T06:15:00,2025-04-19T06:21:00,1
00662113,Cloverfield Lane,2025-04-19,2025-04-19T06:41:00,2025-04-19T06:39:00,2
00113147,Bradshaw Street,2025-04-19,2025-04-19T07:03:00,2025-04-19T06:58:00,12
00261521,Elm Street,2025-04-19,2025-04-19T07:07:00,2025-04-19T07:11:00,40
00113264,Ocean Avenue,2025-04-19,2025-04-19T07:12:00,2025-04-19T07:11:00,18
00115521,Jump Street,2025-04-19,2025-04-19T07:15:00,2025-04-19T07:21:00,9
00662113,Cloverfield Lane,2025-04-19,2025-04-19T07:41:00,2025-04-19T07:39:00,6
00113147,Bradshaw Street,2025-04-19,2025-04-19T08:03:00,2025-04-19T07:59:00,22
00261521,Elm Street,2025-04-19,2025-04-19T08:07:00,2025-04-19T08:07:00,33
00113264,Ocean Avenue,2025-04-19,2025-04-19T08:12:00,2025-04-19T08:11:00,20
00115521,Jump Street,2025-04-19,2025-04-19T08:15:00,2025-04-19T08:25:00,14
00662113,Cloverfield Lane,2025-04-19,2025-04-19T08:41:00,2025-04-19T08:43:00,4
00113147,Bradshaw Street,2025-04-19,2025-04-19T09:03:00,2025-04-19T08:58:00,4
00261521,Elm Street,2025-04-19,2025-04-19T09:07:00,none,0
00113264,Ocean Avenue,2025-04-19,2025-04-19T09:12:00,2025-04-19T09:12:00,14
00115521,Jump Street,2025-04-19,2025-04-19T09:15:00,2025-04-19T09:20:00,3
00662113,Cloverfield Lane,2025-04-19,2025-04-19T09:41:00,2025-04-19T09:38:00,4
00113147,Bradshaw Street,2025-04-19,2025-04-19T10:03:00,2025-04-19T09:59:00,15
00261521,Elm Street,2025-04-19,2025-04-19T10:07:00,2025-04-19T10:10:00,24
00113264,Ocean Avenue,2025-04-19,2025-04-19T10:12:00,2025-04-19T10:14:00,28
00115521,Jump Street,2025-04-19,2025-04-19T10:15:00,2025-04-19T10:21:00,13
00662113,Cloverfield Lane,2025-04-19,2025-04-19T10:41:00,2025-04-19T10:39:00,1
00113147,Bradshaw Street,2025-04-19,2025-04-19T11:03:00,2025-04-19T11:01:00,1
00261521,Elm Street,2025-04-19,2025-04-19T11:07:00,2025-04-19T11:10:00,18
00113264,Ocean Avenue,2025-04-19,2025-04-19T11:12:00,2025-04-19T11:17:00,1
00115521,Jump Street,2025-04-19,2025-04-19T11:15:00,2025-04-19T11:20:00,0
00662113,Cloverfield Lane,2025-04-19,2025-04-19T11:41:00,2025-04-19T11:39:00,0
00113147,Bradshaw Street,2025-04-19,2025-04-19T12:03:00,2025-04-19T11:59:00,11
00261521,Elm Street,2025-04-19,2025-04-19T12:07:00,2025-04-19T12:06:00,19
00113264,Ocean Avenue,2025-04-19,2025-04-19T12:12:00,2025-04-19T12:14:00,11
00115521,Jump Street,2025-04-19,2025-04-19T12:15:00,2025-04-19T12:24:00,10
00662113,Cloverfield Lane,2025-04-19,2025-04-19T12:41:00,2025-04-19T12:42:00,1
00113147,Bradshaw Street,2025-04-19,2025-04-19T13:03:00,2025-04-19T13:01:00,6
00261521,Elm Street,2025-04-19,2025-04-19T13:07:00,2025-04-19T13:08:00,0
00113264,Ocean Avenue,2025-04-19,2025-04-19T13:12:00,2025-04-19T13:15:00,3
00115521,Jump Street,2025-04-19,2025-04-19T13:15:00,2025-04-19T13:21:00,13
00662113,Cloverfield Lane,2025-04-19,2025-04-19T13:41:00,2025-04-19T13:37:00,4
00113147,Bradshaw Street,2025-04-19,2025-04-19T14:03:00,2025-04-19T14:00:00,1
00261521,Elm Street,2025-04-19,2025-04-19T14:07:00,2025-04-19T14:08:00,4
00113264,Ocean Avenue,2025-04-19,2025-04-19T14:12:00,2025-04-19T14:11:00,12
00115521,Jump Street,2025-04-19,2025-04-19T14:15:00,2025-04-19T14:22:00,7
00662113,Cloverfield Lane,2025-04-19,2025-04-19T14:41:00,2025-04-19T14:39:00,3
00113147,Bradshaw Street,2025-04-19,2025-04-19T15:03:00,2025-04-19T15:00:00,7
00261521,Elm Street,2025-04-19,2025-04-19T15:07:00,2025-04-19T15:07:00,16
00113264,Ocean Avenue,2025-04-19,2025-04-19T15:12:00,2025-04-19T15:10:00,0
00115521,Jump Street,2025-04-19,2025-04-19T15:15:00,2025-04-19T15:21:00,5
00662113,Cloverfield Lane,2025-04-19,2025-04-19T15:41:00,2025-04-19T15:39:00,6
00113147,Bradshaw Street,2025-04-19,2025-04-19T16:03:00,2025-04-19T16:00:00,8
00261521,Elm Street,2025-04-19,2025-04-19T16:07:00,2025-04-19T16:10:00,4
00113264,Ocean Avenue,2025-04-19,2025-04-19T16:12:00,2025-04-19T16:15:00,2
00115521,Jump Street,2025-04-19,2025-04-19T16:15:00,2025-04-19T16:20:00,31
00662113,Cloverfield Lane,2025-04-19,2025-04-19T16:41:00,2025-04-19T16:41:00,2
00113147,Bradshaw Street,2025-04-19,2025-04-19T17:03:00,2025-04-19T16:58:00,11
00261521,Elm Street,2025-04-19,2025-04-19T17:07:00,2025-04-19T17:09:00,20
00113264,Ocean Avenue,2025-04-19,2025-04-19T17:12:00,2025-04-19T17:15:00,27
00115521,Jump Street,2025-04-19,2025-04-19T17:15:00,2025-04-19T17:16:00,23
00662113,Cloverfield Lane,2025-04-19,2025-04-19T17:41:00,2025-04-19T17:42:00,7
00113147,Bradshaw Street,2025-04-19,2025-04-19T18:03:00,2025-04-19T18:02:00,2
00261521,Elm Street,2025-04-19,2025-04-19T18:07:00,2025-04-19T18:07:00,21
00113264,Ocean Avenue,2025-04-19,2025-04-19T18:12:00,2025-04-19T18:14:00,22
00115521,Jump Street,2025-04-19,2025-04-19T18:15:00,2025-04-19T18:19:00,27
00662113,Cloverfield Lane,2025-04-19,2025-04-19T18:41:00,2025-04-19T18:43:00,5
00113147,Bradshaw Street,2025-04-19,2025-04-19T19:03:00,2025-04-19T19:00:00,1
00261521,Elm Street,2025-04-19,2025-04-19T19:07:00,2025-04-19T19:04:00,19
00113264,Ocean Avenue,2025-04-19,2025-04-19T19:12:00,2025-04-19T19:14:00,27
00115521,Jump Street,2025-04-19,2025-04-19T19:15:00,2025-04-19T19:20:00,9
00662113,Cloverfield Lane,2025-04-19,2025-04-19T19:41:00,2025-04-19T19:37:00,4
00113147,Bradshaw Street,2025-04-19,2025-04-19T20:03:00,2025-04-19T20:02:00,4
00261521,Elm Street,2025-04-19,2025-04-19T20:07:00,2025-04-19T20:07:00,33
00113264,Ocean Avenue,2025-04-19,2025-04-19T20:12:00,2025-04-19T20:14:00,4
00115521,Jump Street,2025-04-19,2025-04-19T20:15:00,2025-04-19T20:22:00,17
00662113,Cloverfield Lane,2025-04-19,2025-04-19T20:41:00,2025-04-19T20:40:00,2
00113147,Bradshaw Street,2025-04-19,2025-04-19T21:03:00,2025-04-19T21:00:00,2
00261521,Elm Street,2025-04-19,2025-04-19T21:07:00,none,0
00113264,Ocean Avenue,2025-04-19,2025-04-19T21:12:00,2025-04-19T21:15:00,8
00115521,Jump Street,2025-04-19,2025-04-19T21:15:00,2025-04-19T21:21:00,5
00662113,Cloverfield Lane,2025-04-19,2025-04-19T21:41:00,2025-04-19T21:40:00,1
00113147,Bradshaw Street,2025-04-20,2025-04-20T06:03:00,2025-04-20T06:00:00,10
00261521,Elm Street,2025-04-20,2025-04-20T06:07:00,none,0
00113264,Ocean Avenue,2025-04-20,2025-04-20T06:12:00,2025-04-20T06:13:00,14
00115521,Jump Street,2025-04-20,2025-04-20T06:15:00,2025-04-20T06:21:00,12
00662113,Cloverfield Lane,2025-04-20,2025-04-20T06:41:00,2025-04-20T06:41:00,0
00113147,Bradshaw Street,2025-04-20,2025-04-20T07:03:00,2025-04-20T07:00:00,15
00261521,Elm Street,2025-04-20,2025-04-20T07:07:00,2025-04-20T07:08:00,33
00113264,Ocean Avenue,2025-04-20,2025-04-20T07:12:00,2025-04-20T07:11:00,13
00115521,Jump Street,2025-04-20,2025-04-20T07:15:00,2025-04-20T07:18:00,10
00662113,Cloverfield Lane,2025-04-20,2025-04-20T07:41:00,2025-04-20T07:41:00,0
00113147,Bradshaw Street,2025-04-20,2025-04-20T08:03:00,2025-04-20T08:02:00,17
00261521,Elm Street,2025-04-20,2025-04-20T08:07:00,2025-04-20T08:09:00,32
00113264,Ocean Avenue,2025-04-20,2025-04-20T08:12:00,2025-04-20T08:11:00,14
00115521,Jump Street,2025-04-20,2025-04-20T08:15:00,2025-04-20T08:16:00,10
00662113,Cloverfield Lane,2025-04-20,2025-04-20T08:41:00,2025-04-20T08:38:00,5
00113147,Bradshaw Street,2025-04-20,2025-04-20T09:03:00,2025-04-20T09:02:00,20
00261521,Elm Street,2025-04-20,2025-04-20T09:07:00,2025-04-20T09:05:00,38
00113264,Ocean Avenue,2025-04-20,2025-04-20T09:12:00,2025-04-20T09:11:00,24
00115521,Jump Street,2025-04-20,2025-04-20T09:15:00,2025-04-20T09:25:00,26
00662113,Cloverfield Lane,2025-04-20,2025-04-20T09:41:00,2025-04-20T09:38:00,5
00113147,Bradshaw Street,2025-04-20,2025-04-20T10:03:00,2025-04-20T10:00:00,11
00261521,Elm Street,2025-04-20,2025-04-20T10:07:00,2025-04-20T10:08:00,0
00113264,Ocean Avenue,2025-04-20,2025-04-20T10:12:00,2025-04-20T10:14:00,13
00115521,Jump Street,2025-04-20,2025-04-20T10:15:00,2025-04-20T10:20:00,17
00662113,Cloverfield Lane,2025-04-20,2025-04-20T10:41:00,2025-04-20T10:41:00,0
00113147,Bradshaw Street,2025-04-20,2025-04-20T11:03:00,2025-04-20T11:00:00,7
00261521,Elm Street,2025-04-20,2025-04-20T11:07:00,2025-04-20T11:07:00,24
00113264,Ocean Avenue,2025-04-20,2025-04-20T11:12:00,2025-04-20T11:13:00,22
00115521,Jump Street,2025-04-20,2025-04-20T11:15:00,2025-04-20T11:22:00,6
00662113,Cloverfield Lane,2025-04-20,2025-04-20T11:41:00,2025-04-20T11:43:00,2
00113147,Bradshaw Street,2025-04-20,2025-04-20T12:03:00,2025-04-20T12:01:00,1
00261521,Elm Street,2025-04-20,2025-04-20T12:07:00,2025-04-20T12:09:00,10
00113264,Ocean Avenue,2025-04-20,2025-04-20T12:12:00,2025-04-20T12:15:00,25
00115521,Jump Street,2025-04-20,2025-04-20T12:15:00,2025-04-20T12:19:00,11
00662113,Cloverfield Lane,2025-04-20,2025-04-20T12:41:00,2025-04-20T12:39:00,5
00113147,Bradshaw Street,2025-04-20,2025-04-20T13:03:00,2025-04-20T13:02:00,3
00261521,Elm Street,2025-04-20,2025-04-20T13:07:00,2025-04-20T13:07:00,24
00113264,Ocean Avenue,2025-04-20,2025-04-20T13:12:00,2025-04-20T13:10:00,7
00115521,Jump Street,2025-04-20,2025-04-20T13:15:00,2025-04-20T13:21:00,19
00662113,Cloverfield Lane,2025-04-20,2025-04-20T13:41:00,2025-04-20T13:39:00,5
00113147,Bradshaw Street,2025-04-20,2025-04-20T14:03:00,2025-04-20T14:01:00,12
00261521,Elm Street,2025-04-20,2025-04-20T14:07:00,2025-04-20T14:10:00,5
00113264,Ocean Avenue,2025-04-20,2025-04-20T14:12:00,2025-04-20T14:16:00,32
00115521,Jump Street,2025-04-20,2025-04-20T14:15:00,2025-04-20T14:18:00,7
00662113,Cloverfield Lane,2025-04-20,2025-04-20T14:41:00,2025-04-20T14:39:00,10
00113147,Bradshaw Street,2025-04-20,2025-04-20T15:03:00,2025-04-20T15:02:00,8
00261521,Elm Street,2025-04-20,2025-04-20T15:07:00,2025-04-20T15:05:00,4
00113264,Ocean Avenue,2025-04-20,2025-04-20T15:12:00,2025-04-20T15:15:00,4
00115521,Jump Street,2025-04-20,2025-04-20T15:15:00,2025-04-20T15:20:00,6
00662113,Cloverfield Lane,2025-04-20,2025-04-20T15:41:00,2025-04-20T15:38:00,5
00113147,Bradshaw Street,2025-04-20,2025-04-20T16:03:00,2025-04-20T16:00:00,5
00261521,Elm Street,2025-04-20,2025-04-20T16:07:00,2025-04-20T16:07:00,18
00113264,Ocean Avenue,2025-04-20,2025-04-20T16:12:00,2025-04-20T16:13:00,23
00115521,Jump Street,2025-04-20,2025-04-20T16:15:00,2025-04-20T16:20:00,25
00662113,Cloverfield Lane,2025-04-20,2025-04-20T16:41:00,2025-04-20T16:38:00,3
00113147,Bradshaw Street,2025-04-20,2025-04-20T17:03:00,2025-04-20T17:01:00,20
00261521,Elm Street,2025-04-20,2025-04-20T17:07:00,2025-04-20T17:11:00,14
00113264,Ocean Avenue,2025-04-20,2025-04-20T17:12:00,2025-04-20T17:14:00,29
00115521,Jump Street,2025-04-20,2025-04-20T17:15:00,2025-04-20T17:23:00,27
00662113,Cloverfield Lane,2025-04-20,2025-04-20T17:41:00,2025-04-20T17:39:00,0
00113147,Bradshaw Street,2025-04-20,2025-04-20T18:03:00,2025-04-20T17:58:00,21
00261521,Elm Street,2025-04-20,2025-04-20T18:07:00,2025-04-20T18:08:00,26
00113264,Ocean Avenue,2025-04-20,2025-04-20T18:12:00,2025-04-20T18:17:00,14
00115521,Jump Street,2025-04-20,2025-04-20T18:15:00,2025-04-20T18:19:00,10
00662113,Cloverfield Lane,2025-04-20,2025-04-20T18:41:00,2025-04-20T18:41:00,4
00113147,Bradshaw Street,2025-04-20,2025-04-20T19:03:00,2025-04-20T19:02:00,7
00261521,Elm Street,2025-04-20,2025-04-20T19:07:00,2025-04-20T19:07:00,8
00113264,Ocean Avenue,2025-04-20,2025-04-20T19:12:00,2025-04-20T19:13:00,21
00115521,Jump Street,2025-04-20,2025-04-20T19:15:00,2025-04-20T19:21:00,13
00662113,Cloverfield Lane,2025-04-20,2025-04-20T19:41:00,2025-04-20T19:37:00,3
00113147,Bradshaw Street,2025-04-20,2025-04-20T20:03:00,2025-04-20T20:00:00,8
00261521,Elm Street,2025-04-20,2025-04-20T20:07:00,2025-04-20T20:09:00,25
00113264,Ocean Avenue,2025-04-20,2025-04-20T20:12:00,2025-04-20T20:17:00,11
00115521,Jump Street,2025-04-20,2025-04-20T20:15:00,2025-04-20T20:21:00,16
00662113,Cloverfield Lane,2025-04-20,2025-04-20T20:41:00,2025-04-20T20:39:00,1
00113147,Bradshaw Street,2025-04-20,2025-04-20T21:03:00,2025-04-20T20:59:00,0
00261521,Elm Street,2025-04-20,2025-04-20T21:07:00,2025-04-20T21:09:00,15
00113264,Ocean Avenue,2025-04-20,2025-04-20T21:12:00,2025-04-20T21:08:00,15
00115521,Jump Street,2025-04-20,2025-04-20T21:15:00,2025-04-20T21:23:00,14
00662113,Cloverfield Lane,2025-04-20,2025-04-20T21:41:00,2025-04-20T21:41:00,10
00113147,Bradshaw Street,2025-04-21,2025-04-21T06:03:00,2025-04-21T06:01:00,8
00261521,Elm Street,2025-04-21,2025-04-21T06:07:00,2025-04-21T06:11:00,10
00113264,Ocean Avenue,2025-04-21,2025-04-21T06:12:00,2025-04-21T06:12:00,0
00115521,Jump Street,2025-04-21,2025-04-21T06:15:00,2025-04-21T06:24:00,20
00662113,Cloverfield Lane,2025-04-21,2025-04-21T06:41:00,2025-04-21T06:38:00,5
00113147,Bradshaw Street,2025-04-21,2025-04-21T07:03:00,2025-04-21T07:01:00,29
00261521,Elm Street,2025-04-21,2025-04-21T07:07:00,2025-04-21T07:09:00,58
00113264,Ocean Avenue,2025-04-21,2025-04-21T07:12:00,2025-04-21T07:13:00,38
00115521,Jump Street,2025-04-21,2025-04-21T07:15:00,2025-04-21T07:22:00,21
00662113,Cloverfield Lane,2025-04-21,2025-04-21T07:41:00,2025-04-21T07:39:00,9
00113147,Bradshaw Street,2025-04-21,2025-04-21T08:03:00,2025-04-21T08:01:00,28
00261521,Elm Street,2025-04-21,2025-04-21T08:07:00,2025-04-21T08:06:00,60
00113264,Ocean Avenue,2025-04-21,2025-04-21T08:12:00,2025-04-21T08:13:00,43
00115521,Jump Street,2025-04-21,2025-04-21T08:15:00,2025-04-21T08:21:00,14
00662113,Cloverfield Lane,2025-04-21,2025-04-21T08:41:00,2025-04-21T08:39:00,5
00113147,Bradshaw Street,2025-04-21,2025-04-21T09:03:00,2025-04-21T08:59:00,17
00261521,Elm Street,2025-04-21,2025-04-21T09:07:00,2025-04-21T09:07:00,46
00113264,Ocean Avenue,2025-04-21,2025-04-21T09:12:00,2025-04-21T09:13:00,40
00115521,Jump Street,2025-04-21,2025-04-21T09:15:00,2025-04-21T09:21:00,15
00662113,Cloverfield Lane,2025-04-21,2025-04-21T09:41:00,2025-04-21T09:38:00,7
00113147,Bradshaw Street,2025-04-21,2025-04-21T10:03:00,2025-04-21T09:59:00,0
00261521,Elm Street,2025-04-21,2025-04-21T10:07:00,2025-04-21T10:06:00,19
00113264,Ocean Avenue,2025-04-21,2025-04-21T10:12:00,2025-04-21T10:11:00,20
00115521,Jump Street,2025-04-21,2025-04-21T10:15:00,2025-04-21T10:24:00,25
00662113,Cloverfield Lane,2025-04-21,2025-04-21T10:41:00,2025-04-21T10:39:00,9
00113147,Bradshaw Street,2025-04-21,2025-04-21T11:03:00,2025-04-21T10:58:00,13
00261521,Elm Street,2025-04-21,2025-04-21T11:07:00,2025-04-21T11:12:00,24
00113264,Ocean Avenue,2025-04-21,2025-04-21T11:12:00,2025-04-21T11:13:00,27
00115521,Jump Street,2025-04-21,2025-04-21T11:15:00,2025-04-21T11:24:00,16
00662113,Cloverfield Lane,2025-04-21,2025-04-21T11:41:00,2025-04-21T11:41:00,6
00113147,Bradshaw Street,2025-04-21,2025-04-21T12:03:00,2025-04-21T11:58:00,16
00261521,Elm Street,2025-04-21,2025-04-21T12:07:00,2025-04-21T12:04:00,37
00113264,Ocean Avenue,2025-04-21,2025-04-21T12:12:00,2025-04-21T12:14:00,24
00115521,Jump Street,2025-04-21,2025-04-21T12:15:00,2025-04-21T12:18:00,0
00662113,Cloverfield Lane,2025-04-21,2025-04-21T12:41:00,2025-04-21T12:41:00,9
00113147,Bradshaw Street,2025-04-21,2025-04-21T13:03:00,2025-04-21T12:59:00,10
00261521,Elm Street,2025-04-21,2025-04-21T13:07:00,2025-04-21T13:03:00,52
00113264,Ocean Avenue,2025-04-21,2025-04-21T13:12:00,2025-04-21T13:15:00,28
00115521,Jump Street,2025-04-21,2025-04-21T13:15:00,2025-04-21T13:18:00,26
00662113,Cloverfield Lane,2025-04-21,2025-04-21T13:41:00,2025-04-21T13:39:00,6
00113147,Bradshaw Street,2025-04-21,2025-04-21T14:03:00,2025-04-21T14:02:00,23
00261521,Elm Street,2025-04-21,2025-04-21T14:07:00,2025-04-21T14:09:00,34
00113264,Ocean Avenue,2025-04-21,2025-04-21T14:12:00,2025-04-21T14:15:00,12
00115521,Jump Street,2025-04-21,2025-04-21T14:15:00,2025-04-21T14:21:00,16
00662113,Cloverfield Lane,2025-04-21,2025-04-21T14:41:00,2025-04-21T14:39:00,5
00113147,Bradshaw Street,2025-04-21,2025-04-21T15:03:00,2025-04-21T15:02:00,16
00261521,Elm Street,2025-04-21,2025-04-21T15:07:00,2025-04-21T15:08:00,38
00113264,Ocean Avenue,2025-04-21,2025-04-21T15:12:00,2025-04-21T15:15:00,8
00115521,Jump Street,2025-04-21,2025-04-21T15:15:00,2025-04-21T15:22:00,27
00662113,Cloverfield Lane,2025-04-21,2025-04-21T15:41:00,2025-04-21T15:39:00,9
00113147,Bradshaw Street,2025-04-21,2025-04-21T16:03:00,2025-04-21T15:59:00,21
00261521,Elm Street,2025-04-21,2025-04-21T16:07:00,2025-04-21T16:07:00,35
00113264,Ocean Avenue,2025-04-21,2025-04-21T16:12:00,2025-04-21T16:12:00,34
00115521,Jump Street,2025-04-21,2025-04-21T16:15:00,2025-04-21T16:20:00,26
00662113,Cloverfield Lane,2025-04-21,2025-04-21T16:41:00,2025-04-21T16:42:00,4
00113147,Bradshaw Street,2025-04-21,2025-04-21T17:03:00,2025-04-21T17:00:00,16
00261521,Elm Street,2025-04-21,2025-04-21T17:07:00,2025-04-21T17:04:00,13
00113264,Ocean Avenue,2025-04-21,2025-04-21T17:12:00,2025-04-21T17:12:00,25
00115521,Jump Street,2025-04-21,2025-04-21T17:15:00,2025-04-21T17:19:00,29
00662113,Cloverfield Lane,2025-04-21,2025-04-21T17:41:00,2025-04-21T17:40:00,6
00113147,Bradshaw Street,2025-04-21,2025-04-21T18:03:00,2025-04-21T18:00:00,15
00261521,Elm Street,2025-04-21,2025-04-21T18:07:00,2025-04-21T18:07:00,47
00113264,Ocean Avenue,2025-04-21,2025-04-21T18:12:00,2025-04-21T18:11:00,30
00115521,Jump Street,2025-04-21,2025-04-21T18:15:00,2025-04-21T18:24:00,47
00662113,Cloverfield Lane,2025-04-21,2025-04-21T18:41:00,2025-04-21T18:45:00,4
00113147,Bradshaw Street,2025-04-21,2025-04-21T19:03:00,2025-04-21T18:59:00,25
00261521,Elm Street,2025-04-21,2025-04-21T19:07:00,2025-04-21T19:08:00,31
00113264,Ocean Avenue,2025-04-21,2025-04-21T19:12:00,2025-04-21T19:12:00,4
00115521,Jump Street,2025-04-21,2025-04-21T19:15:00,2025-04-21T19:24:00,15
00662113,Cloverfield Lane,2025-04-21,2025-04-21T19:41:00,2025-04-21T19:42:00,7
00113147,Bradshaw Street,2025-04-21,2025-04-21T20:03:00,2025-04-21T19:59:00,16
00261521,Elm Street,2025-04-21,2025-04-21T20:07:00,2025-04-21T20:04:00,29
00113264,Ocean Avenue,2025-04-21,2025-04-21T20:12:00,2025-04-21T20:11:00,8
00115521,Jump Street,2025-04-21,2025-04-21T20:15:00,2025-04-21T20:19:00,18
00662113,Cloverfield Lane,2025-04-21,2025-04-21T20:41:00,2025-04-21T20:37:00,4
00113147,Bradshaw Street,2025-04-21,2025-04-21T21:03:00,2025-04-21T20:59:00,13
00261521,Elm Street,2025-04-21,2025-04-21T21:07:00,2025-04-21T21:09:00,17
00113264,Ocean Avenue,2025-04-21,2025-04-21T21:12:00,2025-04-21T21:14:00,7
00115521,Jump Street,2025-04-21,2025-04-21T21:15:00,2025-04-21T21:26:00,15
00662113,Cloverfield Lane,2025-04-21,2025-04-21T21:41:00,2025-04-21T21:39:00,5
00113147,Bradshaw Street,2025-04-22,2025-04-22T06:03:00,2025-04-22T05:59:00,6
00261521,Elm Street,2025-04-22,2025-04-22T06:07:00,2025-04-22T06:07:00,13
00113264,Ocean Avenue,2025-04-22,2025-04-22T06:12:00,2025-04-22T06:14:00,14
00115521,Jump Street,2025-04-22,2025-04-22T06:15:00,2025-04-22T06:22:00,1
00662113,Cloverfield Lane,2025-04-22,2025-04-22T06:41:00,2025-04-22T06:39:00,0
00113147,Bradshaw Street,2025-04-22,2025-04-22T07:03:00,2025-04-22T07:00:00,29
00261521,Elm Street,2025-04-22,2025-04-22T07:07:00,2025-04-22T07:09:00,42
00113264,Ocean Avenue,2025-04-22,2025-04-22T07:12:00,2025-04-22T07:14:00,41
00115521,Jump Street,2025-04-22,2025-04-22T07:15:00,2025-04-22T07:21:00,31
00662113,Cloverfield Lane,2025-04-22,2025-04-22T07:41:00,2025-04-22T07:37:00,8
00113147,Bradshaw Street,2025-04-22,2025-04-22T08:03:00,2025-04-22T08:00:00,20
00261521,Elm Street,2025-04-22,2025-04-22T08:07:00,2025-04-22T08:05:00,42
00113264,Ocean Avenue,2025-04-22,2025-04-22T08:12:00,2025-04-22T08:13:00,42
00115521,Jump Street,2025-04-22,2025-04-22T08:15:00,2025-04-22T08:25:00,10
00662113,Cloverfield Lane,2025-04-22,2025-04-22T08:41:00,2025-04-22T08:40:00,6
00113147,Bradshaw Street,2025-04-22,2025-04-22T09:03:00,2025-04-22T08:59:00,28
00261521,Elm Street,2025-04-22,2025-04-22T09:07:00,2025-04-22T09:12:00,54
00113264,Ocean Avenue,2025-04-22,2025-04-22T09:12:00,2025-04-22T09:13:00,29
00115521,Jump Street,2025-04-22,2025-04-22T09:15:00,2025-04-22T09:22:00,32
00662113,Cloverfield Lane,2025-04-22,2025-04-22T09:41:00,2025-04-22T09:39:00,3
00113147,Bradshaw Street,2025-04-22,2025-04-22T10:03:00,2025-04-22T10:01:00,0
00261521,Elm Street,2025-04-22,2025-04-22T10:07:00,2025-04-22T10:06:00,34
00113264,Ocean Avenue,2025-04-22,2025-04-22T10:12:00,2025-04-22T10:11:00,26
00115521,Jump Street,2025-04-22,2025-04-22T10:15:00,2025-04-22T10:20:00,10
00662113,Cloverfield Lane,2025-04-22,2025-04-22T10:41:00,2025-04-22T10:41:00,8
00113147,Bradshaw Street,2025-04-22,2025-04-22T11:03:00,2025-04-22T11:00:00,25
00261521,Elm Street,2025-04-22,2025-04-22T11:07:00,2025-04-22T11:10:00,23
00113264,Ocean Avenue,2025-04-22,2025-04-22T11:12:00,2025-04-22T11:14:00,23
00115521,Jump Street,2025-04-22,2025-04-22T11:15:00,2025-04-22T11:24:00,11
00662113,Cloverfield Lane,2025-04-22,2025-04-22T11:41:00,2025-04-22T11:37:00,5
00113147,Bradshaw Street,2025-04-22,2025-04-22T12:03:00,2025-04-22T12:01:00,9
00261521,Elm Street,2025-04-22,2025-04-22T12:07:00,2025-04-22T12:08:00,35
00113264,Ocean Avenue,2025-04-22,2025-04-22T12:12:00,2025-04-22T12:11:00,31
00115521,Jump Street,2025-04-22,2025-04-22T12:15:00,2025-04-22T12:20:00,27
00662113,Cloverfield Lane,2025-04-22,2025-04-22T12:41:00,2025-04-22T12:40:00,7
00113147,Bradshaw Street,2025-04-22,2025-04-22T13:03:00,2025-04-22T12:58:00,10
00261521,Elm Street,2025-04-22,2025-04-22T13:07:00,2025-04-22T13:10:00,18
00113264,Ocean Avenue,2025-04-22,2025-04-22T13:12:00,2025-04-22T13:13:00,35
00115521,Jump Street,2025-04-22,2025-04-22T13:15:00,2025-04-22T13:19:00,20
00662113,Cloverfield Lane,2025-04-22,2025-04-22T13:41:00,2025-04-22T13:40:00,6
00113147,Bradshaw Street,2025-04-22,2025-04-22T14:03:00,2025-04-22T14:02:00,11
00261521,Elm Street,2025-04-22,2025-04-22T14:07:00,2025-04-22T14:09:00,24
00113264,Ocean Avenue,2025-04-22,2025-04-22T14:12:00,2025-04-22T14:13:00,22
00115521,Jump Street,2025-04-22,2025-04-22T14:15:00,2025-04-22T14:20:00,20
00662113,Cloverfield Lane,2025-04-22,2025-04-22T14:41:00,2025-04-22T14:39:00,11
00113147,Bradshaw Street,2025-04-22,2025-04-22T15:03:00,2025-04-22T14:59:00,15
00261521,Elm Street,2025-04-22,2025-04-22T15:07:00,2025-04-22T15:08:00,41
00113264,Ocean Avenue,2025-04-22,2025-04-22T15:12:00,2025-04-22T15:17:00,42
00115521,Jump Street,2025-04-22,2025-04-22T15:15:00,2025-04-22T15:21:00,24
00662113,Cloverfield Lane,2025-04-22,2025-04-22T15:41:00,2025-04-22T15:38:00,11
00113147,Bradshaw Street,2025-04-22,2025-04-22T16:03:00,2025-04-22T15:59:00,25
00261521,Elm Street,2025-04-22,2025-04-22T16:07:00,2025-04-22T16:08:00,40
00113264,Ocean Avenue,2025-04-22,2025-04-22T16:12:00,2025-04-22T16:15:00,11
00115521,Jump Street,2025-04-22,2025-04-22T16:15:00,2025-04-22T16:20:00,32
00662113,Cloverfield Lane,2025-04-22,2025-04-22T16:41:00,2025-04-22T16:40:00,7
00113147,Bradshaw Street,2025-04-22,2025-04-22T17:03:00,2025-04-22T17:00:00,4
00261521,Elm Street,2025-04-22,2025-04-22T17:07:00,2025-04-22T17:06:00,39
00113264,Ocean Avenue,2025-04-22,2025-04-22T17:12:00,2025-04-22T17:14:00,33
00115521,Jump Street,2025-04-22,2025-04-22T17:15:00,2025-04-22T17:18:00,42
00662113,Cloverfield Lane,2025-04-22,2025-04-22T17:41:00,2025-04-22T17:39:00,9
00113147,Bradshaw Street,2025-04-22,2025-04-22T18:03:00,2025-04-22T18:01:00,24
00261521,Elm Street,2025-04-22,2025-04-22T18:07:00,2025-04-22T18:07:00,40
00113264,Ocean Avenue,2025-04-22,2025-04-22T18:12:00,2025-04-22T18:18:00,37
00115521,Jump Street,2025-04-22,2025-04-22T18:15:00,2025-04-22T18:22:00,36
00662113,Cloverfield Lane,2025-04-22,2025-04-22T18:41:00,2025-04-22T18:41:00,4
00113147,Bradshaw Street,2025-04-22,2025-04-22T19:03:00,2025-04-22T19:03:00,0
00261521,Elm Street,2025-04-22,2025-04-22T19:07:00,2025-04-22T19:10:00,15
00113264,Ocean Avenue,2025-04-22,2025-04-22T19:12:00,2025-04-22T19:13:00,14
00115521,Jump Street,2025-04-22,2025-04-22T19:15:00,2025-04-22T19:23:00,13
00662113,Cloverfield Lane,2025-04-22,2025-04-22T19:41:00,2025-04-22T19:40:00,4
00113147,Bradshaw Street,2025-04-22,2025-04-22T20:03:00,2025-04-22T20:01:00,12
00261521,Elm Street,2025-04-22,2025-04-22T20:07:00,2025-04-22T20:08:00,12
00113264,Ocean Avenue,2025-04-22,2025-04-22T20:12:00,2025-04-22T20:12:00,10
00115521,Jump Street,2025-04-22,2025-04-22T20:15:00,2025-04-22T20:20:00,21
00662113,Cloverfield Lane,2025-04-22,2025-04-22T20:41:00,2025-04-22T20:43:00,7
00113147,Bradshaw Street,2025-04-22,2025-04-22T21:03:00,2025-04-22T20:59:00,10
00261521,Elm Street,2025-04-22,2025-04-22T21:07:00,2025-04-22T21:09:00,0
00113264,Ocean Avenue,2025-04-22,2025-04-22T21:12:00,2025-04-22T21:13:00,7
00115521,Jump Street,2025-04-22,2025-04-22T21:15:00,2025-04-22T21:20:00,15
00662113,Cloverfield Lane,2025-04-22,2025-04-22T21:41:00,2025-04-22T21:38:00,3
00113147,Bradshaw Street,2025-04-23,2025-04-23T06:03:00,2025-04-23T05:59:00,8
00261521,Elm Street,2025-04-23,2025-04-23T06:07:00,2025-04-23T06:09:00,2
00113264,Ocean Avenue,2025-04-23,2025-04-23T06:12:00,2025-04-23T06:11:00,9
00115521,Jump Street,2025-04-23,2025-04-23T06:15:00,2025-04-23T06:21:00,18
00662113,Cloverfield Lane,2025-04-23,2025-04-23T06:41:00,2025-04-23T06:41:00,8
00113147,Bradshaw Street,2025-04-23,2025-04-23T07:03:00,2025-04-23T06:59:00,18
00261521,Elm Street,2025-04-23,2025-04-23T07:07:00,2025-04-23T07:11:00,60
00113264,Ocean Avenue,2025-04-23,2025-04-23T07:12:00,2025-04-23T07:14:00,51
00115521,Jump Street,2025-04-23,2025-04-23T07:15:00,2025-04-23T07:19:00,27
00662113,Cloverfield Lane,2025-04-23,2025-04-23T07:41:00,2025-04-23T07:40:00,10
00113147,Bradshaw Street,2025-04-23,2025-04-23T08:03:00,2025-04-23T07:56:00,17
00261521,Elm Street,2025-04-23,2025-04-23T08:07:00,2025-04-23T08:05:00,60
00113264,Ocean Avenue,2025-04-23,2025-04-23T08:12:00,2025-04-23T08:11:00,42
00115521,Jump Street,2025-04-23,2025-04-23T08:15:00,2025-04-23T08:21:00,21
00662113,Cloverfield Lane,2025-04-23,2025-04-23T08:41:00,2025-04-23T08:41:00,4
00113147,Bradshaw Street,2025-04-23,2025-04-23T09:03:00,2025-04-23T09:00:00,29
00261521,Elm Street,2025-04-23,2025-04-23T09:07:00,2025-04-23T09:09:00,60
00113264,Ocean Avenue,2025-04-23,2025-04-23T09:12:00,2025-04-23T09:14:00,37
00115521,Jump Street,2025-04-23,2025-04-23T09:15:00,2025-04-23T09:22:00,25
00662113,Cloverfield Lane,2025-04-23,2025-04-23T09:41:00,2025-04-23T09:39:00,9
00113147,Bradshaw Street,2025-04-23,2025-04-23T10:03:00,2025-04-23T10:00:00,4
00261521,Elm Street,2025-04-23,2025-04-23T10:07:00,2025-04-23T10:10:00,12
00113264,Ocean Avenue,2025-04-23,2025-04-23T10:12:00,2025-04-23T10:13:00,23
00115521,Jump Street,2025-04-23,2025-04-23T10:15:00,2025-04-23T10:20:00,20
00662113,Cloverfield Lane,2025-04-23,2025-04-23T10:41:00,2025-04-23T10:41:00,7
00113147,Bradshaw Street,2025-04-23,2025-04-23T11:03:00,2025-04-23T10:57:00,24
00261521,Elm Street,2025-04-23,2025-04-23T11:07:00,2025-04-23T11:10:00,34
00113264,Ocean Avenue,2025-04-23,2025-04-23T11:12:00,2025-04-23T11:14:00,18
00115521,Jump Street,2025-04-23,2025-04-23T11:15:00,2025-04-23T11:21:00,26
00662113,Cloverfield Lane,2025-04-23,2025-04-23T11:41:00,2025-04-23T11:39:00,6
00113147,Bradshaw Street,2025-04-23,2025-04-23T12:03:00,2025-04-23T11:57:00,11
00261521,Elm Street,2025-04-23,2025-04-23T12:07:00,2025-04-23T12:10:00,20
00113264,Ocean Avenue,2025-04-23,2025-04-23T12:12:00,2025-04-23T12:16:00,26
00115521,Jump Street,2025-04-23,2025-04-23T12:15:00,2025-04-23T12:23:00,18
00662113,Cloverfield Lane,2025-04-23,2025-04-23T12:41:00,2025-04-23T12:40:00,3
00113147,Bradshaw Street,2025-04-23,2025-04-23T13:03:00,2025-04-23T13:00:00,8
00261521,Elm Street,2025-04-23,2025-04-23T13:07:00,2025-04-23T13:06:00,27
00113264,Ocean Avenue,2025-04-23,2025-04-23T13:12:00,2025-04-23T13:14:00,15
00115521,Jump Street,2025-04-23,2025-04-23T13:15:00,2025-04-23T13:19:00,22
00662113,Cloverfield Lane,2025-04-23,2025-04-23T13:41:00,2025-04-23T13:42:00,6
00113147,Bradshaw Street,2025-04-23,2025-04-23T14:03:00,2025-04-23T13:58:00,11
00261521,Elm Street,2025-04-23,2025-04-23T14:07:00,2025-04-23T14:08:00,27
00113264,Ocean Avenue,2025-04-23,2025-04-23T14:12:00,2025-04-23T14:13:00,23
00115521,Jump Street,2025-04-23,2025-04-23T14:15:00,2025-04-23T14:22:00,24
00662113,Cloverfield Lane,2025-04-23,2025-04-23T14:41:00,2025-04-23T14:41:00,9
00113147,Bradshaw Street,2025-04-23,2025-04-23T15:03:00,2025-04-23T14:58:00,7
00261521,Elm Street,2025-04-23,2025-04-23T15:07:00,2025-04-23T15:08:00,21
00113264,Ocean Avenue,2025-04-23,2025-04-23T15:12:00,2025-04-23T15:12:00,10
00115521,Jump Street,2025-04-23,2025-04-23T15:15:00,2025-04-23T15:22:00,14
00662113,Cloverfield Lane,2025-04-23,2025-04-23T15:41:00,2025-04-23T15:38:00,5
00113147,Bradshaw Street,2025-04-23,2025-04-23T16:03:00,2025-04-23T16:00:00,29
00261521,Elm Street,2025-04-23,2025-04-23T16:07:00,2025-04-23T16:06:00,54
00113264,Ocean Avenue,2025-04-23,2025-04-23T16:12:00,none,0
00115521,Jump Street,2025-04-23,2025-04-23T16:15:00,2025-04-23T16:23:00,52
00662113,Cloverfield Lane,2025-04-23,2025-04-23T16:41:00,2025-04-23T16:40:00,10
00113147,Bradshaw Street,2025-04-23,2025-04-23T17:03:00,2025-04-23T16:59:00,9
00261521,Elm Street,2025-04-23,2025-04-23T17:07:00,2025-04-23T17:07:00,31
00113264,Ocean Avenue,2025-04-23,2025-04-23T17:12:00,2025-04-23T17:12:00,38
00115521,Jump Street,2025-04-23,2025-04-23T17:15:00,2025-04-23T17:24:00,30
00662113,Cloverfield Lane,2025-04-23,2025-04-23T17:41:00,2025-04-23T17:40:00,11
00113147,Bradshaw Street,2025-04-23,2025-04-23T18:03:00,2025-04-23T18:00:00,16
00261521,Elm Street,2025-04-23,2025-04-23T18:07:00,2025-04-23T18:06:00,32
00113264,Ocean Avenue,2025-04-23,2025-04-23T18:12:00,2025-04-23T18:15:00,34
00115521,Jump Street,2025-04-23,2025-04-23T18:15:00,2025-04-23T18:23:00,33
00662113,Cloverfield Lane,2025-04-23,2025-04-23T18:41:00,2025-04-23T18:41:00,8
00113147,Bradshaw Street,2025-04-23,2025-04-23T19:03:00,2025-04-23T19:01:00,11
00261521,Elm Street,2025-04-23,2025-04-23T19:07:00,2025-04-23T19:06:00,19
00113264,Ocean Avenue,2025-04-23,2025-04-23T19:12:00,2025-04-23T19:14:00,24
00115521,Jump Street,2025-04-23,2025-04-23T19:15:00,2025-04-23T19:26:00,26
00662113,Cloverfield Lane,2025-04-23,2025-04-23T19:41:00,2025-04-23T19:39:00,9
00113147,Bradshaw Street,2025-04-23,2025-04-23T20:03:00,2025-04-23T19:59:00,13
00261521,Elm Street,2025-04-23,2025-04-23T20:07:00,2025-04-23T20:09:00,29
00113264,Ocean Avenue,2025-04-23,2025-04-23T20:12:00,2025-04-23T20:14:00,26
00115521,Jump Street,2025-04-23,2025-04-23T20:15:00,2025-04-23T20:17:00,12
00662113,Cloverfield Lane,2025-04-23,2025-04-23T20:41:00,2025-04-23T20:41:00,10
00113147,Bradshaw Street,2025-04-23,2025-04-23T21:03:00,2025-04-23T21:02:00,14
00261521,Elm Street,2025-04-23,2025-04-23T21:07:00,2025-04-23T21:03:00,4
00113264,Ocean Avenue,2025-04-23,2025-04-23T21:12:00,2025-04-23T21:14:00,26
00115521,Jump Street,2025-04-23,2025-04-23T21:15:00,2025-04-23T21:19:00,9
00662113,Cloverfield Lane,2025-04-23,2025-04-23T21:41:00,2025-04-23T21:40:00,6
00113147,Bradshaw Street,2025-04-24,2025-04-24T06:03:00,2025-04-24T06:00:00,9
00261521,Elm Street,2025-04-24,2025-04-24T06:07:00,2025-04-24T06:09:00,26
00113264,Ocean Avenue,2025-04-24,2025-04-24T06:12:00,2025-04-24T06:13:00,11
00115521,Jump Street,2025-04-24,2025-04-24T06:15:00,2025-04-24T06:20:00,9
00662113,Cloverfield Lane,2025-04-24,2025-04-24T06:41:00,2025-04-24T06:43:00,4
00113147,Bradshaw Street,2025-04-24,2025-04-24T07:03:00,2025-04-24T06:59:00,24
00261521,Elm Street,2025-04-24,2025-04-24T07:07:00,2025-04-24T07:11:00,55
00113264,Ocean Avenue,2025-04-24,2025-04-24T07:12:00,2025-04-24T07:12:00,38
00115521,Jump Street,2025-04-24,2025-04-24T07:15:00,2025-04-24T07:18:00,16
00662113,Cloverfield Lane,2025-04-24,2025-04-24T07:41:00,2025-04-24T07:40:00,4
00113147,Bradshaw Street,2025-04-24,2025-04-24T08:03:00,2025-04-24T08:00:00,16
00261521,Elm Street,2025-04-24,2025-04-24T08:07:00,2025-04-24T08:08:00,58
00113264,Ocean Avenue,2025-04-24,2025-04-24T08:12:00,2025-04-24T08:19:00,38
00115521,Jump Street,2025-04-24,2025-04-24T08:15:00,2025-04-24T08:17:00,20
00662113,Cloverfield Lane,2025-04-24,2025-04-24T08:41:00,2025-04-24T08:41:00,8
00113147,Bradshaw Street,2025-04-24,2025-04-24T09:03:00,2025-04-24T09:03:00,26
00261521,Elm Street,2025-04-24,2025-04-24T09:07:00,2025-04-24T09:08:00,49
00113264,Ocean Avenue,2025-04-24,2025-04-24T09:12:00,2025-04-24T09:14:00,45
00115521,Jump Street,2025-04-24,2025-04-24T09:15:00,2025-04-24T09:22:00,21
00662113,Cloverfield Lane,2025-04-24,2025-04-24T09:41:00,2025-04-24T09:41:00,5
00113147,Bradshaw Street,2025-04-24,2025-04-24T10:03:00,2025-04-24T10:01:00,18
00261521,Elm Street,2025-04-24,2025-04-24T10:07:00,2025-04-24T10:04:00,14
00113264,Ocean Avenue,2025-04-24,2025-04-24T10:12:00,2025-04-24T10:12:00,28
00115521,Jump Street,2025-04-24,2025-04-24T10:15:00,2025-04-24T10:20:00,11
00662113,Cloverfield Lane,2025-04-24,2025-04-24T10:41:00,2025-04-24T10:40:00,7
00113147,Bradshaw Street,2025-04-24,2025-04-24T11:03:00,2025-04-24T11:02:00,8
00261521,Elm Street,2025-04-24,2025-04-24T11:07:00,2025-04-24T11:08:00,16
00113264,Ocean Avenue,2025-04-24,2025-04-24T11:12:00,2025-04-24T11:13:00,38
00115521,Jump Street,2025-04-24,2025-04-24T11:15:00,2025-04-24T11:20:00,15
00662113,Cloverfield Lane,2025-04-24,2025-04-24T11:41:00,2025-04-24T11:37:00,4
00113147,Bradshaw Street,2025-04-24,2025-04-24T12:03:00,2025-04-24T12:01:00,8
00261521,Elm Street,2025-04-24,2025-04-24T12:07:00,2025-04-24T12:06:00,22
00113264,Ocean Avenue,2025-04-24,2025-04-24T12:12:00,2025-04-24T12:17:00,25
00115521,Jump Street,2025-04-24,2025-04-24T12:15:00,2025-04-24T12:19:00,24
00662113,Cloverfield Lane,2025-04-24,2025-04-24T12:41:00,2025-04-24T12:40:00,11
00113147,Bradshaw Street,2025-04-24,2025-04-24T13:03:00,2025-04-24T13:00:00,7
00261521,Elm Street,2025-04-24,2025-04-24T13:07:00,2025-04-24T13:11:00,41
00113264,Ocean Avenue,2025-04-24,2025-04-24T13:12:00,2025-04-24T13:13:00,18
00115521,Jump Street,2025-04-24,2025-04-24T13:15:00,2025-04-24T13:22:00,15
00662113,Cloverfield Lane,2025-04-24,2025-04-24T13:41:00,2025-04-24T13:40:00,6
00113147,Bradshaw Street,2025-04-24,2025-04-24T14:03:00,2025-04-24T13:58:00,12
00261521,Elm Street,2025-04-24,2025-04-24T14:07:00,2025-04-24T14:05:00,35
00113264,Ocean Avenue,2025-04-24,2025-04-24T14:12:00,2025-04-24T14:17:00,24
00115521,Jump Street,2025-04-24,2025-04-24T14:15:00,2025-04-24T14:20:00,22
00662113,Cloverfield Lane,2025-04-24,2025-04-24T14:41:00,2025-04-24T14:38:00,5
00113147,Bradshaw Street,2025-04-24,2025-04-24T15:03:00,2025-04-24T15:00:00,17
00261521,Elm Street,2025-04-24,2025-04-24T15:07:00,2025-04-24T15:11:00,41
00113264,Ocean Avenue,2025-04-24,2025-04-24T15:12:00,2025-04-24T15:14:00,28
00115521,Jump Street,2025-04-24,2025-04-24T15:15:00,2025-04-24T15:20:00,25
00662113,Cloverfield Lane,2025-04-24,2025-04-24T15:41:00,2025-04-24T15:39:00,7
00113147,Bradshaw Street,2025-04-24,2025-04-24T16:03:00,2025-04-24T15:57:00,22
00261521,Elm Street,2025-04-24,2025-04-24T16:07:00,2025-04-24T16:11:00,32
00113264,Ocean Avenue,2025-04-24,2025-04-24T16:12:00,2025-04-24T16:10:00,33
00115521,Jump Street,2025-04-24,2025-04-24T16:15:00,2025-04-24T16:21:00,35
00662113,Cloverfield Lane,2025-04-24,2025-04-24T16:41:00,2025-04-24T16:39:00,5
00113147,Bradshaw Street,2025-04-24,2025-04-24T17:03:00,2025-04-24T16:59:00,10
00261521,Elm Street,2025-04-24,2025-04-24T17:07:00,2025-04-24T17:05:00,35
00113264,Ocean Avenue,2025-04-24,2025-04-24T17:12:00,2025-04-24T17:12:00,48
00115521,Jump Street,2025-04-24,2025-04-24T17:15:00,2025-04-24T17:20:00,48
00662113,Cloverfield Lane,2025-04-24,2025-04-24T17:41:00,2025-04-24T17:39:00,7
00113147,Bradshaw Street,2025-04-24,2025-04-24T18:03:00,2025-04-24T17:59:00,27
00261521,Elm Street,2025-04-24,2025-04-24T18:07:00,none,0
00113264,Ocean Avenue,2025-04-24,2025-04-24T18:12:00,2025-04-24T18:19:00,36
00115521,Jump Street,2025-04-24,2025-04-24T18:15:00,2025-04-24T18:21:00,47
00662113,Cloverfield Lane,2025-04-24,2025-04-24T18:41:00,2025-04-24T18:40:00,8
00113147,Bradshaw Street,2025-04-24,2025-04-24T19:03:00,2025-04-24T19:00:00,4
00261521,Elm Street,2025-04-24,2025-04-24T19:07:00,2025-04-24T19:06:00,26
00113264,Ocean Avenue,2025-04-24,2025-04-24T19:12:00,2025-04-24T19:16:00,26
00115521,Jump Street,2025-04-24,2025-04-24T19:15:00,2025-04-24T19:20:00,14
00662113,Cloverfield Lane,2025-04-24,2025-04-24T19:41:00,2025-04-24T19:41:00,7
00113147,Bradshaw Street,2025-04-24,2025-04-24T20:03:00,2025-04-24T19:57:00,8
00261521,Elm Street,2025-04-24,2025-04-24T20:07:00,2025-04-24T20:08:00,34
00113264,Ocean Avenue,2025-04-24,2025-04-24T20:12:00,2025-04-24T20:16:00,0
00115521,Jump Street,2025-04-24,2025-04-24T20:15:00,2025-04-24T20:15:00,12
00662113,Cloverfield Lane,2025-04-24,2025-04-24T20:41:00,2025-04-24T20:39:00,7
00113147,Bradshaw Street,2025-04-24,2025-04-24T21:03:00,2025-04-24T20:59:00,18
00261521,Elm Street,2025-04-24,2025-04-24T21:07:00,2025-04-24T21:09:00,0
00113264,Ocean Avenue,2025-04-24,2025-04-24T21:12:00,2025-04-24T21:13:00,29
00115521,Jump Street,2025-04-24,2025-04-24T21:15:00,2025-04-24T21:21:00,14
00662113,Cloverfield Lane,2025-04-24,2025-04-24T21:41:00,2025-04-24T21:39:00,4
00113147,Bradshaw Street,2025-04-25,2025-04-25T06:03:00,2025-04-25T06:02:00,8
00261521,Elm Street,2025-04-25,2025-04-25T06:07:00,2025-04-25T06:07:00,35
00113264,Ocean Avenue,2025-04-25,2025-04-25T06:12:00,2025-04-25T06:13:00,15
00115521,Jump Street,2025-04-25,2025-04-25T06:15:00,2025-04-25T06:21:00,0
00662113,Cloverfield Lane,2025-04-25,2025-04-25T06:41:00,2025-04-25T06:38:00,0
00113147,Bradshaw Street,2025-04-25,2025-04-25T07:03:00,2025-04-25T07:01:00,21
00261521,Elm Street,2025-04-25,2025-04-25T07:07:00,2025-04-25T07:10:00,60
00113264,Ocean Avenue,2025-04-25,2025-04-25T07:12:00,2025-04-25T07:11:00,42
00115521,Jump Street,2025-04-25,2025-04-25T07:15:00,2025-04-25T07:18:00,17
00662113,Cloverfield Lane,2025-04-25,2025-04-25T07:41:00,2025-04-25T07:38:00,10
00113147,Bradshaw Street,2025-04-25,2025-04-25T08:03:00,2025-04-25T08:01:00,24
00261521,Elm Street,2025-04-25,2025-04-25T08:07:00,2025-04-25T08:09:00,43
00113264,Ocean Avenue,2025-04-25,2025-04-25T08:12:00,2025-04-25T08:15:00,37
00115521,Jump Street,2025-04-25,2025-04-25T08:15:00,2025-04-25T08:21:00,23
00662113,Cloverfield Lane,2025-04-25,2025-04-25T08:41:00,2025-04-25T08:39:00,0
00113147,Bradshaw Street,2025-04-25,2025-04-25T09:03:00,2025-04-25T09:01:00,20
00261521,Elm Street,2025-04-25,2025-04-25T09:07:00,2025-04-25T09:10:00,50
00113264,Ocean Avenue,2025-04-25,2025-04-25T09:12:00,2025-04-25T09:16:00,46
00115521,Jump Street,2025-04-25,2025-04-25T09:15:00,2025-04-25T09:21:00,35
00662113,Cloverfield Lane,2025-04-25,2025-04-25T09:41:00,2025-04-25T09:42:00,6
00113147,Bradshaw Street,2025-04-25,2025-04-25T10:03:00,2025-04-25T10:03:00,15
00261521,Elm Street,2025-04-25,2025-04-25T10:07:00,2025-04-25T10:09:00,37
00113264,Ocean Avenue,2025-04-25,2025-04-25T10:12:00,2025-04-25T10:13:00,25
00115521,Jump Street,2025-04-25,2025-04-25T10:15:00,2025-04-25T10:22:00,20
00662113,Cloverfield Lane,2025-04-25,2025-04-25T10:41:00,2025-04-25T10:41:00,7
00113147,Bradshaw Street,2025-04-25,2025-04-25T11:03:00,2025-04-25T10:58:00,6
00261521,Elm Street,2025-04-25,2025-04-25T11:07:00,2025-04-25T11:06:00,25
00113264,Ocean Avenue,2025-04-25,2025-04-25T11:12:00,2025-04-25T11:15:00,21
00115521,Jump Street,2025-04-25,2025-04-25T11:15:00,2025-04-25T11:22:00,23
00662113,Cloverfield Lane,2025-04-25,2025-04-25T11:41:00,2025-04-25T11:41:00,16
00113147,Bradshaw Street,2025-04-25,2025-04-25T12:03:00,2025-04-25T12:01:00,22
00261521,Elm Street,2025-04-25,2025-04-25T12:07:00,2025-04-25T12:09:00,36
00113264,Ocean Avenue,2025-04-25,2025-04-25T12:12:00,2025-04-25T12:16:00,17
00115521,Jump Street,2025-04-25,2025-04-25T12:15:00,2025-04-25T12:23:00,6
00662113,Cloverfield Lane,2025-04-25,2025-04-25T12:41:00,2025-04-25T12:40:00,7
00113147,Bradshaw Street,2025-04-25,2025-04-25T13:03:00,2025-04-25T13:01:00,15
00261521,Elm Street,2025-04-25,2025-04-25T13:07:00,2025-04-25T13:10:00,27
00113264,Ocean Avenue,2025-04-25,2025-04-25T13:12:00,2025-04-25T13:09:00,20
00115521,Jump Street,2025-04-25,2025-04-25T13:15:00,2025-04-25T13:20:00,15
00662113,Cloverfield Lane,2025-04-25,2025-04-25T13:41:00,2025-04-25T13:39:00,8
00113147,Bradshaw Street,2025-04-25,2025-04-25T14:03:00,2025-04-25T14:00:00,18
00261521,Elm Street,2025-04-25,2025-04-25T14:07:00,2025-04-25T14:12:00,40
00113264,Ocean Avenue,2025-04-25,2025-04-25T14:12:00,2025-04-25T14:16:00,19
00115521,Jump Street,2025-04-25,2025-04-25T14:15:00,2025-04-25T14:19:00,18
00662113,Cloverfield Lane,2025-04-25,2025-04-25T14:41:00,2025-04-25T14:42:00,7
00113147,Bradshaw Street,2025-04-25,2025-04-25T15:03:00,2025-04-25T15:00:00,16
00261521,Elm Street,2025-04-25,2025-04-25T15:07:00,none,0
00113264,Ocean Avenue,2025-04-25,2025-04-25T15:12:00,2025-04-25T15:12:00,24
00115521,Jump Street,2025-04-25,2025-04-25T15:15:00,2025-04-25T15:20:00,17
00662113,Cloverfield Lane,2025-04-25,2025-04-25T15:41:00,2025-04-25T15:42:00,8
00113147,Bradshaw Street,2025-04-25,2025-04-25T16:03:00,2025-04-25T15:59:00,19
00261521,Elm Street,2025-04-25,2025-04-25T16:07:00,2025-04-25T16:05:00,39
00113264,Ocean Avenue,2025-04-25,2025-04-25T16:12:00,2025-04-25T16:17:00,19
00115521,Jump Street,2025-04-25,2025-04-25T16:15:00,2025-04-25T16:23:00,38
00662113,Cloverfield Lane,2025-04-25,2025-04-25T16:41:00,2025-04-25T16:42:00,7
00113147,Bradshaw Street,2025-04-25,2025-04-25T17:03:00,2025-04-25T17:00:00,22
00261521,Elm Street,2025-04-25,2025-04-25T17:07:00,2025-04-25T17:07:00,32
00113264,Ocean Avenue,2025-04-25,2025-04-25T17:12:00,2025-04-25T17:12:00,27
00115521,Jump Street,2025-04-25,2025-04-25T17:15:00,2025-04-25T17:22:00,30
00662113,Cloverfield Lane,2025-04-25,2025-04-25T17:41:00,2025-04-25T17:39:00,8
00113147,Bradshaw Street,2025-04-25,2025-04-25T18:03:00,2025-04-25T17:59:00,23
00261521,Elm Street,2025-04-25,2025-04-25T18:07:00,2025-04-25T18:04:00,44
00113264,Ocean Avenue,2025-04-25,2025-04-25T18:12:00,2025-04-25T18:13:00,38
00115521,Jump Street,2025-04-25,2025-04-25T18:15:00,2025-04-25T18:21:00,34
00662113,Cloverfield Lane,2025-04-25,2025-04-25T18:41:00,2025-04-25T18:38:00,9
00113147,Bradshaw Street,2025-04-25,2025-04-25T19:03:00,2025-04-25T19:01:00,1
00261521,Elm Street,2025-04-25,2025-04-25T19:07:00,2025-04-25T19:05:00,42
00113264,Ocean Avenue,2025-04-25,2025-04-25T19:12:00,2025-04-25T19:12:00,15
00115521,Jump Street,2025-04-25,2025-04-25T19:15:00,2025-04-25T19:18:00,22
00662113,Cloverfield Lane,2025-04-25,2025-04-25T19:41:00,2025-04-25T19:38:00,8
00113147,Bradshaw Street,2025-04-25,2025-04-25T20:03:00,2025-04-25T20:00:00,14
00261521,Elm Street,2025-04-25,2025-04-25T20:07:00,2025-04-25T20:08:00,36
00113264,Ocean Avenue,2025-04-25,2025-04-25T20:12:00,2025-04-25T20:13:00,9
00115521,Jump Street,2025-04-25,2025-04-25T20:15:00,2025-04-25T20:23:00,0
00662113,Cloverfield Lane,2025-04-25,2025-04-25T20:41:00,2025-04-25T20:39:00,0
00113147,Bradshaw Street,2025-04-25,2025-04-25T21:03:00,2025-04-25T21:02:00,7
00261521,Elm Street,2025-04-25,2025-04-25T21:07:00,2025-04-25T21:07:00,52
00113264,Ocean Avenue,2025-04-25,2025-04-25T21:12:00,2025-04-25T21:12:00,20
00115521,Jump Street,2025-04-25,2025-04-25T21:15:00,2025-04-25T21:22:00,26
00662113,Cloverfield Lane,2025-04-25,2025-04-25T21:41:00,2025-04-25T21:41:00,9
00113147,Bradshaw Street,2025-04-26,2025-04-26T06:03:00,2025-04-26T06:03:00,0
00261521,Elm Street,2025-04-26,2025-04-26T06:07:00,2025-04-26T06:08:00,0
00113264,Ocean Avenue,2025-04-26,2025-04-26T06:12:00,2025-04-26T06:13:00,13
00115521,Jump Street,2025-04-26,2025-04-26T06:15:00,2025-04-26T06:23:00,0
00662113,Cloverfield Lane,2025-04-26,2025-04-26T06:41:00,2025-04-26T06:40:00,3
00113147,Bradshaw Street,2025-04-26,2025-04-26T07:03:00,2025-04-26T07:00:00,13
00261521,Elm Street,2025-04-26,2025-04-26T07:07:00,2025-04-26T07:08:00,20
00113264,Ocean Avenue,2025-04-26,2025-04-26T07:12:00,2025-04-26T07:13:00,23
00115521,Jump Street,2025-04-26,2025-04-26T07:15:00,2025-04-26T07:17:00,15
00662113,Cloverfield Lane,2025-04-26,2025-04-26T07:41:00,2025-04-26T07:38:00,8
00113147,Bradshaw Street,2025-04-26,2025-04-26T08:03:00,2025-04-26T08:00:00,17
00261521,Elm Street,2025-04-26,2025-04-26T08:07:00,2025-04-26T08:08:00,35
00113264,Ocean Avenue,2025-04-26,2025-04-26T08:12:00,2025-04-26T08:12:00,35
00115521,Jump Street,2025-04-26,2025-04-26T08:15:00,2025-04-26T08:24:00,13
00662113,Cloverfield Lane,2025-04-26,2025-04-26T08:41:00,2025-04-26T08:39:00,0
00113147,Bradshaw Street,2025-04-26,2025-04-26T09:03:00,2025-04-26T08:59:00,12
00261521,Elm Street,2025-04-26,2025-04-26T09:07:00,2025-04-26T09:12:00,22
00113264,Ocean Avenue,2025-04-26,2025-04-26T09:12:00,2025-04-26T09:08:00,23
00115521,Jump Street,2025-04-26,2025-04-26T09:15:00,2025-04-26T09:24:00,14
00662113,Cloverfield Lane,2025-04-26,2025-04-26T09:41:00,2025-04-26T09:43:00,6
00113147,Bradshaw Street,2025-04-26,2025-04-26T10:03:00,2025-04-26T10:01:00,11
00261521,Elm Street,2025-04-26,2025-04-26T10:07:00,2025-04-26T10:10:00,0
00113264,Ocean Avenue,2025-04-26,2025-04-26T10:12:00,2025-04-26T10:13:00,33
00115521,Jump Street,2025-04-26,2025-04-26T10:15:00,2025-04-26T10:21:00,6
00662113,Cloverfield Lane,2025-04-26,2025-04-26T10:41:00,2025-04-26T10:39:00,3
00113147,Bradshaw Street,2025-04-26,2025-04-26T11:03:00,2025-04-26T11:02:00,11
00261521,Elm Street,2025-04-26,2025-04-26T11:07:00,2025-04-26T11:08:00,19
00113264,Ocean Avenue,2025-04-26,2025-04-26T11:12:00,2025-04-26T11:15:00,15
00115521,Jump Street,2025-04-26,2025-04-26T11:15:00,2025-04-26T11:20:00,6
00662113,Cloverfield Lane,2025-04-26,2025-04-26T11:41:00,2025-04-26T11:40:00,1
00113147,Bradshaw Street,2025-04-26,2025-04-26T12:03:00,2025-04-26T12:00:00,11
00261521,Elm Street,2025-04-26,2025-04-26T12:07:00,2025-04-26T12:05:00,17
00113264,Ocean Avenue,2025-04-26,2025-04-26T12:12:00,2025-04-26T12:12:00,6
00115521,Jump Street,2025-04-26,2025-04-26T12:15:00,2025-04-26T12:23:00,6
00662113,Cloverfield Lane,2025-04-26,2025-04-26T12:41:00,2025-04-26T12:40:00,4
00113147,Bradshaw Street,2025-04-26,2025-04-26T13:03:00,2025-04-26T12:59:00,0
00261521,Elm Street,2025-04-26,2025-04-26T13:07:00,2025-04-26T13:09:00,20
00113264,Ocean Avenue,2025-04-26,2025-04-26T13:12:00,2025-04-26T13:17:00,10
00115521,Jump Street,2025-04-26,2025-04-26T13:15:00,2025-04-26T13:21:00,14
00662113,Cloverfield Lane,2025-04-26,2025-04-26T13:41:00,2025-04-26T13:37:00,1
00113147,Bradshaw Street,2025-04-26,2025-04-26T14:03:00,2025-04-26T13:58:00,8
00261521,Elm Street,2025-04-26,2025-04-26T14:07:00,2025-04-26T14:09:00,28
00113264,Ocean Avenue,2025-04-26,2025-04-26T14:12:00,2025-04-26T14:11:00,12
00115521,Jump Street,2025-04-26,2025-04-26T14:15:00,2025-04-26T14:23:00,3
00662113,Cloverfield Lane,2025-04-26,2025-04-26T14:41:00,2025-04-26T14:41:00,0
00113147,Bradshaw Street,2025-04-26,2025-04-26T15:03:00,2025-04-26T14:58:00,0
00261521,Elm Street,2025-04-26,2025-04-26T15:07:00,2025-04-26T15:06:00,12
00113264,Ocean Avenue,2025-04-26,2025-04-26T15:12:00,2025-04-26T15:15:00,17
00115521,Jump Street,2025-04-26,2025-04-26T15:15:00,2025-04-26T15:19:00,20
00662113,Cloverfield Lane,2025-04-26,2025-04-26T15:41:00,2025-04-26T15:38:00,7
00113147,Bradshaw Street,2025-04-26,2025-04-26T16:03:00,2025-04-26T16:00:00,15
00261521,Elm Street,2025-04-26,2025-04-26T16:07:00,2025-04-26T16:09:00,30
00113264,Ocean Avenue,2025-04-26,2025-04-26T16:12:00,2025-04-26T16:13:00,13
00115521,Jump Street,2025-04-26,2025-04-26T16:15:00,2025-04-26T16:23:00,22
00662113,Cloverfield Lane,2025-04-26,2025-04-26T16:41:00,2025-04-26T16:41:00,10
00113147,Bradshaw Street,2025-04-26,2025-04-26T17:03:00,2025-04-26T16:59:00,15
00261521,Elm Street,2025-04-26,2025-04-26T17:07:00,2025-04-26T17:11:00,32
00113264,Ocean Avenue,2025-04-26,2025-04-26T17:12:00,2025-04-26T17:12:00,13
00115521,Jump Street,2025-04-26,2025-04-26T17:15:00,2025-04-26T17:21:00,38
00662113,Cloverfield Lane,2025-04-26,2025-04-26T17:41:00,2025-04-26T17:39:00,4
00113147,Bradshaw Street,2025-04-26,2025-04-26T18:03:00,2025-04-26T18:00:00,2
00261521,Elm Street,2025-04-26,2025-04-26T18:07:00,2025-04-26T18:08:00,26
00113264,Ocean Avenue,2025-04-26,2025-04-26T18:12:00,2025-04-26T18:16:00,17
00115521,Jump Street,2025-04-26,2025-04-26T18:15:00,2025-04-26T18:24:00,26
00662113,Cloverfield Lane,2025-04-26,2025-04-26T18:41:00,2025-04-26T18:40:00,3
00113147,Bradshaw Street,2025-04-26,2025-04-26T19:03:00,2025-04-26T18:59:00,1
00261521,Elm Street,2025-04-26,2025-04-26T19:07:00,2025-04-26T19:07:00,4
00113264,Ocean Avenue,2025-04-26,2025-04-26T19:12:00,2025-04-26T19:12:00,5
00115521,Jump Street,2025-04-26,2025-04-26T19:15:00,2025-04-26T19:20:00,4
00662113,Cloverfield Lane,2025-04-26,2025-04-26T19:41:00,2025-04-26T19:41:00,4
00113147,Bradshaw Street,2025-04-26,2025-04-26T20:03:00,2025-04-26T19:59:00,0
00261521,Elm Street,2025-04-26,2025-04-26T20:07:00,2025-04-26T20:10:00,2
00113264,Ocean Avenue,2025-04-26,2025-04-26T20:12:00,2025-04-26T20:14:00,5
00115521,Jump Street,2025-04-26,2025-04-26T20:15:00,2025-04-26T20:22:00,7
00662113,Cloverfield Lane,2025-04-26,2025-04-26T20:41:00,2025-04-26T20:37:00,0
00113147,Bradshaw Street,2025-04-26,2025-04-26T21:03:00,2025-04-26T20:59:00,5
00261521,Elm Street,2025-04-26,2025-04-26T21:07:00,2025-04-26T21:07:00,11
00113264,Ocean Avenue,2025-04-26,2025-04-26T21:12:00,2025-04-26T21:12:00,0
00115521,Jump Street,2025-04-26,2025-04-26T21:15:00,2025-04-26T21:19:00,14
00662113,Cloverfield Lane,2025-04-26,2025-04-26T21:41:00,2025-04-26T21:37:00,2
00113147,Bradshaw Street,2025-04-27,2025-04-27T06:03:00,2025-04-27T06:00:00,0
00261521,Elm Street,2025-04-27,2025-04-27T06:07:00,2025-04-27T06:06:00,15
00113264,Ocean Avenue,2025-04-27,2025-04-27T06:12:00,2025-04-27T06:14:00,6
00115521,Jump Street,2025-04-27,2025-04-27T06:15:00,2025-04-27T06:26:00,0
00662113,Cloverfield Lane,2025-04-27,2025-04-27T06:41:00,2025-04-27T06:40:00,3
00113147,Bradshaw Street,2025-04-27,2025-04-27T07:03:00,2025-04-27T06:59:00,14
00261521,Elm Street,2025-04-27,2025-04-27T07:07:00,2025-04-27T07:07:00,36
00113264,Ocean Avenue,2025-04-27,2025-04-27T07:12:00,2025-04-27T07:19:00,35
00115521,Jump Street,2025-04-27,2025-04-27T07:15:00,2025-04-27T07:17:00,15
00662113,Cloverfield Lane,2025-04-27,2025-04-27T07:41:00,2025-04-27T07:40:00,3
00113147,Bradshaw Street,2025-04-27,2025-04-27T08:03:00,2025-04-27T08:00:00,15
00261521,Elm Street,2025-04-27,2025-04-27T08:07:00,2025-04-27T08:09:00,29
00113264,Ocean Avenue,2025-04-27,2025-04-27T08:12:00,2025-04-27T08:16:00,28
00115521,Jump Street,2025-04-27,2025-04-27T08:15:00,2025-04-27T08:22:00,19
00662113,Cloverfield Lane,2025-04-27,2025-04-27T08:41:00,2025-04-27T08:40:00,3
00113147,Bradshaw Street,2025-04-27,2025-04-27T09:03:00,2025-04-27T09:00:00,17
00261521,Elm Street,2025-04-27,2025-04-27T09:07:00,2025-04-27T09:07:00,37
00113264,Ocean Avenue,2025-04-27,2025-04-27T09:12:00,2025-04-27T09:17:00,21
00115521,Jump Street,2025-04-27,2025-04-27T09:15:00,2025-04-27T09:24:00,18
00662113,Cloverfield Lane,2025-04-27,2025-04-27T09:41:00,2025-04-27T09:40:00,6
00113147,Bradshaw Street,2025-04-27,2025-04-27T10:03:00,2025-04-27T09:59:00,6
00261521,Elm Street,2025-04-27,2025-04-27T10:07:00,2025-04-27T10:07:00,13
00113264,Ocean Avenue,2025-04-27,2025-04-27T10:12:00,2025-04-27T10:14:00,21
00115521,Jump Street,2025-04-27,2025-04-27T10:15:00,2025-04-27T10:19:00,26
00662113,Cloverfield Lane,2025-04-27,2025-04-27T10:41:00,2025-04-27T10:41:00,1
00113147,Bradshaw Street,2025-04-27,2025-04-27T11:03:00,2025-04-27T10:59:00,0
00261521,Elm Street,2025-04-27,2025-04-27T11:07:00,2025-04-27T11:10:00,20
00113264,Ocean Avenue,2025-04-27,2025-04-27T11:12:00,2025-04-27T11:13:00,15
00115521,Jump Street,2025-04-27,2025-04-27T11:15:00,2025-04-27T11:22:00,14
00662113,Cloverfield Lane,2025-04-27,2025-04-27T11:41:00,2025-04-27T11:39:00,1
00113147,Bradshaw Street,2025-04-27,2025-04-27T12:03:00,2025-04-27T12:00:00,0
00261521,Elm Street,2025-04-27,2025-04-27T12:07:00,2025-04-27T12:08:00,16
00113264,Ocean Avenue,2025-04-27,2025-04-27T12:12:00,2025-04-27T12:13:00,8
00115521,Jump Street,2025-04-27,2025-04-27T12:15:00,2025-04-27T12:23:00,18
00662113,Cloverfield Lane,2025-04-27,2025-04-27T12:41:00,2025-04-27T12:42:00,6
00113147,Bradshaw Street,2025-04-27,2025-04-27T13:03:00,2025-04-27T12:59:00,6
00261521,Elm Street,2025-04-27,2025-04-27T13:07:00,2025-04-27T13:10:00,29
00113264,Ocean Avenue,2025-04-27,2025-04-27T13:12:00,2025-04-27T13:17:00,10
00115521,Jump Street,2025-04-27,2025-04-27T13:15:00,2025-04-27T13:20:00,0
00662113,Cloverfield Lane,2025-04-27,2025-04-27T13:41:00,2025-04-27T13:40:00,8
00113147,Bradshaw Street,2025-04-27,2025-04-27T14:03:00,2025-04-27T13:59:00,7
00261521,Elm Street,2025-04-27,2025-04-27T14:07:00,none,0
00113264,Ocean Avenue,2025-04-27,2025-04-27T14:12:00,2025-04-27T14:12:00,10
00115521,Jump Street,2025-04-27,2025-04-27T14:15:00,2025-04-27T14:21:00,13
00662113,Cloverfield Lane,2025-04-27,2025-04-27T14:41:00,2025-04-27T14:41:00,6
00113147,Bradshaw Street,2025-04-27,2025-04-27T15:03:00,2025-04-27T14:58:00,0
00261521,Elm Street,2025-04-27,2025-04-27T15:07:00,2025-04-27T15:03:00,21
00113264,Ocean Avenue,2025-04-27,2025-04-27T15:12:00,2025-04-27T15:11:00,13
00115521,Jump Street,2025-04-27,2025-04-27T15:15:00,2025-04-27T15:23:00,4
00662113,Cloverfield Lane,2025-04-27,2025-04-27T15:41:00,2025-04-27T15:39:00,0
00113147,Bradshaw Street,2025-04-27,2025-04-27T16:03:00,2025-04-27T16:01:00,0
00261521,Elm Street,2025-04-27,2025-04-27T16:07:00,2025-04-27T16:10:00,30
00113264,Ocean Avenue,2025-04-27,2025-04-27T16:12:00,2025-04-27T16:13:00,8
00115521,Jump Street,2025-04-27,2025-04-27T16:15:00,2025-04-27T16:21:00,14
00662113,Cloverfield Lane,2025-04-27,2025-04-27T16:41:00,2025-04-27T16:42:00,4
00113147,Bradshaw Street,2025-04-27,2025-04-27T17:03:00,2025-04-27T16:58:00,7
00261521,Elm Street,2025-04-27,2025-04-27T17:07:00,2025-04-27T17:08:00,13
00113264,Ocean Avenue,2025-04-27,2025-04-27T17:12:00,2025-04-27T17:14:00,33
00115521,Jump Street,2025-04-27,2025-04-27T17:15:00,2025-04-27T17:21:00,18
00662113,Cloverfield Lane,2025-04-27,2025-04-27T17:41:00,2025-04-27T17:38:00,2
00113147,Bradshaw Street,2025-04-27,2025-04-27T18:03:00,2025-04-27T17:59:00,8
00261521,Elm Street,2025-04-27,2025-04-27T18:07:00,2025-04-27T18:10:00,16
00113264,Ocean Avenue,2025-04-27,2025-04-27T18:12:00,2025-04-27T18:14:00,12
00115521,Jump Street,2025-04-27,2025-04-27T18:15:00,2025-04-27T18:17:00,26
00662113,Cloverfield Lane,2025-04-27,2025-04-27T18:41:00,2025-04-27T18:42:00,4
00113147,Bradshaw Street,2025-04-27,2025-04-27T19:03:00,2025-04-27T19:00:00,0
00261521,Elm Street,2025-04-27,2025-04-27T19:07:00,2025-04-27T19:05:00,9
00113264,Ocean Avenue,2025-04-27,2025-04-27T19:12:00,2025-04-27T19:18:00,20
00115521,Jump Street,2025-04-27,2025-04-27T19:15:00,2025-04-27T19:21:00,8
00662113,Cloverfield Lane,2025-04-27,2025-04-27T19:41:00,2025-04-27T19:39:00,2
00113147,Bradshaw Street,2025-04-27,2025-04-27T20:03:00,2025-04-27T19:59:00,4
00261521,Elm Street,2025-04-27,2025-04-27T20:07:00,2025-04-27T20:08:00,0
00113264,Ocean Avenue,2025-04-27,2025-04-27T20:12:00,2025-04-27T20:11:00,16
00115521,Jump Street,2025-04-27,2025-04-27T20:15:00,2025-04-27T20:20:00,11
00662113,Cloverfield Lane,2025-04-27,2025-04-27T20:41:00,2025-04-27T20:41:00,0
00113147,Bradshaw Street,2025-04-27,2025-04-27T21:03:00,2025-04-27T21:00:00,3
00261521,Elm Street,2025-04-27,2025-04-27T21:07:00,2025-04-27T21:11:00,0
00113264,Ocean Avenue,2025-04-27,2025-04-27T21:12:00,2025-04-27T21:12:00,20
00115521,Jump Street,2025-04-27,2025-04-27T21:15:00,2025-04-27T21:21:00,0
00662113,Cloverfield Lane,2025-04-27,2025-04-27T21:41:00,2025-04-27T21:41:00,2
00113147,Bradshaw Street,2025-04-28,2025-04-28T06:03:00,2025-04-28T06:00:00,10
00261521,Elm Street,2025-04-28,2025-04-28T06:07:00,2025-04-28T06:08:00,4
00113264,Ocean Avenue,2025-04-28,2025-04-28T06:12:00,2025-04-28T06:12:00,21
00115521,Jump Street,2025-04-28,2025-04-28T06:15:00,2025-04-28T06:20:00,8
00662113,Cloverfield Lane,2025-04-28,2025-04-28T06:41:00,2025-04-28T06:39:00,0
00113147,Bradshaw Street,2025-04-28,2025-04-28T07:03:00,2025-04-28T06:59:00,13
00261521,Elm Street,2025-04-28,2025-04-28T07:07:00,2025-04-28T07:08:00,50
00113264,Ocean Avenue,2025-04-28,2025-04-28T07:12:00,2025-04-28T07:12:00,38
00115521,Jump Street,2025-04-28,2025-04-28T07:15:00,2025-04-28T07:19:00,19
00662113,Cloverfield Lane,2025-04-28,2025-04-28T07:41:00,2025-04-28T07:42:00,7
00113147,Bradshaw Street,2025-04-28,2025-04-28T08:03:00,2025-04-28T08:00:00,11
00261521,Elm Street,2025-04-28,2025-04-28T08:07:00,2025-04-28T08:08:00,55
00113264,Ocean Avenue,2025-04-28,2025-04-28T08:12:00,2025-04-28T08:16:00,47
00115521,Jump Street,2025-04-28,2025-04-28T08:15:00,2025-04-28T08:24:00,18
00662113,Cloverfield Lane,2025-04-28,2025-04-28T08:41:00,2025-04-28T08:38:00,7
00113147,Bradshaw Street,2025-04-28,2025-04-28T09:03:00,2025-04-28T08:59:00,22
00261521,Elm Street,2025-04-28,2025-04-28T09:07:00,2025-04-28T09:07:00,53
00113264,Ocean Avenue,2025-04-28,2025-04-28T09:12:00,2025-04-28T09:13:00,36
00115521,Jump Street,2025-04-28,2025-04-28T09:15:00,2025-04-28T09:23:00,14
00662113,Cloverfield Lane,2025-04-28,2025-04-28T09:41:00,2025-04-28T09:37:00,6
00113147,Bradshaw Street,2025-04-28,2025-04-28T10:03:00,2025-04-28T09:59:00,25
00261521,Elm Street,2025-04-28,2025-04-28T10:07:00,2025-04-28T10:10:00,41
00113264,Ocean Avenue,2025-04-28,2025-04-28T10:12:00,2025-04-28T10:14:00,18
00115521,Jump Street,2025-04-28,2025-04-28T10:15:00,2025-04-28T10:22:00,25
00662113,Cloverfield Lane,2025-04-28,2025-04-28T10:41:00,2025-04-28T10:40:00,10
00113147,Bradshaw Street,2025-04-28,2025-04-28T11:03:00,2025-04-28T11:01:00,13
00261521,Elm Street,2025-04-28,2025-04-28T11:07:00,2025-04-28T11:09:00,49
00113264,Ocean Avenue,2025-04-28,2025-04-28T11:12:00,2025-04-28T11:14:00,27
00115521,Jump Street,2025-04-28,2025-04-28T11:15:00,2025-04-28T11:23:00,16
00662113,Cloverfield Lane,2025-04-28,2025-04-28T11:41:00,2025-04-28T11:40:00,5
00113147,Bradshaw Street,2025-04-28,2025-04-28T12:03:00,2025-04-28T11:57:00,17
00261521,Elm Street,2025-04-28,2025-04-28T12:07:00,2025-04-28T12:06:00,19
00113264,Ocean Avenue,2025-04-28,2025-04-28T12:12:00,2025-04-28T12:16:00,26
00115521,Jump Street,2025-04-28,2025-04-28T12:15:00,2025-04-28T12:21:00,21
00662113,Cloverfield Lane,2025-04-28,2025-04-28T12:41:00,2025-04-28T12:42:00,5
00113147,Bradshaw Street,2025-04-28,2025-04-28T13:03:00,2025-04-28T13:01:00,5
00261521,Elm Street,2025-04-28,2025-04-28T13:07:00,2025-04-28T13:09:00,36
00113264,Ocean Avenue,2025-04-28,2025-04-28T13:12:00,2025-04-28T13:12:00,23
00115521,Jump Street,2025-04-28,2025-04-28T13:15:00,2025-04-28T13:22:00,22
00662113,Cloverfield Lane,2025-04-28,2025-04-28T13:41:00,2025-04-28T13:42:00,5
00113147,Bradshaw Street,2025-04-28,2025-04-28T14:03:00,2025-04-28T13:59:00,8
00261521,Elm Street,2025-04-28,2025-04-28T14:07:00,2025-04-28T14:08:00,42
00113264,Ocean Avenue,2025-04-28,2025-04-28T14:12:00,2025-04-28T14:10:00,10
00115521,Jump Street,2025-04-28,2025-04-28T14:15:00,2025-04-28T14:21:00,11
00662113,Cloverfield Lane,2025-04-28,2025-04-28T14:41:00,2025-04-28T14:42:00,12
00113147,Bradshaw Street,2025-04-28,2025-04-28T15:03:00,2025-04-28T14:59:00,17
00261521,Elm Street,2025-04-28,2025-04-28T15:07:00,2025-04-28T15:08:00,21
00113264,Ocean Avenue,2025-04-28,2025-04-28T15:12:00,2025-04-28T15:15:00,30
00115521,Jump Street,2025-04-28,2025-04-28T15:15:00,2025-04-28T15:23:00,21
00662113,Cloverfield Lane,2025-04-28,2025-04-28T15:41:00,2025-04-28T15:40:00,5
00113147,Bradshaw Street,2025-04-28,2025-04-28T16:03:00,2025-04-28T16:01:00,17
00261521,Elm Street,2025-04-28,2025-04-28T16:07:00,2025-04-28T16:08:00,29
00113264,Ocean Avenue,2025-04-28,2025-04-28T16:12:00,2025-04-28T16:12:00,14
00115521,Jump Street,2025-04-28,2025-04-28T16:15:00,2025-04-28T16:23:00,36
00662113,Cloverfield Lane,2025-04-28,2025-04-28T16:41:00,2025-04-28T16:37:00,3
00113147,Bradshaw Street,2025-04-28,2025-04-28T17:03:00,2025-04-28T17:00:00,29
00261521,Elm Street,2025-04-28,2025-04-28T17:07:00,2025-04-28T17:05:00,31
00113264,Ocean Avenue,2025-04-28,2025-04-28T17:12:00,2025-04-28T17:15:00,22
00115521,Jump Street,2025-04-28,2025-04-28T17:15:00,2025-04-28T17:20:00,27
00662113,Cloverfield Lane,2025-04-28,2025-04-28T17:41:00,2025-04-28T17:41:00,7
00113147,Bradshaw Street,2025-04-28,2025-04-28T18:03:00,2025-04-28T18:02:00,8
00261521,Elm Street,2025-04-28,2025-04-28T18:07:00,2025-04-28T18:07:00,58
00113264,Ocean Avenue,2025-04-28,2025-04-28T18:12:00,2025-04-28T18:16:00,26
00115521,Jump Street,2025-04-28,2025-04-28T18:15:00,2025-04-28T18:22:00,43
00662113,Cloverfield Lane,2025-04-28,2025-04-28T18:41:00,2025-04-28T18:38:00,8
00113147,Bradshaw Street,2025-04-28,2025-04-28T19:03:00,2025-04-28T19:01:00,7
00261521,Elm Street,2025-04-28,2025-04-28T19:07:00,2025-04-28T19:09:00,23
00113264,Ocean Avenue,2025-04-28,2025-04-28T19:12:00,2025-04-28T19:13:00,0
00115521,Jump Street,2025-04-28,2025-04-28T19:15:00,2025-04-28T19:26:00,18
00662113,Cloverfield Lane,2025-04-28,2025-04-28T19:41:00,2025-04-28T19:41:00,4
00113147,Bradshaw Street,2025-04-28,2025-04-28T20:03:00,2025-04-28T20:00:00,16
00261521,Elm Street,2025-04-28,2025-04-28T20:07:00,2025-04-28T20:09:00,18
00113264,Ocean Avenue,2025-04-28,2025-04-28T20:12:00,2025-04-28T20:15:00,27
00115521,Jump Street,2025-04-28,2025-04-28T20:15:00,2025-04-28T20:22:00,12
00662113,Cloverfield Lane,2025-04-28,2025-04-28T20:41:00,2025-04-28T20:39:00,4
00113147,Bradshaw Street,2025-04-28,2025-04-28T21:03:00,2025-04-28T21:01:00,17
00261521,Elm Street,2025-04-28,2025-04-28T21:07:00,2025-04-28T21:07:00,10
00113264,Ocean Avenue,2025-04-28,2025-04-28T21:12:00,2025-04-28T21:13:00,20
00115521,Jump Street,2025-04-28,2025-04-28T21:15:00,2025-04-28T21:19:00,17
00662113,Cloverfield Lane,2025-04-28,2025-04-28T21:41:00,2025-04-28T21:38:00,3
00113147,Bradshaw Street,2025-04-29,2025-04-29T06:03:00,2025-04-29T05:58:00,18
00261521,Elm Street,2025-04-29,2025-04-29T06:07:00,2025-04-29T06:10:00,7
00113264,Ocean Avenue,2025-04-29,2025-04-29T06:12:00,2025-04-29T06:16:00,4
00115521,Jump Street,2025-04-29,2025-04-29T06:15:00,2025-04-29T06:26:00,0
00662113,Cloverfield Lane,2025-04-29,2025-04-29T06:41:00,2025-04-29T06:41:00,6
00113147,Bradshaw Street,2025-04-29,2025-04-29T07:03:00,2025-04-29T07:02:00,31
00261521,Elm Street,2025-04-29,2025-04-29T07:07:00,2025-04-29T07:06:00,60
00113264,Ocean Avenue,2025-04-29,2025-04-29T07:12:00,2025-04-29T07:10:00,33
00115521,Jump Street,2025-04-29,2025-04-29T07:15:00,2025-04-29T07:19:00,21
00662113,Cloverfield Lane,2025-04-29,2025-04-29T07:41:00,2025-04-29T07:41:00,8
00113147,Bradshaw Street,2025-04-29,2025-04-29T08:03:00,2025-04-29T08:01:00,21
00261521,Elm Street,2025-04-29,2025-04-29T08:07:00,2025-04-29T08:04:00,60
00113264,Ocean Avenue,2025-04-29,2025-04-29T08:12:00,2025-04-29T08:13:00,48
00115521,Jump Street,2025-04-29,2025-04-29T08:15:00,2025-04-29T08:20:00,21
00662113,Cloverfield Lane,2025-04-29,2025-04-29T08:41:00,2025-04-29T08:40:00,13
00113147,Bradshaw Street,2025-04-29,2025-04-29T09:03:00,2025-04-29T09:01:00,29
00261521,Elm Street,2025-04-29,2025-04-29T09:07:00,2025-04-29T09:07:00,47
00113264,Ocean Avenue,2025-04-29,2025-04-29T09:12:00,2025-04-29T09:14:00,51
00115521,Jump Street,2025-04-29,2025-04-29T09:15:00,2025-04-29T09:20:00,31
00662113,Cloverfield Lane,2025-04-29,2025-04-29T09:41:00,2025-04-29T09:40:00,7
00113147,Bradshaw Street,2025-04-29,2025-04-29T10:03:00,2025-04-29T10:00:00,14
00261521,Elm Street,2025-04-29,2025-04-29T10:07:00,2025-04-29T10:11:00,42
00113264,Ocean Avenue,2025-04-29,2025-04-29T10:12:00,2025-04-29T10:14:00,19
00115521,Jump Street,2025-04-29,2025-04-29T10:15:00,2025-04-29T10:20:00,13
00662113,Cloverfield Lane,2025-04-29,2025-04-29T10:41:00,2025-04-29T10:39:00,8
00113147,Bradshaw Street,2025-04-29,2025-04-29T11:03:00,2025-04-29T10:58:00,10
00261521,Elm Street,2025-04-29,2025-04-29T11:07:00,2025-04-29T11:03:00,25
00113264,Ocean Avenue,2025-04-29,2025-04-29T11:12:00,2025-04-29T11:15:00,29
00115521,Jump Street,2025-04-29,2025-04-29T11:15:00,2025-04-29T11:17:00,17
00662113,Cloverfield Lane,2025-04-29,2025-04-29T11:41:00,2025-04-29T11:39:00,8
00113147,Bradshaw Street,2025-04-29,2025-04-29T12:03:00,2025-04-29T12:01:00,6
00261521,Elm Street,2025-04-29,2025-04-29T12:07:00,2025-04-29T12:07:00,24
00113264,Ocean Avenue,2025-04-29,2025-04-29T12:12:00,2025-04-29T12:15:00,31
00115521,Jump Street,2025-04-29,2025-04-29T12:15:00,2025-04-29T12:23:00,5
00662113,Cloverfield Lane,2025-04-29,2025-04-29T12:41:00,2025-04-29T12:41:00,6
00113147,Bradshaw Street,2025-04-29,2025-04-29T13:03:00,2025-04-29T12:59:00,15
00261521,Elm Street,2025-04-29,2025-04-29T13:07:00,2025-04-29T13:06:00,16
00113264,Ocean Avenue,2025-04-29,2025-04-29T13:12:00,2025-04-29T13:12:00,19
00115521,Jump Street,2025-04-29,2025-04-29T13:15:00,2025-04-29T13:24:00,28
00662113,Cloverfield Lane,2025-04-29,2025-04-29T13:41:00,2025-04-29T13:42:00,4
00113147,Bradshaw Street,2025-04-29,2025-04-29T14:03:00,none,0
00261521,Elm Street,2025-04-29,2025-04-29T14:07:00,2025-04-29T14:07:00,42
00113264,Ocean Avenue,2025-04-29,2025-04-29T14:12:00,2025-04-29T14:15:00,18
00115521,Jump Street,2025-04-29,2025-04-29T14:15:00,2025-04-29T14:18:00,16
00662113,Cloverfield Lane,2025-04-29,2025-04-29T14:41:00,2025-04-29T14:40:00,2
00113147,Bradshaw Street,2025-04-29,2025-04-29T15:03:00,2025-04-29T15:00:00,25
00261521,Elm Street,2025-04-29,2025-04-29T15:07:00,2025-04-29T15:05:00,44
00113264,Ocean Avenue,2025-04-29,2025-04-29T15:12:00,2025-04-29T15:16:00,9
00115521,Jump Street,2025-04-29,2025-04-29T15:15:00,2025-04-29T15:23:00,14
00662113,Cloverfield Lane,2025-04-29,2025-04-29T15:41:00,2025-04-29T15:39:00,5
00113147,Bradshaw Street,2025-04-29,2025-04-29T16:03:00,2025-04-29T16:00:00,23
00261521,Elm Street,2025-04-29,2025-04-29T16:07:00,2025-04-29T16:10:00,58
00113264,Ocean Avenue,2025-04-29,2025-04-29T16:12:00,2025-04-29T16:15:00,39
00115521,Jump Street,2025-04-29,2025-04-29T16:15:00,2025-04-29T16:21:00,41
00662113,Cloverfield Lane,2025-04-29,2025-04-29T16:41:00,2025-04-29T16:42:00,8
00113147,Bradshaw Street,2025-04-29,2025-04-29T17:03:00,2025-04-29T17:02:00,24
00261521,Elm Street,2025-04-29,2025-04-29T17:07:00,2025-04-29T17:08:00,31
00113264,Ocean Avenue,2025-04-29,2025-04-29T17:12:00,2025-04-29T17:11:00,44
00115521,Jump Street,2025-04-29,2025-04-29T17:15:00,2025-04-29T17:19:00,41
00662113,Cloverfield Lane,2025-04-29,2025-04-29T17:41:00,2025-04-29T17:39:00,0
00113147,Bradshaw Street,2025-04-29,2025-04-29T18:03:00,2025-04-29T17:57:00,7
00261521,Elm Street,2025-04-29,2025-04-29T18:07:00,2025-04-29T18:08:00,52
00113264,Ocean Avenue,2025-04-29,2025-04-29T18:12:00,2025-04-29T18:10:00,26
00115521,Jump Street,2025-04-29,2025-04-29T18:15:00,2025-04-29T18:21:00,38
00662113,Cloverfield Lane,2025-04-29,2025-04-29T18:41:00,2025-04-29T18:40:00,9
00113147,Bradshaw Street,2025-04-29,2025-04-29T19:03:00,2025-04-29T19:00:00,22
00261521,Elm Street,2025-04-29,2025-04-29T19:07:00,2025-04-29T19:08:00,32
00113264,Ocean Avenue,2025-04-29,2025-04-29T19:12:00,2025-04-29T19:13:00,32
00115521,Jump Street,2025-04-29,2025-04-29T19:15:00,2025-04-29T19:20:00,12
00662113,Cloverfield Lane,2025-04-29,2025-04-29T19:41:00,2025-04-29T19:40:00,2
00113147,Bradshaw Street,2025-04-29,2025-04-29T20:03:00,2025-04-29T19:59:00,11
00261521,Elm Street,2025-04-29,2025-04-29T20:07:00,2025-04-29T20:09:00,32
00113264,Ocean Avenue,2025-04-29,2025-04-29T20:12:00,2025-04-29T20:13:00,15
00115521,Jump Street,2025-04-29,2025-04-29T20:15:00,2025-04-29T20:23:00,21
00662113,Cloverfield Lane,2025-04-29,2025-04-29T20:41:00,2025-04-29T20:42:00,7
00113147,Bradshaw Street,2025-04-29,2025-04-29T21:03:00,2025-04-29T21:00:00,9
00261521,Elm Street,2025-04-29,2025-04-29T21:07:00,2025-04-29T21:08:00,12
00113264,Ocean Avenue,2025-04-29,2025-04-29T21:12:00,2025-04-29T21:18:00,19
00115521,Jump Street,2025-04-29,2025-04-29T21:15:00,2025-04-29T21:22:00,14
00662113,Cloverfield Lane,2025-04-29,2025-04-29T21:41:00,2025-04-29T21:39:00,9
00113147,Bradshaw Street,2025-04-30,2025-04-30T06:03:00,2025-04-30T06:00:00,0
00261521,Elm Street,2025-04-30,2025-04-30T06:07:00,2025-04-30T06:09:00,14
00113264,Ocean Avenue,2025-04-30,2025-04-30T06:12:00,2025-04-30T06:14:00,18
00115521,Jump Street,2025-04-30,2025-04-30T06:15:00,2025-04-30T06:22:00,5
00662113,Cloverfield Lane,2025-04-30,2025-04-30T06:41:00,2025-04-30T06:41:00,1
00113147,Bradshaw Street,2025-04-30,2025-04-30T07:03:00,2025-04-30T07:03:00,17
00261521,Elm Street,2025-04-30,2025-04-30T07:07:00,2025-04-30T07:06:00,59
00113264,Ocean Avenue,2025-04-30,2025-04-30T07:12:00,2025-04-30T07:13:00,36
00115521,Jump Street,2025-04-30,2025-04-30T07:15:00,2025-04-30T07:19:00,30
00662113,Cloverfield Lane,2025-04-30,2025-04-30T07:41:00,2025-04-30T07:38:00,6
00113147,Bradshaw Street,2025-04-30,2025-04-30T08:03:00,2025-04-30T08:00:00,13
00261521,Elm Street,2025-04-30,2025-04-30T08:07:00,2025-04-30T08:08:00,60
00113264,Ocean Avenue,2025-04-30,2025-04-30T08:12:00,2025-04-30T08:12:00,34
00115521,Jump Street,2025-04-30,2025-04-30T08:15:00,2025-04-30T08:18:00,14
00662113,Cloverfield Lane,2025-04-30,2025-04-30T08:41:00,2025-04-30T08:42:00,5
00113147,Bradshaw Street,2025-04-30,2025-04-30T09:03:00,2025-04-30T08:56:00,20
00261521,Elm Street,2025-04-30,2025-04-30T09:07:00,2025-04-30T09:09:00,49
00113264,Ocean Avenue,2025-04-30,2025-04-30T09:12:00,2025-04-30T09:12:00,38
00115521,Jump Street,2025-04-30,2025-04-30T09:15:00,2025-04-30T09:15:00,25
00662113,Cloverfield Lane,2025-04-30,2025-04-30T09:41:00,2025-04-30T09:41:00,2
00113147,Bradshaw Street,2025-04-30,2025-04-30T10:03:00,2025-04-30T09:57:00,20
00261521,Elm Street,2025-04-30,2025-04-30T10:07:00,2025-04-30T10:05:00,26
00113264,Ocean Avenue,2025-04-30,2025-04-30T10:12:00,2025-04-30T10:15:00,17
00115521,Jump Street,2025-04-30,2025-04-30T10:15:00,2025-04-30T10:20:00,23
00662113,Cloverfield Lane,2025-04-30,2025-04-30T10:41:00,2025-04-30T10:40:00,7
00113147,Bradshaw Street,2025-04-30,2025-04-30T11:03:00,2025-04-30T10:58:00,18
00261521,Elm Street,2025-04-30,2025-04-30T11:07:00,2025-04-30T11:09:00,15
00113264,Ocean Avenue,2025-04-30,2025-04-30T11:12:00,2025-04-30T11:14:00,24
00115521,Jump Street,2025-04-30,2025-04-30T11:15:00,2025-04-30T11:21:00,25
00662113,Cloverfield Lane,2025-04-30,2025-04-30T11:41:00,2025-04-30T11:39:00,11
00113147,Bradshaw Street,2025-04-30,2025-04-30T12:03:00,2025-04-30T12:01:00,8
00261521,Elm Street,2025-04-30,2025-04-30T12:07:00,2025-04-30T12:06:00,18
00113264,Ocean Avenue,2025-04-30,2025-04-30T12:12:00,2025-04-30T12:13:00,17
00115521,Jump Street,2025-04-30,2025-04-30T12:15:00,2025-04-30T12:21:00,26
00662113,Cloverfield Lane,2025-04-30,2025-04-30T12:41:00,2025-04-30T12:41:00,11
00113147,Bradshaw Street,2025-04-30,2025-04-30T13:03:00,2025-04-30T13:00:00,12
00261521,Elm Street,2025-04-30,2025-04-30T13:07:00,2025-04-30T13:05:00,49
00113264,Ocean Avenue,2025-04-30,2025-04-30T13:12:00,2025-04-30T13:12:00,29
00115521,Jump Street,2025-04-30,2025-04-30T13:15:00,2025-04-30T13:19:00,20
00662113,Cloverfield Lane,2025-04-30,2025-04-30T13:41:00,2025-04-30T13:39:00,1
00113147,Bradshaw Street,2025-04-30,2025-04-30T14:03:00,2025-04-30T14:00:00,12
00261521,Elm Street,2025-04-30,2025-04-30T14:07:00,2025-04-30T14:04:00,24
00113264,Ocean Avenue,2025-04-30,2025-04-30T14:12:00,2025-04-30T14:17:00,32
00115521,Jump Street,2025-04-30,2025-04-30T14:15:00,2025-04-30T14:20:00,9
00662113,Cloverfield Lane,2025-04-30,2025-04-30T14:41:00,2025-04-30T14:40:00,0
00113147,Bradshaw Street,2025-04-30,2025-04-30T15:03:00,2025-04-30T15:02:00,20
00261521,Elm Street,2025-04-30,2025-04-30T15:07:00,2025-04-30T15:06:00,27
00113264,Ocean Avenue,2025-04-30,2025-04-30T15:12:00,2025-04-30T15:16:00,31
00115521,Jump Street,2025-04-30,2025-04-30T15:15:00,2025-04-30T15:20:00,20
00662113,Cloverfield Lane,2025-04-30,2025-04-30T15:41:00,2025-04-30T15:37:00,10
00113147,Bradshaw Street,2025-04-30,2025-04-30T16:03:00,2025-04-30T16:00:00,22
00261521,Elm Street,2025-04-30,2025-04-30T16:07:00,2025-04-30T16:08:00,40
00113264,Ocean Avenue,2025-04-30,2025-04-30T16:12:00,2025-04-30T16:14:00,26
00115521,Jump Street,2025-04-30,2025-04-30T16:15:00,2025-04-30T16:21:00,25
00662113,Cloverfield Lane,2025-04-30,2025-04-30T16:41:00,2025-04-30T16:42:00,5
00113147,Bradshaw Street,2025-04-30,2025-04-30T17:03:00,2025-04-30T16:58:00,30
00261521,Elm Street,2025-04-30,2025-04-30T17:07:00,2025-04-30T17:07:00,29
00113264,Ocean Avenue,2025-04-30,2025-04-30T17:12:00,2025-04-30T17:16:00,28
00115521,Jump Street,2025-04-30,2025-04-30T17:15:00,2025-04-30T17:21:00,42
00662113,Cloverfield Lane,2025-04-30,2025-04-30T17:41:00,2025-04-30T17:40:00,4
00113147,Bradshaw Street,2025-04-30,2025-04-30T18:03:00,2025-04-30T17:58:00,28
00261521,Elm Street,2025-04-30,2025-04-30T18:07:00,2025-04-30T18:10:00,40
00113264,Ocean Avenue,2025-04-30,2025-04-30T18:12:00,2025-04-30T18:17:00,35
00115521,Jump Street,2025-04-30,2025-04-30T18:15:00,2025-04-30T18:20:00,32
00662113,Cloverfield Lane,2025-04-30,2025-04-30T18:41:00,2025-04-30T18:39:00,7
00113147,Bradshaw Street,2025-04-30,2025-04-30T19:03:00,2025-04-30T19:02:00,17
00261521,Elm Street,2025-04-30,2025-04-30T19:07:00,2025-04-30T19:08:00,37
00113264,Ocean Avenue,2025-04-30,2025-04-30T19:12:00,2025-04-30T19:13:00,29
00115521,Jump Street,2025-04-30,2025-04-30T19:15:00,2025-04-30T19:21:00,14
00662113,Cloverfield Lane,2025-04-30,2025-04-30T19:41:00,2025-04-30T19:41:00,7
00113147,Bradshaw Street,2025-04-30,2025-04-30T20:03:00,2025-04-30T20:00:00,13
00261521,Elm Street,2025-04-30,2025-04-30T20:07:00,2025-04-30T20:10:00,24
00113264,Ocean Avenue,2025-04-30,2025-04-30T20:12:00,2025-04-30T20:15:00,9
00115521,Jump Street,2025-04-30,2025-04-30T20:15:00,2025-04-30T20:20:00,8
00662113,Cloverfield Lane,2025-04-30,2025-04-30T20:41:00,2025-04-30T20:39:00,4
00113147,Bradshaw Street,2025-04-30,2025-04-30T21:03:00,2025-04-30T21:03:00,8
00261521,Elm Street,2025-04-30,2025-04-30T21:07:00,none,0
00113264,Ocean Avenue,2025-04-30,2025-04-30T21:12:00,2025-04-30T21:16:00,13
00115521,Jump Street,2025-04-30,2025-04-30T21:15:00,2025-04-30T21:21:00,19
00662113,Cloverfield Lane,2025-04-30,2025-04-30T21:41:00,2025-04-30T21:39:00,5
00113147,Bradshaw Street,2025-05-01,2025-05-01T06:03:00,2025-05-01T05:59:00,6
00261521,Elm Street,2025-05-01,2025-05-01T06:07:00,2025-05-01T06:06:00,34
00113264,Ocean Avenue,2025-05-01,2025-05-01T06:12:00,2025-05-01T06:12:00,13
00115521,Jump Street,2025-05-01,2025-05-01T06:15:00,2025-05-01T06:22:00,9
00311532,Fury Road,2025-05-01,2025-05-01T06:22:00,2025-05-01T06:28:00,5
00662113,Cloverfield Lane,2025-05-01,2025-05-01T06:41:00,2025-05-01T06:37:00,1
00113147,Bradshaw Street,2025-05-01,2025-05-01T07:03:00,2025-05-01T07:04:00,20
00261521,Elm Street,2025-05-01,2025-05-01T07:07:00,2025-05-01T07:10:00,60
00113264,Ocean Avenue,2025-05-01,2025-05-01T07:12:00,2025-05-01T07:11:00,37
00115521,Jump Street,2025-05-01,2025-05-01T07:15:00,2025-05-01T07:22:00,23
00311532,Fury Road,2025-05-01,2025-05-01T07:22:00,2025-05-01T07:33:00,10
00662113,Cloverfield Lane,2025-05-01,2025-05-01T07:41:00,2025-05-01T07:41:00,6
00113147,Bradshaw Street,2025-05-01,2025-05-01T08:03:00,2025-05-01T07:59:00,15
00261521,Elm Street,2025-05-01,2025-05-01T08:07:00,2025-05-01T08:07:00,60
00113264,Ocean Avenue,2025-05-01,2025-05-01T08:12:00,2025-05-01T08:14:00,43
00115521,Jump Street,2025-05-01,2025-05-01T08:15:00,2025-05-01T08:22:00,16
00311532,Fury Road,2025-05-01,2025-05-01T08:22:00,2025-05-01T08:25:00,12
00662113,Cloverfield Lane,2025-05-01,2025-05-01T08:41:00,2025-05-01T08:40:00,2
00113147,Bradshaw Street,2025-05-01,2025-05-01T09:03:00,2025-05-01T08:58:00,30
00261521,Elm Street,2025-05-01,2025-05-01T09:07:00,2025-05-01T09:06:00,60
00113264,Ocean Avenue,2025-05-01,2025-05-01T09:12:00,2025-05-01T09:11:00,37
00115521,Jump Street,2025-05-01,2025-05-01T09:15:00,2025-05-01T09:20:00,17
00311532,Fury Road,2025-05-01,2025-05-01T09:22:00,2025-05-01T09:28:00,11
00662113,Cloverfield Lane,2025-05-01,2025-05-01T09:41:00,2025-05-01T09:39:00,5
00113147,Bradshaw Street,2025-05-01,2025-05-01T10:03:00,2025-05-01T10:00:00,13
00261521,Elm Street,2025-05-01,2025-05-01T10:07:00,2025-05-01T10:07:00,26
00113264,Ocean Avenue,2025-05-01,2025-05-01T10:12:00,2025-05-01T10:16:00,24
00115521,Jump Street,2025-05-01,2025-05-01T10:15:00,2025-05-01T10:25:00,17
00311532,Fury Road,2025-05-01,2025-05-01T10:22:00,2025-05-01T10:25:00,12
00662113,Cloverfield Lane,2025-05-01,2025-05-01T10:41:00,2025-05-01T10:42:00,7
00113147,Bradshaw Street,2025-05-01,2025-05-01T11:03:00,2025-05-01T11:00:00,18
00261521,Elm Street,2025-05-01,2025-05-01T11:07:00,none,0
00113264,Ocean Avenue,2025-05-01,2025-05-01T11:12:00,2025-05-01T11:14:00,30
00115521,Jump Street,2025-05-01,2025-05-01T11:15:00,2025-05-01T11:20:00,21
00311532,Fury Road,2025-05-01,2025-05-01T11:22:00,2025-05-01T11:28:00,11
00662113,Cloverfield Lane,2025-05-01,2025-05-01T11:41:00,2025-05-01T11:39:00,9
00113147,Bradshaw Street,2025-05-01,2025-05-01T12:03:00,2025-05-01T11:59:00,22
00261521,Elm Street,2025-05-01,2025-05-01T12:07:00,2025-05-01T12:09:00,18
00113264,Ocean Avenue,2025-05-01,2025-05-01T12:12:00,2025-05-01T12:11:00,38
00115521,Jump Street,2025-05-01,2025-05-01T12:15:00,2025-05-01T12:22:00,23
00311532,Fury Road,2025-05-01,2025-05-01T12:22:00,2025-05-01T12:28:00,11
00662113,Cloverfield Lane,2025-05-01,2025-05-01T12:41:00,2025-05-01T12:39:00,11
00113147,Bradshaw Street,2025-05-01,2025-05-01T13:03:00,2025-05-01T13:02:00,7
00261521,Elm Street,2025-05-01,2025-05-01T13:07:00,2025-05-01T13:06:00,25
00113264,Ocean Avenue,2025-05-01,2025-05-01T13:12:00,2025-05-01T13:17:00,15
00115521,Jump Street,2025-05-01,2025-05-01T13:15:00,2025-05-01T13:25:00,8
00311532,Fury Road,2025-05-01,2025-05-01T13:22:00,2025-05-01T13:24:00,9
00662113,Cloverfield Lane,2025-05-01,2025-05-01T13:41:00,2025-05-01T13:41:00,1
00113147,Bradshaw Street,2025-05-01,2025-05-01T14:03:00,2025-05-01T14:01:00,13
00261521,Elm Street,2025-05-01,2025-05-01T14:07:00,2025-05-01T14:08:00,20
00113264,Ocean Avenue,2025-05-01,2025-05-01T14:12:00,2025-05-01T14:15:00,27
00115521,Jump Street,2025-05-01,2025-05-01T14:15:00,2025-05-01T14:22:00,9
00311532,Fury Road,2025-05-01,2025-05-01T14:22:00,2025-05-01T14:29:00,3
00662113,Cloverfield Lane,2025-05-01,2025-05-01T14:41:00,2025-05-01T14:41:00,12
00113147,Bradshaw Street,2025-05-01,2025-05-01T15:03:00,2025-05-01T15:01:00,11
00261521,Elm Street,2025-05-01,2025-05-01T15:07:00,2025-05-01T15:10:00,40
00113264,Ocean Avenue,2025-05-01,2025-05-01T15:12:00,2025-05-01T15:13:00,17
00115521,Jump Street,2025-05-01,2025-05-01T15:15:00,2025-05-01T15:22:00,7
00311532,Fury Road,2025-05-01,2025-05-01T15:22:00,2025-05-01T15:23:00,8
00662113,Cloverfield Lane,2025-05-01,2025-05-01T15:41:00,2025-05-01T15:36:00,9
00113147,Bradshaw Street,2025-05-01,2025-05-01T16:03:00,2025-05-01T15:59:00,17
00261521,Elm Street,2025-05-01,2025-05-01T16:07:00,2025-05-01T16:08:00,38
00113264,Ocean Avenue,2025-05-01,2025-05-01T16:12:00,2025-05-01T16:15:00,32
00115521,Jump Street,2025-05-01,2025-05-01T16:15:00,2025-05-01T16:21:00,36
00311532,Fury Road,2025-05-01,2025-05-01T16:22:00,2025-05-01T16:29:00,15
00662113,Cloverfield Lane,2025-05-01,2025-05-01T16:41:00,2025-05-01T16:40:00,8
00113147,Bradshaw Street,2025-05-01,2025-05-01T17:03:00,2025-05-01T17:02:00,19
00261521,Elm Street,2025-05-01,2025-05-01T17:07:00,2025-05-01T17:07:00,32
00113264,Ocean Avenue,2025-05-01,2025-05-01T17:12:00,2025-05-01T17:11:00,24
00115521,Jump Street,2025-05-01,2025-05-01T17:15:00,2025-05-01T17:23:00,36
00311532,Fury Road,2025-05-01,2025-05-01T17:22:00,2025-05-01T17:26:00,8
00662113,Cloverfield Lane,2025-05-01,2025-05-01T17:41:00,2025-05-01T17:40:00,9
00113147,Bradshaw Street,2025-05-01,2025-05-01T18:03:00,2025-05-01T18:03:00,21
00261521,Elm Street,2025-05-01,2025-05-01T18:07:00,2025-05-01T18:11:00,28
00113264,Ocean Avenue,2025-05-01,2025-05-01T18:12:00,2025-05-01T18:14:00,32
00115521,Jump Street,2025-05-01,2025-05-01T18:15:00,2025-05-01T18:16:00,34
00311532,Fury Road,2025-05-01,2025-05-01T18:22:00,2025-05-01T18:31:00,13
00662113,Cloverfield Lane,2025-05-01,2025-05-01T18:41:00,2025-05-01T18:41:00,9
00113147,Bradshaw Street,2025-05-01,2025-05-01T19:03:00,2025-05-01T19:03:00,17
00261521,Elm Street,2025-05-01,2025-05-01T19:07:00,none,0
00113264,Ocean Avenue,2025-05-01,2025-05-01T19:12:00,2025-05-01T19:15:00,20
00115521,Jump Street,2025-05-01,2025-05-01T19:15:00,2025-05-01T19:18:00,23
00311532,Fury Road,2025-05-01,2025-05-01T19:22:00,2025-05-01T19:23:00,11
00662113,Cloverfield Lane,2025-05-01,2025-05-01T19:41:00,2025-05-01T19:40:00,8
00113147,Bradshaw Street,2025-05-01,2025-05-01T20:03:00,2025-05-01T20:01:00,3
00261521,Elm Street,2025-05-01,2025-05-01T20:07:00,2025-05-01T20:06:00,19
00113264,Ocean Avenue,2025-05-01,2025-05-01T20:12:00,2025-05-01T20:17:00,9
00115521,Jump Street,2025-05-01,2025-05-01T20:15:00,2025-05-01T20:22:00,19
00311532,Fury Road,2025-05-01,2025-05-01T20:22:00,2025-05-01T20:28:00,4
00662113,Cloverfield Lane,2025-05-01,2025-05-01T20:41:00,2025-05-01T20:37:00,5
00113147,Bradshaw Street,2025-05-01,2025-05-01T21:03:00,2025-05-01T20:58:00,20
00261521,Elm Street,2025-05-01,2025-05-01T21:07:00,2025-05-01T21:11:00,25
00113264,Ocean Avenue,2025-05-01,2025-05-01T21:12:00,2025-05-01T21:12:00,23
00115521,Jump Street,2025-05-01,2025-05-01T21:15:00,2025-05-01T21:24:00,4
00311532,Fury Road,2025-05-01,2025-05-01T21:22:00,2025-05-01T21:29:00,9
00662113,Cloverfield Lane,2025-05-01,2025-05-01T21:41:00,2025-05-01T21:40:00,8
00113147,Bradshaw Street,2025-05-02,2025-05-02T06:03:00,2025-05-02T05:59:00,4
00261521,Elm Street,2025-05-02,2025-05-02T06:07:00,none,0
00113264,Ocean Avenue,2025-05-02,2025-05-02T06:12:00,2025-05-02T06:15:00,13
00115521,Jump Street,2025-05-02,2025-05-02T06:15:00,2025-05-02T06:23:00,15
00311532,Fury Road,2025-05-02,2025-05-02T06:22:00,2025-05-02T06:23:00,7
00662113,Cloverfield Lane,2025-05-02,2025-05-02T06:41:00,2025-05-02T06:39:00,2
00113147,Bradshaw Street,2025-05-02,2025-05-02T07:03:00,2025-05-02T07:00:00,35
00261521,Elm Street,2025-05-02,2025-05-02T07:07:00,2025-05-02T07:08:00,60
00113264,Ocean Avenue,2025-05-02,2025-05-02T07:12:00,2025-05-02T07:14:00,40
00115521,Jump Street,2025-05-02,2025-05-02T07:15:00,2025-05-02T07:18:00,14
00311532,Fury Road,2025-05-02,2025-05-02T07:22:00,2025-05-02T07:28:00,12
00662113,Cloverfield Lane,2025-05-02,2025-05-02T07:41:00,2025-05-02T07:39:00,4
00113147,Bradshaw Street,2025-05-02,2025-05-02T08:03:00,2025-05-02T07:57:00,12
00261521,Elm Street,2025-05-02,2025-05-02T08:07:00,2025-05-02T08:08:00,60
00113264,Ocean Avenue,2025-05-02,2025-05-02T08:12:00,2025-05-02T08:11:00,33
00115521,Jump Street,2025-05-02,2025-05-02T08:15:00,2025-05-02T08:21:00,18
00311532,Fury Road,2025-05-02,2025-05-02T08:22:00,2025-05-02T08:24:00,13
00662113,Cloverfield Lane,2025-05-02,2025-05-02T08:41:00,2025-05-02T08:42:00,4
00113147,Bradshaw Street,2025-05-02,2025-05-02T09:03:00,2025-05-02T09:02:00,33
00261521,Elm Street,2025-05-02,2025-05-02T09:07:00,2025-05-02T09:08:00,60
00113264,Ocean Avenue,2025-05-02,2025-05-02T09:12:00,2025-05-02T09:15:00,38
00115521,Jump Street,2025-05-02,2025-05-02T09:15:00,2025-05-02T09:20:00,17
00311532,Fury Road,2025-05-02,2025-05-02T09:22:00,2025-05-02T09:24:00,14
00662113,Cloverfield Lane,2025-05-02,2025-05-02T09:41:00,2025-05-02T09:39:00,8
00113147,Bradshaw Street,2025-05-02,2025-05-02T10:03:00,2025-05-02T09:59:00,23
00261521,Elm Street,2025-05-02,2025-05-02T10:07:00,2025-05-02T10:13:00,35
00113264,Ocean Avenue,2025-05-02,2025-05-02T10:12:00,2025-05-02T10:15:00,21
00115521,Jump Street,2025-05-02,2025-05-02T10:15:00,2025-05-02T10:19:00,19
00311532,Fury Road,2025-05-02,2025-05-02T10:22:00,2025-05-02T10:29:00,6
00662113,Cloverfield Lane,2025-05-02,2025-05-02T10:41:00,2025-05-02T10:40:00,7
00113147,Bradshaw Street,2025-05-02,2025-05-02T11:03:00,2025-05-02T10:58:00,9
00261521,Elm Street,2025-05-02,2025-05-02T11:07:00,2025-05-02T11:10:00,39
00113264,Ocean Avenue,2025-05-02,2025-05-02T11:12:00,2025-05-02T11:15:00,32
00115521,Jump Street,2025-05-02,2025-05-02T11:15:00,2025-05-02T11:21:00,10
00311532,Fury Road,2025-05-02,2025-05-02T11:22:00,2025-05-02T11:27:00,8
00662113,Cloverfield Lane,2025-05-02,2025-05-02T11:41:00,2025-05-02T11:41:00,2
00113147,Bradshaw Street,2025-05-02,2025-05-02T12:03:00,2025-05-02T12:02:00,13
00261521,Elm Street,2025-05-02,2025-05-02T12:07:00,2025-05-02T12:09:00,22
00113264,Ocean Avenue,2025-05-02,2025-05-02T12:12:00,2025-05-02T12:15:00,16
00115521,Jump Street,2025-05-02,2025-05-02T12:15:00,2025-05-02T12:25:00,17
00311532,Fury Road,2025-05-02,2025-05-02T12:22:00,2025-05-02T12:23:00,6
00662113,Cloverfield Lane,2025-05-02,2025-05-02T12:41:00,2025-05-02T12:40:00,1
00113147,Bradshaw Street,2025-05-02,2025-05-02T13:03:00,2025-05-02T13:00:00,20
00261521,Elm Street,2025-05-02,2025-05-02T13:07:00,2025-05-02T13:09:00,27
00113264,Ocean Avenue,2025-05-02,2025-05-02T13:12:00,2025-05-02T13:12:00,22
00115521,Jump Street,2025-05-02,2025-05-02T13:15:00,2025-05-02T13:16:00,5
00311532,Fury Road,2025-05-02,2025-05-02T13:22:00,2025-05-02T13:30:00,16
00662113,Cloverfield Lane,2025-05-02,2025-05-02T13:41:00,2025-05-02T13:40:00,4
00113147,Bradshaw Street,2025-05-02,2025-05-02T14:03:00,2025-05-02T14:01:00,0
00261521,Elm Street,2025-05-02,2025-05-02T14:07:00,2025-05-02T14:07:00,11
00113264,Ocean Avenue,2025-05-02,2025-05-02T14:12:00,2025-05-02T14:16:00,31
00115521,Jump Street,2025-05-02,2025-05-02T14:15:00,2025-05-02T14:21:00,17
00311532,Fury Road,2025-05-02,2025-05-02T14:22:00,2025-05-02T14:27:00,6
00662113,Cloverfield Lane,2025-05-02,2025-05-02T14:41:00,2025-05-02T14:38:00,9
00113147,Bradshaw Street,2025-05-02,2025-05-02T15:03:00,2025-05-02T14:59:00,25
00261521,Elm Street,2025-05-02,2025-05-02T15:07:00,2025-05-02T15:06:00,42
00113264,Ocean Avenue,2025-05-02,2025-05-02T15:12:00,2025-05-02T15:18:00,16
00115521,Jump Street,2025-05-02,2025-05-02T15:15:00,2025-05-02T15:19:00,13
00311532,Fury Road,2025-05-02,2025-05-02T15:22:00,2025-05-02T15:27:00,7
00662113,Cloverfield Lane,2025-05-02,2025-05-02T15:41:00,2025-05-02T15:36:00,3
00113147,Bradshaw Street,2025-05-02,2025-05-02T16:03:00,2025-05-02T15:59:00,15
00261521,Elm Street,2025-05-02,2025-05-02T16:07:00,2025-05-02T16:07:00,42
00113264,Ocean Avenue,2025-05-02,2025-05-02T16:12:00,2025-05-02T16:14:00,39
00115521,Jump Street,2025-05-02,2025-05-02T16:15:00,2025-05-02T16:22:00,48
00311532,Fury Road,2025-05-02,2025-05-02T16:22:00,2025-05-02T16:24:00,5
00662113,Cloverfield Lane,2025-05-02,2025-05-02T16:41:00,2025-05-02T16:41:00,9
00113147,Bradshaw Street,2025-05-02,2025-05-02T17:03:00,2025-05-02T17:01:00,28
00261521,Elm Street,2025-05-02,2025-05-02T17:07:00,2025-05-02T17:09:00,37
00113264,Ocean Avenue,2025-05-02,2025-05-02T17:12:00,2025-05-02T17:14:00,40
00115521,Jump Street,2025-05-02,2025-05-02T17:15:00,2025-05-02T17:23:00,37
00311532,Fury Road,2025-05-02,2025-05-02T17:22:00,2025-05-02T17:24:00,6
00662113,Cloverfield Lane,2025-05-02,2025-05-02T17:41:00,2025-05-02T17:40:00,0
00113147,Bradshaw Street,2025-05-02,2025-05-02T18:03:00,2025-05-02T18:04:00,20
00261521,Elm Street,2025-05-02,2025-05-02T18:07:00,2025-05-02T18:04:00,34
00113264,Ocean Avenue,2025-05-02,2025-05-02T18:12:00,2025-05-02T18:10:00,20
00115521,Jump Street,2025-05-02,2025-05-02T18:15:00,2025-05-02T18:21:00,39
00311532,Fury Road,2025-05-02,2025-05-02T18:22:00,2025-05-02T18:29:00,8
00662113,Cloverfield Lane,2025-05-02,2025-05-02T18:41:00,2025-05-02T18:38:00,0
00113147,Bradshaw Street,2025-05-02,2025-05-02T19:03:00,2025-05-02T19:01:00,13
00261521,Elm Street,2025-05-02,2025-05-02T19:07:00,none,0
00113264,Ocean Avenue,2025-05-02,2025-05-02T19:12:00,2025-05-02T19:15:00,22
00115521,Jump Street,2025-05-02,2025-05-02T19:15:00,2025-05-02T19:22:00,12
00311532,Fury Road,2025-05-02,2025-05-02T19:22:00,2025-05-02T19:28:00,0
00662113,Cloverfield Lane,2025-05-02,2025-05-02T19:41:00,2025-05-02T19:38:00,6
00113147,Bradshaw Street,2025-05-02,2025-05-02T20:03:00,2025-05-02T20:00:00,19
00261521,Elm Street,2025-05-02,2025-05-02T20:07:00,2025-05-02T20:08:00,40
00113264,Ocean Avenue,2025-05-02,2025-05-02T20:12:00,2025-05-02T20:13:00,15
00115521,Jump Street,2025-05-02,2025-05-02T20:15:00,2025-05-02T20:22:00,18
00311532,Fury Road,2025-05-02,2025-05-02T20:22:00,2025-05-02T20:30:00,3
00662113,Cloverfield Lane,2025-05-02,2025-05-02T20:41:00,2025-05-02T20:41:00,9
00113147,Bradshaw Street,2025-05-02,2025-05-02T21:03:00,2025-05-02T20:59:00,14
00261521,Elm Street,2025-05-02,2025-05-02T21:07:00,2025-05-02T21:08:00,7
00113264,Ocean Avenue,2025-05-02,2025-05-02T21:12:00,2025-05-02T21:15:00,15
00115521,Jump Street,2025-05-02,2025-05-02T21:15:00,2025-05-02T21:22:00,18
00311532,Fury Road,2025-05-02,2025-05-02T21:22:00,2025-05-02T21:27:00,3
00662113,Cloverfield Lane,2025-05-02,2025-05-02T21:41:00,2025-05-02T21:39:00,3
00113147,Bradshaw Street,2025-05-03,2025-05-03T06:03:00,2025-05-03T06:00:00,8
00261521,Elm Street,2025-05-03,2025-05-03T06:07:00,2025-05-03T06:10:00,13
00113264,Ocean Avenue,2025-05-03,2025-05-03T06:12:00,2025-05-03T06:12:00,10
00115521,Jump Street,2025-05-03,2025-05-03T06:15:00,2025-05-03T06:23:00,0
00311532,Fury Road,2025-05-03,2025-05-03T06:22:00,2025-05-03T06:28:00,11
00662113,Cloverfield Lane,2025-05-03,2025-05-03T06:41:00,2025-05-03T06:38:00,0
00113147,Bradshaw Street,2025-05-03,2025-05-03T07:03:00,2025-05-03T07:01:00,9
00261521,Elm Street,2025-05-03,2025-05-03T07:07:00,2025-05-03T07:08:00,27
00113264,Ocean Avenue,2025-05-03,2025-05-03T07:12:00,2025-05-03T07:13:00,30
00115521,Jump Street,2025-05-03,2025-05-03T07:15:00,2025-05-03T07:20:00,15
00311532,Fury Road,2025-05-03,2025-05-03T07:22:00,2025-05-03T07:29:00,6
00662113,Cloverfield Lane,2025-05-03,2025-05-03T07:41:00,2025-05-03T07:38:00,11
00113147,Bradshaw Street,2025-05-03,2025-05-03T08:03:00,2025-05-03T08:02:00,13
00261521,Elm Street,2025-05-03,2025-05-03T08:07:00,2025-05-03T08:09:00,41
00113264,Ocean Avenue,2025-05-03,2025-05-03T08:12:00,2025-05-03T08:16:00,27
00115521,Jump Street,2025-05-03,2025-05-03T08:15:00,2025-05-03T08:19:00,18
00311532,Fury Road,2025-05-03,2025-05-03T08:22:00,2025-05-03T08:25:00,7
00662113,Cloverfield Lane,2025-05-03,2025-05-03T08:41:00,2025-05-03T08:40:00,4
00113147,Bradshaw Street,2025-05-03,2025-05-03T09:03:00,2025-05-03T09:03:00,18
00261521,Elm Street,2025-05-03,2025-05-03T09:07:00,2025-05-03T09:04:00,35
00113264,Ocean Avenue,2025-05-03,2025-05-03T09:12:00,2025-05-03T09:13:00,33
00115521,Jump Street,2025-05-03,2025-05-03T09:15:00,2025-05-03T09:21:00,9
00311532,Fury Road,2025-05-03,2025-05-03T09:22:00,2025-05-03T09:24:00,8
00662113,Cloverfield Lane,2025-05-03,2025-05-03T09:41:00,2025-05-03T09:37:00,5
00113147,Bradshaw Street,2025-05-03,2025-05-03T10:03:00,2025-05-03T10:05:00,3
00261521,Elm Street,2025-05-03,2025-05-03T10:07:00,2025-05-03T10:09:00,20
00113264,Ocean Avenue,2025-05-03,2025-05-03T10:12:00,2025-05-03T10:14:00,10
00115521,Jump Street,2025-05-03,2025-05-03T10:15:00,2025-05-03T10:26:00,18
00311532,Fury Road,2025-05-03,2025-05-03T10:22:00,2025-05-03T10:22:00,10
00662113,Cloverfield Lane,2025-05-03,2025-05-03T10:41:00,2025-05-03T10:40:00,8
00113147,Bradshaw Street,2025-05-03,2025-05-03T11:03:00,2025-05-03T10:58:00,20
00261521,Elm Street,2025-05-03,2025-05-03T11:07:00,2025-05-03T11:08:00,31
00113264,Ocean Avenue,2025-05-03,2025-05-03T11:12:00,2025-05-03T11:16:00,10
00115521,Jump Street,2025-05-03,2025-05-03T11:15:00,2025-05-03T11:20:00,22
00311532,Fury Road,2025-05-03,2025-05-03T11:22:00,2025-05-03T11:23:00,9
00662113,Cloverfield Lane,2025-05-03,2025-05-03T11:41:00,2025-05-03T11:42:00,5
00113147,Bradshaw Street,2025-05-03,2025-05-03T12:03:00,2025-05-03T12:03:00,16
00261521,Elm Street,2025-05-03,2025-05-03T12:07:00,2025-05-03T12:08:00,23
00113264,Ocean Avenue,2025-05-03,2025-05-03T12:12:00,2025-05-03T12:14:00,12
00115521,Jump Street,2025-05-03,2025-05-03T12:15:00,2025-05-03T12:21:00,7
00311532,Fury Road,2025-05-03,2025-05-03T12:22:00,2025-05-03T12:26:00,13
00662113,Cloverfield Lane,2025-05-03,2025-05-03T12:41:00,2025-05-03T12:39:00,7
00113147,Bradshaw Street,2025-05-03,2025-05-03T13:03:00,2025-05-03T12:56:00,6
00261521,Elm Street,2025-05-03,2025-05-03T13:07:00,2025-05-03T13:10:00,13
00113264,Ocean Avenue,2025-05-03,2025-05-03T13:12:00,2025-05-03T13:16:00,7
00115521,Jump Street,2025-05-03,2025-05-03T13:15:00,2025-05-03T13:21:00,25
00311532,Fury Road,2025-05-03,2025-05-03T13:22:00,2025-05-03T13:26:00,0
00662113,Cloverfield Lane,2025-05-03,2025-05-03T13:41:00,2025-05-03T13:41:00,0
00113147,Bradshaw Street,2025-05-03,2025-05-03T14:03:00,2025-05-03T13:59:00,10
00261521,Elm Street,2025-05-03,2025-05-03T14:07:00,2025-05-03T14:09:00,13
00113264,Ocean Avenue,2025-05-03,2025-05-03T14:12:00,2025-05-03T14:17:00,13
00115521,Jump Street,2025-05-03,2025-05-03T14:15:00,2025-05-03T14:22:00,13
00311532,Fury Road,2025-05-03,2025-05-03T14:22:00,2025-05-03T14:29:00,4
00662113,Cloverfield Lane,2025-05-03,2025-05-03T14:41:00,2025-05-03T14:42:00,0
00113147,Bradshaw Street,2025-05-03,2025-05-03T15:03:00,2025-05-03T15:02:00,16
00261521,Elm Street,2025-05-03,2025-05-03T15:07:00,2025-05-03T15:06:00,24
00113264,Ocean Avenue,2025-05-03,2025-05-03T15:12:00,2025-05-03T15:14:00,16
00115521,Jump Street,2025-05-03,2025-05-03T15:15:00,2025-05-03T15:23:00,15
00311532,Fury Road,2025-05-03,2025-05-03T15:22:00,2025-05-03T15:29:00,4
00662113,Cloverfield Lane,2025-05-03,2025-05-03T15:41:00,2025-05-03T15:39:00,5
00113147,Bradshaw Street,2025-05-03,2025-05-03T16:03:00,2025-05-03T16:00:00,11
00261521,Elm Street,2025-05-03,2025-05-03T16:07:00,2025-05-03T16:02:00,0
00113264,Ocean Avenue,2025-05-03,2025-05-03T16:12:00,2025-05-03T16:13:00,9
00115521,Jump Street,2025-05-03,2025-05-03T16:15:00,2025-05-03T16:22:00,23
00311532,Fury Road,2025-05-03,2025-05-03T16:22:00,2025-05-03T16:28:00,6
00662113,Cloverfield Lane,2025-05-03,2025-05-03T16:41:00,2025-05-03T16:39:00,6
00113147,Bradshaw Street,2025-05-03,2025-05-03T17:03:00,2025-05-03T17:01:00,9
00261521,Elm Street,2025-05-03,2025-05-03T17:07:00,2025-05-03T17:09:00,10
00113264,Ocean Avenue,2025-05-03,2025-05-03T17:12:00,2025-05-03T17:13:00,12
00115521,Jump Street,2025-05-03,2025-05-03T17:15:00,2025-05-03T17:25:00,16
00311532,Fury Road,2025-05-03,2025-05-03T17:22:00,2025-05-03T17:26:00,13
00662113,Cloverfield Lane,2025-05-03,2025-05-03T17:41:00,2025-05-03T17:40:00,6
00113147,Bradshaw Street,2025-05-03,2025-05-03T18:03:00,2025-05-03T18:00:00,9
00261521,Elm Street,2025-05-03,2025-05-03T18:07:00,2025-05-03T18:05:00,30
00113264,Ocean Avenue,2025-05-03,2025-05-03T18:12:00,2025-05-03T18:10:00,17
00115521,Jump Street,2025-05-03,2025-05-03T18:15:00,2025-05-03T18:20:00,22
00311532,Fury Road,2025-05-03,2025-05-03T18:22:00,2025-05-03T18:27:00,6
00662113,Cloverfield Lane,2025-05-03,2025-05-03T18:41:00,2025-05-03T18:41:00,7
00113147,Bradshaw Street,2025-05-03,2025-05-03T19:03:00,2025-05-03T19:00:00,0
00261521,Elm Street,2025-05-03,2025-05-03T19:07:00,2025-05-03T19:07:00,16
00113264,Ocean Avenue,2025-05-03,2025-05-03T19:12:00,none,0
00115521,Jump Street,2025-05-03,2025-05-03T19:15:00,2025-05-03T19:22:00,15
00311532,Fury Road,2025-05-03,2025-05-03T19:22:00,2025-05-03T19:23:00,0
00662113,Cloverfield Lane,2025-05-03,2025-05-03T19:41:00,2025-05-03T19:38:00,4
00113147,Bradshaw Street,2025-05-03,2025-05-03T20:03:00,2025-05-03T20:01:00,0
00261521,Elm Street,2025-05-03,2025-05-03T20:07:00,2025-05-03T20:10:00,8
00113264,Ocean Avenue,2025-05-03,2025-05-03T20:12:00,2025-05-03T20:14:00,0
00115521,Jump Street,2025-05-03,2025-05-03T20:15:00,2025-05-03T20:20:00,20
00311532,Fury Road,2025-05-03,2025-05-03T20:22:00,2025-05-03T20:26:00,3
00662113,Cloverfield Lane,2025-05-03,2025-05-03T20:41:00,2025-05-03T20:40:00,4
00113147,Bradshaw Street,2025-05-03,2025-05-03T21:03:00,2025-05-03T21:02:00,8
00261521,Elm Street,2025-05-03,2025-05-03T21:07:00,2025-05-03T21:12:00,6
00113264,Ocean Avenue,2025-05-03,2025-05-03T21:12:00,2025-05-03T21:11:00,7
00115521,Jump Street,2025-05-03,2025-05-03T21:15:00,2025-05-03T21:26:00,21
00311532,Fury Road,2025-05-03,2025-05-03T21:22:00,2025-05-03T21:28:00,0
00662113,Cloverfield Lane,2025-05-03,2025-05-03T21:41:00,2025-05-03T21:39:00,4
00113147,Bradshaw Street,2025-05-04,2025-05-04T06:03:00,2025-05-04T06:00:00,6
00261521,Elm Street,2025-05-04,2025-05-04T06:07:00,2025-05-04T06:06:00,15
00113264,Ocean Avenue,2025-05-04,2025-05-04T06:12:00,2025-05-04T06:15:00,9
00115521,Jump Street,2025-05-04,2025-05-04T06:15:00,2025-05-04T06:24:00,0
00311532,Fury Road,2025-05-04,2025-05-04T06:22:00,2025-05-04T06:26:00,2
00662113,Cloverfield Lane,2025-05-04,2025-05-04T06:41:00,2025-05-04T06:40:00,0
00113147,Bradshaw Street,2025-05-04,2025-05-04T07:03:00,2025-05-04T07:03:00,16
00261521,Elm Street,2025-05-04,2025-05-04T07:07:00,2025-05-04T07:08:00,29
00113264,Ocean Avenue,2025-05-04,2025-05-04T07:12:00,2025-05-04T07:16:00,26
00115521,Jump Street,2025-05-04,2025-05-04T07:15:00,2025-05-04T07:20:00,26
00311532,Fury Road,2025-05-04,2025-05-04T07:22:00,2025-05-04T07:26:00,0
00662113,Cloverfield Lane,2025-05-04,2025-05-04T07:41:00,2025-05-04T07:39:00,5
00113147,Bradshaw Street,2025-05-04,2025-05-04T08:03:00,2025-05-04T08:01:00,11
00261521,Elm Street,2025-05-04,2025-05-04T08:07:00,2025-05-04T08:08:00,25
00113264,Ocean Avenue,2025-05-04,2025-05-04T08:12:00,2025-05-04T08:13:00,25
00115521,Jump Street,2025-05-04,2025-05-04T08:15:00,2025-05-04T08:23:00,18
00311532,Fury Road,2025-05-04,2025-05-04T08:22:00,2025-05-04T08:24:00,0
00662113,Cloverfield Lane,2025-05-04,2025-05-04T08:41:00,2025-05-04T08:37:00,0
00113147,Bradshaw Street,2025-05-04,2025-05-04T09:03:00,2025-05-04T09:00:00,14
00261521,Elm Street,2025-05-04,2025-05-04T09:07:00,2025-05-04T09:11:00,37
00113264,Ocean Avenue,2025-05-04,2025-05-04T09:12:00,2025-05-04T09:16:00,18
00115521,Jump Street,2025-05-04,2025-05-04T09:15:00,2025-05-04T09:22:00,11
00311532,Fury Road,2025-05-04,2025-05-04T09:22:00,2025-05-04T09:28:00,1
00662113,Cloverfield Lane,2025-05-04,2025-05-04T09:41:00,2025-05-04T09:40:00,7
00113147,Bradshaw Street,2025-05-04,2025-05-04T10:03:00,2025-05-04T10:00:00,15
00261521,Elm Street,2025-05-04,2025-05-04T10:07:00,2025-05-04T10:11:00,22
00113264,Ocean Avenue,2025-05-04,2025-05-04T10:12:00,2025-05-04T10:15:00,12
00115521,Jump Street,2025-05-04,2025-05-04T10:15:00,2025-05-04T10:21:00,7
00311532,Fury Road,2025-05-04,2025-05-04T10:22:00,2025-05-04T10:26:00,8
00662113,Cloverfield Lane,2025-05-04,2025-05-04T10:41:00,2025-05-04T10:39:00,5
00113147,Bradshaw Street,2025-05-04,2025-05-04T11:03:00,2025-05-04T10:59:00,16
00261521,Elm Street,2025-05-04,2025-05-04T11:07:00,2025-05-04T11:09:00,17
00113264,Ocean Avenue,2025-05-04,2025-05-04T11:12:00,2025-05-04T11:11:00,8
00115521,Jump Street,2025-05-04,2025-05-04T11:15:00,2025-05-04T11:23:00,1
00311532,Fury Road,2025-05-04,2025-05-04T11:22:00,2025-05-04T11:28:00,6
00662113,Cloverfield Lane,2025-05-04,2025-05-04T11:41:00,2025-05-04T11:41:00,4
00113147,Bradshaw Street,2025-05-04,2025-05-04T12:03:00,2025-05-04T12:02:00,18
00261521,Elm Street,2025-05-04,2025-05-04T12:07:00,2025-05-04T12:07:00,27
00113264,Ocean Avenue,2025-05-04,2025-05-04T12:12:00,2025-05-04T12:14:00,16
00115521,Jump Street,2025-05-04,2025-05-04T12:15:00,2025-05-04T12:20:00,2
00311532,Fury Road,2025-05-04,2025-05-04T12:22:00,2025-05-04T12:31:00,7
00662113,Cloverfield Lane,2025-05-04,2025-05-04T12:41:00,2025-05-04T12:39:00,2
00113147,Bradshaw Street,2025-05-04,2025-05-04T13:03:00,2025-05-04T13:05:00,6
00261521,Elm Street,2025-05-04,2025-05-04T13:07:00,2025-05-04T13:06:00,21
00113264,Ocean Avenue,2025-05-04,2025-05-04T13:12:00,2025-05-04T13:15:00,15
00115521,Jump Street,2025-05-04,2025-05-04T13:15:00,2025-05-04T13:24:00,12
00311532,Fury Road,2025-05-04,2025-05-04T13:22:00,2025-05-04T13:22:00,0
00662113,Cloverfield Lane,2025-05-04,2025-05-04T13:41:00,2025-05-04T13:40:00,3
00113147,Bradshaw Street,2025-05-04,2025-05-04T14:03:00,2025-05-04T14:00:00,15
00261521,Elm Street,2025-05-04,2025-05-04T14:07:00,2025-05-04T14:09:00,25
00113264,Ocean Avenue,2025-05-04,2025-05-04T14:12:00,2025-05-04T14:16:00,2
00115521,Jump Street,2025-05-04,2025-05-04T14:15:00,2025-05-04T14:24:00,7
00311532,Fury Road,2025-05-04,2025-05-04T14:22:00,2025-05-04T14:22:00,8
00662113,Cloverfield Lane,2025-05-04,2025-05-04T14:41:00,2025-05-04T14:41:00,6
00113147,Bradshaw Street,2025-05-04,2025-05-04T15:03:00,2025-05-04T15:01:00,13
00261521,Elm Street,2025-05-04,2025-05-04T15:07:00,2025-05-04T15:08:00,11
00113264,Ocean Avenue,2025-05-04,2025-05-04T15:12:00,2025-05-04T15:19:00,11
00115521,Jump Street,2025-05-04,2025-05-04T15:15:00,2025-05-04T15:21:00,3
00311532,Fury Road,2025-05-04,2025-05-04T15:22:00,2025-05-04T15:32:00,14
00662113,Cloverfield Lane,2025-05-04,2025-05-04T15:41:00,2025-05-04T15:40:00,3
00113147,Bradshaw Street,2025-05-04,2025-05-04T16:03:00,2025-05-04T16:00:00,8
00261521,Elm Street,2025-05-04,2025-05-04T16:07:00,2025-05-04T16:07:00,17
00113264,Ocean Avenue,2025-05-04,2025-05-04T16:12:00,2025-05-04T16:14:00,36
00115521,Jump Street,2025-05-04,2025-05-04T16:15:00,2025-05-04T16:21:00,24
00311532,Fury Road,2025-05-04,2025-05-04T16:22:00,2025-05-04T16:30:00,8
00662113,Cloverfield Lane,2025-05-04,2025-05-04T16:41:00,2025-05-04T16:41:00,9
00113147,Bradshaw Street,2025-05-04,2025-05-04T17:03:00,2025-05-04T16:59:00,0
00261521,Elm Street,2025-05-04,2025-05-04T17:07:00,none,0
00113264,Ocean Avenue,2025-05-04,2025-05-04T17:12:00,2025-05-04T17:15:00,14
00115521,Jump Street,2025-05-04,2025-05-04T17:15:00,2025-05-04T17:23:00,15
00311532,Fury Road,2025-05-04,2025-05-04T17:22:00,2025-05-04T17:29:00,2
00662113,Cloverfield Lane,2025-05-04,2025-05-04T17:41:00,2025-05-04T17:38:00,5
00113147,Bradshaw Street,2025-05-04,2025-05-04T18:03:00,2025-05-04T18:02:00,2
00261521,Elm Street,2025-05-04,2025-05-04T18:07:00,2025-05-04T18:09:00,14
00113264,Ocean Avenue,2025-05-04,2025-05-04T18:12:00,2025-05-04T18:14:00,19
00115521,Jump Street,2025-05-04,2025-05-04T18:15:00,2025-05-04T18:22:00,13
00311532,Fury Road,2025-05-04,2025-05-04T18:22:00,2025-05-04T18:26:00,5
00662113,Cloverfield Lane,2025-05-04,2025-05-04T18:41:00,2025-05-04T18:37:00,3
00113147,Bradshaw Street,2025-05-04,2025-05-04T19:03:00,2025-05-04T19:00:00,10
00261521,Elm Street,2025-05-04,2025-05-04T19:07:00,2025-05-04T19:09:00,0
00113264,Ocean Avenue,2025-05-04,2025-05-04T19:12:00,2025-05-04T19:16:00,20
00115521,Jump Street,2025-05-04,2025-05-04T19:15:00,2025-05-04T19:22:00,14
00311532,Fury Road,2025-05-04,2025-05-04T19:22:00,2025-05-04T19:26:00,8
00662113,Cloverfield Lane,2025-05-04,2025-05-04T19:41:00,2025-05-04T19:43:00,8
00113147,Bradshaw Street,2025-05-04,2025-05-04T20:03:00,2025-05-04T19:58:00,8
00261521,Elm Street,2025-05-04,2025-05-04T20:07:00,2025-05-04T20:08:00,14
00113264,Ocean Avenue,2025-05-04,2025-05-04T20:12:00,2025-05-04T20:12:00,14
00115521,Jump Street,2025-05-04,2025-05-04T20:15:00,2025-05-04T20:21:00,17
00311532,Fury Road,2025-05-04,2025-05-04T20:22:00,2025-05-04T20:25:00,0
00662113,Cloverfield Lane,2025-05-04,2025-05-04T20:41:00,2025-05-04T20:38:00,3
00113147,Bradshaw Street,2025-05-04,2025-05-04T21:03:00,2025-05-04T21:05:00,13
00261521,Elm Street,2025-05-04,2025-05-04T21:07:00,2025-05-04T21:11:00,7
00113264,Ocean Avenue,2025-05-04,2025-05-04T21:12:00,2025-05-04T21:15:00,0
00115521,Jump Street,2025-05-04,2025-05-04T21:15:00,2025-05-04T21:24:00,11
00311532,Fury Road,2025-05-04,2025-05-04T21:22:00,none,0
00662113,Cloverfield Lane,2025-05-04,2025-05-04T21:41:00,2025-05-04T21:40:00,0
00113147,Bradshaw Street,2025-05-05,2025-05-05T06:03:00,2025-05-05T05:58:00,6
00261521,Elm Street,2025-05-05,2025-05-05T06:07:00,2025-05-05T06:07:00,8
00113264,Ocean Avenue,2025-05-05,2025-05-05T06:12:00,2025-05-05T06:12:00,1
00115521,Jump Street,2025-05-05,2025-05-05T06:15:00,2025-05-05T06:23:00,9
00311532,Fury Road,2025-05-05,2025-05-05T06:22:00,2025-05-05T06:27:00,5
00662113,Cloverfield Lane,2025-05-05,2025-05-05T06:41:00,2025-05-05T06:40:00,3
00113147,Bradshaw Street,2025-05-05,2025-05-05T07:03:00,2025-05-05T07:03:00,24
00261521,Elm Street,2025-05-05,2025-05-05T07:07:00,2025-05-05T07:10:00,59
00113264,Ocean Avenue,2025-05-05,2025-05-05T07:12:00,2025-05-05T07:13:00,39
00115521,Jump Street,2025-05-05,2025-05-05T07:15:00,2025-05-05T07:26:00,30
00311532,Fury Road,2025-05-05,2025-05-05T07:22:00,2025-05-05T07:25:00,9
00662113,Cloverfield Lane,2025-05-05,2025-05-05T07:41:00,2025-05-05T07:41:00,5
00113147,Bradshaw Street,2025-05-05,2025-05-05T08:03:00,2025-05-05T08:00:00,32
00261521,Elm Street,2025-05-05,2025-05-05T08:07:00,2025-05-05T08:07:00,60
00113264,Ocean Avenue,2025-05-05,2025-05-05T08:12:00,2025-05-05T08:16:00,46
00115521,Jump Street,2025-05-05,2025-05-05T08:15:00,2025-05-05T08:21:00,26
00311532,Fury Road,2025-05-05,2025-05-05T08:22:00,2025-05-05T08:28:00,8
00662113,Cloverfield Lane,2025-05-05,2025-05-05T08:41:00,2025-05-05T08:40:00,2
00113147,Bradshaw Street,2025-05-05,2025-05-05T09:03:00,2025-05-05T09:01:00,25
00261521,Elm Street,2025-05-05,2025-05-05T09:07:00,2025-05-05T09:04:00,58
00113264,Ocean Avenue,2025-05-05,2025-05-05T09:12:00,2025-05-05T09:14:00,55
00115521,Jump Street,2025-05-05,2025-05-05T09:15:00,2025-05-05T09:23:00,26
00311532,Fury Road,2025-05-05,2025-05-05T09:22:00,2025-05-05T09:32:00,6
00662113,Cloverfield Lane,2025-05-05,2025-05-05T09:41:00,2025-05-05T09:37:00,10
00113147,Bradshaw Street,2025-05-05,2025-05-05T10:03:00,2025-05-05T09:59:00,15
00261521,Elm Street,2025-05-05,2025-05-05T10:07:00,2025-05-05T10:08:00,18
00113264,Ocean Avenue,2025-05-05,2025-05-05T10:12:00,2025-05-05T10:13:00,21
00115521,Jump Street,2025-05-05,2025-05-05T10:15:00,2025-05-05T10:23:00,27
00311532,Fury Road,2025-05-05,2025-05-05T10:22:00,2025-05-05T10:25:00,9
00662113,Cloverfield Lane,2025-05-05,2025-05-05T10:41:00,2025-05-05T10:38:00,7
00113147,Bradshaw Street,2025-05-05,2025-05-05T11:03:00,2025-05-05T11:01:00,10
00261521,Elm Street,2025-05-05,2025-05-05T11:07:00,2025-05-05T11:09:00,29
00113264,Ocean Avenue,2025-05-05,2025-05-05T11:12:00,2025-05-05T11:14:00,19
00115521,Jump Street,2025-05-05,2025-05-05T11:15:00,2025-05-05T11:20:00,19
00311532,Fury Road,2025-05-05,2025-05-05T11:22:00,2025-05-05T11:30:00,14
00662113,Cloverfield Lane,2025-05-05,2025-05-05T11:41:00,2025-05-05T11:40:00,8
00113147,Bradshaw Street,2025-05-05,2025-05-05T12:03:00,2025-05-05T12:01:00,15
00261521,Elm Street,2025-05-05,2025-05-05T12:07:00,2025-05-05T12:10:00,34
00113264,Ocean Avenue,2025-05-05,2025-05-05T12:12:00,2025-05-05T12:17:00,25
00115521,Jump Street,2025-05-05,2025-05-05T12:15:00,2025-05-05T12:22:00,22
00311532,Fury Road,2025-05-05,2025-05-05T12:22:00,2025-05-05T12:30:00,7
00662113,Cloverfield Lane,2025-05-05,2025-05-05T12:41:00,2025-05-05T12:40:00,4
00113147,Bradshaw Street,2025-05-05,2025-05-05T13:03:00,2025-05-05T13:02:00,9
00261521,Elm Street,2025-05-05,2025-05-05T13:07:00,2025-05-05T13:10:00,40
00113264,Ocean Avenue,2025-05-05,2025-05-05T13:12:00,2025-05-05T13:15:00,12
00115521,Jump Street,2025-05-05,2025-05-05T13:15:00,2025-05-05T13:23:00,11
00311532,Fury Road,2025-05-05,2025-05-05T13:22:00,2025-05-05T13:24:00,10
00662113,Cloverfield Lane,2025-05-05,2025-05-05T13:41:00,2025-05-05T13:40:00,4
00113147,Bradshaw Street,2025-05-05,2025-05-05T14:03:00,2025-05-05T14:00:00,8
00261521,Elm Street,2025-05-05,2025-05-05T14:07:00,2025-05-05T14:09:00,26
00113264,Ocean Avenue,2025-05-05,2025-05-05T14:12:00,2025-05-05T14:15:00,14
00115521,Jump Street,2025-05-05,2025-05-05T14:15:00,2025-05-05T14:22:00,12
00311532,Fury Road,2025-05-05,2025-05-05T14:22:00,2025-05-05T14:27:00,11
00662113,Cloverfield Lane,2025-05-05,2025-05-05T14:41:00,2025-05-05T14:40:00,10
00113147,Bradshaw Street,2025-05-05,2025-05-05T15:03:00,2025-05-05T14:59:00,17
00261521,Elm Street,2025-05-05,2025-05-05T15:07:00,2025-05-05T15:09:00,22
00113264,Ocean Avenue,2025-05-05,2025-05-05T15:12:00,2025-05-05T15:14:00,36
00115521,Jump Street,2025-05-05,2025-05-05T15:15:00,2025-05-05T15:21:00,7
00311532,Fury Road,2025-05-05,2025-05-05T15:22:00,2025-05-05T15:31:00,11
00662113,Cloverfield Lane,2025-05-05,2025-05-05T15:41:00,2025-05-05T15:39:00,7
00113147,Bradshaw Street,2025-05-05,2025-05-05T16:03:00,2025-05-05T16:00:00,12
00261521,Elm Street,2025-05-05,2025-05-05T16:07:00,2025-05-05T16:05:00,26
00113264,Ocean Avenue,2025-05-05,2025-05-05T16:12:00,2025-05-05T16:13:00,38
00115521,Jump Street,2025-05-05,2025-05-05T16:15:00,2025-05-05T16:19:00,32
00311532,Fury Road,2025-05-05,2025-05-05T16:22:00,2025-05-05T16:26:00,11
00662113,Cloverfield Lane,2025-05-05,2025-05-05T16:41:00,2025-05-05T16:41:00,3
00113147,Bradshaw Street,2025-05-05,2025-05-05T17:03:00,2025-05-05T17:02:00,11
00261521,Elm Street,2025-05-05,2025-05-05T17:07:00,2025-05-05T17:07:00,32
00113264,Ocean Avenue,2025-05-05,2025-05-05T17:12:00,2025-05-05T17:17:00,18
00115521,Jump Street,2025-05-05,2025-05-05T17:15:00,2025-05-05T17:23:00,39
00311532,Fury Road,2025-05-05,2025-05-05T17:22:00,2025-05-05T17:21:00,13
00662113,Cloverfield Lane,2025-05-05,2025-05-05T17:41:00,2025-05-05T17:41:00,8
00113147,Bradshaw Street,2025-05-05,2025-05-05T18:03:00,2025-05-05T18:02:00,24
00261521,Elm Street,2025-05-05,2025-05-05T18:07:00,2025-05-05T18:10:00,51
00113264,Ocean Avenue,2025-05-05,2025-05-05T18:12:00,2025-05-05T18:13:00,29
00115521,Jump Street,2025-05-05,2025-05-05T18:15:00,2025-05-05T18:21:00,35
00311532,Fury Road,2025-05-05,2025-05-05T18:22:00,2025-05-05T18:30:00,17
00662113,Cloverfield Lane,2025-05-05,2025-05-05T18:41:00,2025-05-05T18:40:00,9
00113147,Bradshaw Street,2025-05-05,2025-05-05T19:03:00,2025-05-05T18:58:00,13
00261521,Elm Street,2025-05-05,2025-05-05T19:07:00,2025-05-05T19:11:00,25
00113264,Ocean Avenue,2025-05-05,2025-05-05T19:12:00,2025-05-05T19:15:00,14
00115521,Jump Street,2025-05-05,2025-05-05T19:15:00,2025-05-05T19:23:00,9
00311532,Fury Road,2025-05-05,2025-05-05T19:22:00,2025-05-05T19:29:00,5
00662113,Cloverfield Lane,2025-05-05,2025-05-05T19:41:00,2025-05-05T19:40:00,6
00113147,Bradshaw Street,2025-05-05,2025-05-05T20:03:00,2025-05-05T20:02:00,9
00261521,Elm Street,2025-05-05,2025-05-05T20:07:00,2025-05-05T20:07:00,23
00113264,Ocean Avenue,2025-05-05,2025-05-05T20:12:00,2025-05-05T20:13:00,20
00115521,Jump Street,2025-05-05,2025-05-05T20:15:00,2025-05-05T20:17:00,34
00311532,Fury Road,2025-05-05,2025-05-05T20:22:00,2025-05-05T20:25:00,12
00662113,Cloverfield Lane,2025-05-05,2025-05-05T20:41:00,2025-05-05T20:39:00,12
00113147,Bradshaw Street,2025-05-05,2025-05-05T21:03:00,2025-05-05T21:02:00,16
00261521,Elm Street,2025-05-05,2025-05-05T21:07:00,none,0
00113264,Ocean Avenue,2025-05-05,2025-05-05T21:12:00,2025-05-05T21:14:00,15
00115521,Jump Street,2025-05-05,2025-05-05T21:15:00,2025-05-05T21:22:00,18
00311532,Fury Road,2025-05-05,2025-05-05T21:22:00,2025-05-05T21:27:00,3
00662113,Cloverfield Lane,2025-05-05,2025-05-05T21:41:00,2025-05-05T21:39:00,9
00113147,Bradshaw Street,2025-05-06,2025-05-06T06:03:00,2025-05-06T06:01:00,16
00261521,Elm Street,2025-05-06,2025-05-06T06:07:00,2025-05-06T06:10:00,21
00113264,Ocean Avenue,2025-05-06,2025-05-06T06:12:00,2025-05-06T06:14:00,12
00115521,Jump Street,2025-05-06,2025-05-06T06:15:00,2025-05-06T06:19:00,20
00311532,Fury Road,2025-05-06,2025-05-06T06:22:00,2025-05-06T06:24:00,5
00662113,Cloverfield Lane,2025-05-06,2025-05-06T06:41:00,2025-05-06T06:43:00,11
00113147,Bradshaw Street,2025-05-06,2025-05-06T07:03:00,2025-05-06T07:01:00,30
00261521,Elm Street,2025-05-06,2025-05-06T07:07:00,2025-05-06T07:08:00,60
00113264,Ocean Avenue,2025-05-06,2025-05-06T07:12:00,2025-05-06T07:12:00,36
00115521,Jump Street,2025-05-06,2025-05-06T07:15:00,2025-05-06T07:20:00,20
00311532,Fury Road,2025-05-06,2025-05-06T07:22:00,2025-05-06T07:27:00,11
00662113,Cloverfield Lane,2025-05-06,2025-05-06T07:41:00,2025-05-06T07:39:00,6
00113147,Bradshaw Street,2025-05-06,2025-05-06T08:03:00,2025-05-06T08:00:00,30
00261521,Elm Street,2025-05-06,2025-05-06T08:07:00,2025-05-06T08:09:00,60
00113264,Ocean Avenue,2025-05-06,2025-05-06T08:12:00,2025-05-06T08:13:00,46
00115521,Jump Street,2025-05-06,2025-05-06T08:15:00,2025-05-06T08:22:00,26
00311532,Fury Road,2025-05-06,2025-05-06T08:22:00,2025-05-06T08:24:00,13
00662113,Cloverfield Lane,2025-05-06,2025-05-06T08:41:00,2025-05-06T08:38:00,2
00113147,Bradshaw Street,2025-05-06,2025-05-06T09:03:00,2025-05-06T09:02:00,25
00261521,Elm Street,2025-05-06,2025-05-06T09:07:00,2025-05-06T09:08:00,60
00113264,Ocean Avenue,2025-05-06,2025-05-06T09:12:00,2025-05-06T09:22:00,52
00115521,Jump Street,2025-05-06,2025-05-06T09:15:00,2025-05-06T09:18:00,17
00311532,Fury Road,2025-05-06,2025-05-06T09:22:00,2025-05-06T09:26:00,13
00662113,Cloverfield Lane,2025-05-06,2025-05-06T09:41:00,2025-05-06T09:38:00,8
00113147,Bradshaw Street,2025-05-06,2025-05-06T10:03:00,2025-05-06T10:03:00,8
00261521,Elm Street,2025-05-06,2025-05-06T10:07:00,2025-05-06T10:08:00,19
00113264,Ocean Avenue,2025-05-06,2025-05-06T10:12:00,2025-05-06T10:14:00,12
00115521,Jump Street,2025-05-06,2025-05-06T10:15:00,2025-05-06T10:22:00,12
00311532,Fury Road,2025-05-06,2025-05-06T10:22:00,2025-05-06T10:28:00,11
00662113,Cloverfield Lane,2025-05-06,2025-05-06T10:41:00,2025-05-06T10:41:00,8
00113147,Bradshaw Street,2025-05-06,2025-05-06T11:03:00,2025-05-06T10:59:00,7
00261521,Elm Street,2025-05-06,2025-05-06T11:07:00,2025-05-06T11:06:00,36
00113264,Ocean Avenue,2025-05-06,2025-05-06T11:12:00,2025-05-06T11:14:00,19
00115521,Jump Street,2025-05-06,2025-05-06T11:15:00,2025-05-06T11:23:00,16
00311532,Fury Road,2025-05-06,2025-05-06T11:22:00,2025-05-06T11:25:00,12
00662113,Cloverfield Lane,2025-05-06,2025-05-06T11:41:00,2025-05-06T11:42:00,11
00113147,Bradshaw Street,2025-05-06,2025-05-06T12:03:00,2025-05-06T12:02:00,15
00261521,Elm Street,2025-05-06,2025-05-06T12:07:00,2025-05-06T12:09:00,35
00113264,Ocean Avenue,2025-05-06,2025-05-06T12:12:00,2025-05-06T12:17:00,23
00115521,Jump Street,2025-05-06,2025-05-06T12:15:00,2025-05-06T12:20:00,23
00311532,Fury Road,2025-05-06,2025-05-06T12:22:00,2025-05-06T12:28:00,13
00662113,Cloverfield Lane,2025-05-06,2025-05-06T12:41:00,2025-05-06T12:40:00,5
00113147,Bradshaw Street,2025-05-06,2025-05-06T13:03:00,2025-05-06T13:00:00,15
00261521,Elm Street,2025-05-06,2025-05-06T13:07:00,2025-05-06T13:10:00,34
00113264,Ocean Avenue,2025-05-06,2025-05-06T13:12:00,2025-05-06T13:10:00,25
00115521,Jump Street,2025-05-06,2025-05-06T13:15:00,2025-05-06T13:22:00,21
00311532,Fury Road,2025-05-06,2025-05-06T13:22:00,2025-05-06T13:26:00,14
00662113,Cloverfield Lane,2025-05-06,2025-05-06T13:41:00,2025-05-06T13:39:00,7
00113147,Bradshaw Street,2025-05-06,2025-05-06T14:03:00,2025-05-06T14:01:00,24
00261521,Elm Street,2025-05-06,2025-05-06T14:07:00,2025-05-06T14:06:00,43
00113264,Ocean Avenue,2025-05-06,2025-05-06T14:12:00,2025-05-06T14:11:00,25
00115521,Jump Street,2025-05-06,2025-05-06T14:15:00,2025-05-06T14:18:00,35
00311532,Fury Road,2025-05-06,2025-05-06T14:22:00,2025-05-06T14:26:00,10
00662113,Cloverfield Lane,2025-05-06,2025-05-06T14:41:00,2025-05-06T14:40:00,4
00113147,Bradshaw Street,2025-05-06,2025-05-06T15:03:00,2025-05-06T15:00:00,17
00261521,Elm Street,2025-05-06,2025-05-06T15:07:00,2025-05-06T15:10:00,43
00113264,Ocean Avenue,2025-05-06,2025-05-06T15:12:00,2025-05-06T15:17:00,19
00115521,Jump Street,2025-05-06,2025-05-06T15:15:00,2025-05-06T15:20:00,18
00311532,Fury Road,2025-05-06,2025-05-06T15:22:00,2025-05-06T15:29:00,9
00662113,Cloverfield Lane,2025-05-06,2025-05-06T15:41:00,2025-05-06T15:41:00,5
00113147,Bradshaw Street,2025-05-06,2025-05-06T16:03:00,2025-05-06T15:59:00,13
00261521,Elm Street,2025-05-06,2025-05-06T16:07:00,2025-05-06T16:09:00,41
00113264,Ocean Avenue,2025-05-06,2025-05-06T16:12:00,2025-05-06T16:19:00,28
00115521,Jump Street,2025-05-06,2025-05-06T16:15:00,2025-05-06T16:24:00,33
00311532,Fury Road,2025-05-06,2025-05-06T16:22:00,2025-05-06T16:27:00,10
00662113,Cloverfield Lane,2025-05-06,2025-05-06T16:41:00,2025-05-06T16:38:00,4
00113147,Bradshaw Street,2025-05-06,2025-05-06T17:03:00,2025-05-06T16:59:00,14
00261521,Elm Street,2025-05-06,2025-05-06T17:07:00,2025-05-06T17:08:00,42
00113264,Ocean Avenue,2025-05-06,2025-05-06T17:12:00,2025-05-06T17:09:00,34
00115521,Jump Street,2025-05-06,2025-05-06T17:15:00,2025-05-06T17:22:00,46
00311532,Fury Road,2025-05-06,2025-05-06T17:22:00,2025-05-06T17:30:00,13
00662113,Cloverfield Lane,2025-05-06,2025-05-06T17:41:00,2025-05-06T17:41:00,8
00113147,Bradshaw Street,2025-05-06,2025-05-06T18:03:00,2025-05-06T17:59:00,23
00261521,Elm Street,2025-05-06,2025-05-06T18:07:00,2025-05-06T18:07:00,41
00113264,Ocean Avenue,2025-05-06,2025-05-06T18:12:00,2025-05-06T18:14:00,30
00115521,Jump Street,2025-05-06,2025-05-06T18:15:00,2025-05-06T18:19:00,30
00311532,Fury Road,2025-05-06,2025-05-06T18:22:00,2025-05-06T18:26:00,16
00662113,Cloverfield Lane,2025-05-06,2025-05-06T18:41:00,2025-05-06T18:41:00,4
00113147,Bradshaw Street,2025-05-06,2025-05-06T19:03:00,2025-05-06T19:02:00,17
00261521,Elm Street,2025-05-06,2025-05-06T19:07:00,2025-05-06T19:09:00,28
00113264,Ocean Avenue,2025-05-06,2025-05-06T19:12:00,2025-05-06T19:11:00,17
00115521,Jump Street,2025-05-06,2025-05-06T19:15:00,2025-05-06T19:23:00,14
00311532,Fury Road,2025-05-06,2025-05-06T19:22:00,2025-05-06T19:26:00,9
00662113,Cloverfield Lane,2025-05-06,2025-05-06T19:41:00,2025-05-06T19:40:00,5
00113147,Bradshaw Street,2025-05-06,2025-05-06T20:03:00,2025-05-06T20:00:00,9
00261521,Elm Street,2025-05-06,2025-05-06T20:07:00,2025-05-06T20:10:00,24
00113264,Ocean Avenue,2025-05-06,2025-05-06T20:12:00,2025-05-06T20:12:00,15
00115521,Jump Street,2025-05-06,2025-05-06T20:15:00,2025-05-06T20:19:00,14
00311532,Fury Road,2025-05-06,2025-05-06T20:22:00,2025-05-06T20:21:00,6
00662113,Cloverfield Lane,2025-05-06,2025-05-06T20:41:00,2025-05-06T20:37:00,1
00113147,Bradshaw Street,2025-05-06,2025-05-06T21:03:00,2025-05-06T21:01:00,11
00261521,Elm Street,2025-05-06,2025-05-06T21:07:00,2025-05-06T21:06:00,41
00113264,Ocean Avenue,2025-05-06,2025-05-06T21:12:00,2025-05-06T21:16:00,14
00115521,Jump Street,2025-05-06,2025-05-06T21:15:00,2025-05-06T21:22:00,25
00311532,Fury Road,2025-05-06,2025-05-06T21:22:00,2025-05-06T21:23:00,1
00662113,Cloverfield Lane,2025-05-06,2025-05-06T21:41:00,2025-05-06T21:39:00,4
00113147,Bradshaw Street,2025-05-07,2025-05-07T06:03:00,2025-05-07T05:59:00,8
00261521,Elm Street,2025-05-07,2025-05-07T06:07:00,2025-05-07T06:08:00,35
00113264,Ocean Avenue,2025-05-07,2025-05-07T06:12:00,2025-05-07T06:13:00,18
00115521,Jump Street,2025-05-07,2025-05-07T06:15:00,2025-05-07T06:20:00,15
00311532,Fury Road,2025-05-07,2025-05-07T06:22:00,2025-05-07T06:27:00,3
00662113,Cloverfield Lane,2025-05-07,2025-05-07T06:41:00,2025-05-07T06:41:00,4
00113147,Bradshaw Street,2025-05-07,2025-05-07T07:03:00,2025-05-07T06:59:00,24
00261521,Elm Street,2025-05-07,2025-05-07T07:07:00,2025-05-07T07:07:00,60
00113264,Ocean Avenue,2025-05-07,2025-05-07T07:12:00,2025-05-07T07:15:00,33
00115521,Jump Street,2025-05-07,2025-05-07T07:15:00,2025-05-07T07:20:00,26
00311532,Fury Road,2025-05-07,2025-05-07T07:22:00,2025-05-07T07:30:00,17
00662113,Cloverfield Lane,2025-05-07,2025-05-07T07:41:00,2025-05-07T07:39:00,3
00113147,Bradshaw Street,2025-05-07,2025-05-07T08:03:00,2025-05-07T07:59:00,12
00261521,Elm Street,2025-05-07,2025-05-07T08:07:00,2025-05-07T08:09:00,39
00113264,Ocean Avenue,2025-05-07,2025-05-07T08:12:00,2025-05-07T08:11:00,31
00115521,Jump Street,2025-05-07,2025-05-07T08:15:00,2025-05-07T08:20:00,25
00311532,Fury Road,2025-05-07,2025-05-07T08:22:00,2025-05-07T08:26:00,13
00662113,Cloverfield Lane,2025-05-07,2025-05-07T08:41:00,2025-05-07T08:42:00,15
00113147,Bradshaw Street,2025-05-07,2025-05-07T09:03:00,2025-05-07T09:00:00,28
00261521,Elm Street,2025-05-07,2025-05-07T09:07:00,2025-05-07T09:07:00,48
00113264,Ocean Avenue,2025-05-07,2025-05-07T09:12:00,2025-05-07T09:16:00,45
00115521,Jump Street,2025-05-07,2025-05-07T09:15:00,2025-05-07T09:22:00,23
00311532,Fury Road,2025-05-07,2025-05-07T09:22:00,2025-05-07T09:24:00,8
00662113,Cloverfield Lane,2025-05-07,2025-05-07T09:41:00,2025-05-07T09:40:00,11
00113147,Bradshaw Street,2025-05-07,2025-05-07T10:03:00,2025-05-07T09:57:00,14
00261521,Elm Street,2025-05-07,2025-05-07T10:07:00,2025-05-07T10:11:00,7
00113264,Ocean Avenue,2025-05-07,2025-05-07T10:12:00,2025-05-07T10:10:00,34
00115521,Jump Street,2025-05-07,2025-05-07T10:15:00,2025-05-07T10:24:00,15
00311532,Fury Road,2025-05-07,2025-05-07T10:22:00,2025-05-07T10:28:00,16
00662113,Cloverfield Lane,2025-05-07,2025-05-07T10:41:00,2025-05-07T10:40:00,12
00113147,Bradshaw Street,2025-05-07,2025-05-07T11:03:00,2025-05-07T11:00:00,12
00261521,Elm Street,2025-05-07,2025-05-07T11:07:00,2025-05-07T11:12:00,45
00113264,Ocean Avenue,2025-05-07,2025-05-07T11:12:00,2025-05-07T11:13:00,18
00115521,Jump Street,2025-05-07,2025-05-07T11:15:00,2025-05-07T11:23:00,17
00311532,Fury Road,2025-05-07,2025-05-07T11:22:00,2025-05-07T11:26:00,10
00662113,Cloverfield Lane,2025-05-07,2025-05-07T11:41:00,2025-05-07T11:41:00,12
00113147,Bradshaw Street,2025-05-07,2025-05-07T12:03:00,2025-05-07T11:59:00,15
00261521,Elm Street,2025-05-07,2025-05-07T12:07:00,2025-05-07T12:09:00,6
00113264,Ocean Avenue,2025-05-07,2025-05-07T12:12:00,2025-05-07T12:13:00,20
00115521,Jump Street,2025-05-07,2025-05-07T12:15:00,2025-05-07T12:23:00,9
00311532,Fury Road,2025-05-07,2025-05-07T12:22:00,2025-05-07T12:28:00,5
00662113,Cloverfield Lane,2025-05-07,2025-05-07T12:41:00,2025-05-07T12:40:00,6
00113147,Bradshaw Street,2025-05-07,2025-05-07T13:03:00,2025-05-07T12:57:00,14
00261521,Elm Street,2025-05-07,2025-05-07T13:07:00,2025-05-07T13:08:00,43
00113264,Ocean Avenue,2025-05-07,2025-05-07T13:12:00,2025-05-07T13:15:00,1
00115521,Jump Street,2025-05-07,2025-05-07T13:15:00,2025-05-07T13:20:00,21
00311532,Fury Road,2025-05-07,2025-05-07T13:22:00,2025-05-07T13:29:00,10
00662113,Cloverfield Lane,2025-05-07,2025-05-07T13:41:00,2025-05-07T13:41:00,8
00113147,Bradshaw Street,2025-05-07,2025-05-07T14:03:00,2025-05-07T13:59:00,16
00261521,Elm Street,2025-05-07,2025-05-07T14:07:00,2025-05-07T14:10:00,34
00113264,Ocean Avenue,2025-05-07,2025-05-07T14:12:00,2025-05-07T14:11:00,21
00115521,Jump Street,2025-05-07,2025-05-07T14:15:00,2025-05-07T14:23:00,3
00311532,Fury Road,2025-05-07,2025-05-07T14:22:00,2025-05-07T14:28:00,4
00662113,Cloverfield Lane,2025-05-07,2025-05-07T14:41:00,2025-05-07T14:42:00,5
00113147,Bradshaw Street,2025-05-07,2025-05-07T15:03:00,2025-05-07T15:00:00,20
00261521,Elm Street,2025-05-07,2025-05-07T15:07:00,2025-05-07T15:10:00,26
00113264,Ocean Avenue,2025-05-07,2025-05-07T15:12:00,2025-05-07T15:14:00,22
00115521,Jump Street,2025-05-07,2025-05-07T15:15:00,2025-05-07T15:23:00,27
00311532,Fury Road,2025-05-07,2025-05-07T15:22:00,2025-05-07T15:23:00,10
00662113,Cloverfield Lane,2025-05-07,2025-05-07T15:41:00,2025-05-07T15:41:00,7
00113147,Bradshaw Street,2025-05-07,2025-05-07T16:03:00,2025-05-07T15:59:00,26
00261521,Elm Street,2025-05-07,2025-05-07T16:07:00,2025-05-07T16:10:00,49
00113264,Ocean Avenue,2025-05-07,2025-05-07T16:12:00,2025-05-07T16:14:00,39
00115521,Jump Street,2025-05-07,2025-05-07T16:15:00,2025-05-07T16:20:00,40
00311532,Fury Road,2025-05-07,2025-05-07T16:22:00,2025-05-07T16:25:00,19
00662113,Cloverfield Lane,2025-05-07,2025-05-07T16:41:00,2025-05-07T16:38:00,3
00113147,Bradshaw Street,2025-05-07,2025-05-07T17:03:00,2025-05-07T17:00:00,9
00261521,Elm Street,2025-05-07,2025-05-07T17:07:00,2025-05-07T17:07:00,43
00113264,Ocean Avenue,2025-05-07,2025-05-07T17:12:00,2025-05-07T17:14:00,43
00115521,Jump Street,2025-05-07,2025-05-07T17:15:00,2025-05-07T17:23:00,22
00311532,Fury Road,2025-05-07,2025-05-07T17:22:00,2025-05-07T17:29:00,7
00662113,Cloverfield Lane,2025-05-07,2025-05-07T17:41:00,2025-05-07T17:39:00,7
00113147,Bradshaw Street,2025-05-07,2025-05-07T18:03:00,2025-05-07T17:58:00,10
00261521,Elm Street,2025-05-07,2025-05-07T18:07:00,2025-05-07T18:08:00,38
00113264,Ocean Avenue,2025-05-07,2025-05-07T18:12:00,2025-05-07T18:14:00,26
00115521,Jump Street,2025-05-07,2025-05-07T18:15:00,2025-05-07T18:25:00,49
00311532,Fury Road,2025-05-07,2025-05-07T18:22:00,2025-05-07T18:27:00,15
00662113,Cloverfield Lane,2025-05-07,2025-05-07T18:41:00,2025-05-07T18:41:00,8
00113147,Bradshaw Street,2025-05-07,2025-05-07T19:03:00,2025-05-07T19:02:00,13
00261521,Elm Street,2025-05-07,2025-05-07T19:07:00,none,0
00113264,Ocean Avenue,2025-05-07,2025-05-07T19:12:00,2025-05-07T19:15:00,21
00115521,Jump Street,2025-05-07,2025-05-07T19:15:00,2025-05-07T19:21:00,8
00311532,Fury Road,2025-05-07,2025-05-07T19:22:00,2025-05-07T19:28:00,5
00662113,Cloverfield Lane,2025-05-07,2025-05-07T19:41:00,2025-05-07T19:38:00,8
00113147,Bradshaw Street,2025-05-07,2025-05-07T20:03:00,2025-05-07T20:00:00,7
00261521,Elm Street,2025-05-07,2025-05-07T20:07:00,2025-05-07T20:12:00,17
00113264,Ocean Avenue,2025-05-07,2025-05-07T20:12:00,2025-05-07T20:15:00,9
00115521,Jump Street,2025-05-07,2025-05-07T20:15:00,2025-05-07T20:20:00,21
00311532,Fury Road,2025-05-07,2025-05-07T20:22:00,2025-05-07T20:23:00,7
00662113,Cloverfield Lane,2025-05-07,2025-05-07T20:41:00,2025-05-07T20:39:00,1
00113147,Bradshaw Street,2025-05-07,2025-05-07T21:03:00,2025-05-07T20:59:00,6
00261521,Elm Street,2025-05-07,2025-05-07T21:07:00,2025-05-07T21:09:00,10
00113264,Ocean Avenue,2025-05-07,2025-05-07T21:12:00,2025-05-07T21:15:00,35
00115521,Jump Street,2025-05-07,2025-05-07T21:15:00,2025-05-07T21:20:00,0
00311532,Fury Road,2025-05-07,2025-05-07T21:22:00,2025-05-07T21:27:00,3
00662113,Cloverfield Lane,2025-05-07,2025-05-07T21:41:00,2025-05-07T21:39:00,6
00113147,Bradshaw Street,2025-05-08,2025-05-08T06:03:00,2025-05-08T06:02:00,15
00261521,Elm Street,2025-05-08,2025-05-08T06:07:00,2025-05-08T06:09:00,7
00113264,Ocean Avenue,2025-05-08,2025-05-08T06:12:00,2025-05-08T06:16:00,13
00115521,Jump Street,2025-05-08,2025-05-08T06:15:00,2025-05-08T06:25:00,0
00311532,Fury Road,2025-05-08,2025-05-08T06:22:00,2025-05-08T06:25:00,2
00662113,Cloverfield Lane,2025-05-08,2025-05-08T06:41:00,2025-05-08T06:40:00,5
00113147,Bradshaw Street,2025-05-08,2025-05-08T07:03:00,2025-05-08T06:59:00,24
00261521,Elm Street,2025-05-08,2025-05-08T07:07:00,2025-05-08T07:07:00,60
00113264,Ocean Avenue,2025-05-08,2025-05-08T07:12:00,2025-05-08T07:14:00,50
00115521,Jump Street,2025-05-08,2025-05-08T07:15:00,2025-05-08T07:22:00,21
00311532,Fury Road,2025-05-08,2025-05-08T07:22:00,2025-05-08T07:27:00,16
00662113,Cloverfield Lane,2025-05-08,2025-05-08T07:41:00,2025-05-08T07:41:00,1
00113147,Bradshaw Street,2025-05-08,2025-05-08T08:03:00,2025-05-08T08:00:00,22
00261521,Elm Street,2025-05-08,2025-05-08T08:07:00,2025-05-08T08:06:00,60
00113264,Ocean Avenue,2025-05-08,2025-05-08T08:12:00,2025-05-08T08:17:00,39
00115521,Jump Street,2025-05-08,2025-05-08T08:15:00,2025-05-08T08:19:00,14
00311532,Fury Road,2025-05-08,2025-05-08T08:22:00,2025-05-08T08:28:00,10
00662113,Cloverfield Lane,2025-05-08,2025-05-08T08:41:00,2025-05-08T08:38:00,10
00113147,Bradshaw Street,2025-05-08,2025-05-08T09:03:00,2025-05-08T09:02:00,20
00261521,Elm Street,2025-05-08,2025-05-08T09:07:00,2025-05-08T09:11:00,51
00113264,Ocean Avenue,2025-05-08,2025-05-08T09:12:00,2025-05-08T09:16:00,42
00115521,Jump Street,2025-05-08,2025-05-08T09:15:00,2025-05-08T09:21:00,23
00311532,Fury Road,2025-05-08,2025-05-08T09:22:00,2025-05-08T09:24:00,14
00662113,Cloverfield Lane,2025-05-08,2025-05-08T09:41:00,2025-05-08T09:40:00,3
00113147,Bradshaw Street,2025-05-08,2025-05-08T10:03:00,2025-05-08T10:01:00,21
00261521,Elm Street,2025-05-08,2025-05-08T10:07:00,2025-05-08T10:08:00,29
00113264,Ocean Avenue,2025-05-08,2025-05-08T10:12:00,2025-05-08T10:12:00,33
00115521,Jump Street,2025-05-08,2025-05-08T10:15:00,2025-05-08T10:23:00,8
00311532,Fury Road,2025-05-08,2025-05-08T10:22:00,2025-05-08T10:25:00,5
00662113,Cloverfield Lane,2025-05-08,2025-05-08T10:41:00,2025-05-08T10:39:00,7
00113147,Bradshaw Street,2025-05-08,2025-05-08T11:03:00,2025-05-08T11:01:00,22
00261521,Elm Street,2025-05-08,2025-05-08T11:07:00,2025-05-08T11:08:00,15
00113264,Ocean Avenue,2025-05-08,2025-05-08T11:12:00,2025-05-08T11:18:00,24
00115521,Jump Street,2025-05-08,2025-05-08T11:15:00,2025-05-08T11:23:00,11
00311532,Fury Road,2025-05-08,2025-05-08T11:22:00,2025-05-08T11:25:00,0
00662113,Cloverfield Lane,2025-05-08,2025-05-08T11:41:00,2025-05-08T11:40:00,11
00113147,Bradshaw Street,2025-05-08,2025-05-08T12:03:00,2025-05-08T12:00:00,10
00261521,Elm Street,2025-05-08,2025-05-08T12:07:00,2025-05-08T12:09:00,26
00113264,Ocean Avenue,2025-05-08,2025-05-08T12:12:00,2025-05-08T12:15:00,16
00115521,Jump Street,2025-05-08,2025-05-08T12:15:00,2025-05-08T12:17:00,12
00311532,Fury Road,2025-05-08,2025-05-08T12:22:00,2025-05-08T12:25:00,9
00662113,Cloverfield Lane,2025-05-08,2025-05-08T12:41:00,2025-05-08T12:40:00,12
00113147,Bradshaw Street,2025-05-08,2025-05-08T13:03:00,2025-05-08T13:02:00,14
00261521,Elm Street,2025-05-08,2025-05-08T13:07:00,none,0
00113264,Ocean Avenue,2025-05-08,2025-05-08T13:12:00,2025-05-08T13:13:00,21
00115521,Jump Street,2025-05-08,2025-05-08T13:15:00,2025-05-08T13:20:00,24
00311532,Fury Road,2025-05-08,2025-05-08T13:22:00,2025-05-08T13:31:00,9
00662113,Cloverfield Lane,2025-05-08,2025-05-08T13:41:00,2025-05-08T13:39:00,8
00113147,Bradshaw Street,2025-05-08,2025-05-08T14:03:00,2025-05-08T14:00:00,14
00261521,Elm Street,2025-05-08,2025-05-08T14:07:00,2025-05-08T14:05:00,27
00113264,Ocean Avenue,2025-05-08,2025-05-08T14:12:00,2025-05-08T14:18:00,23
00115521,Jump Street,2025-05-08,2025-05-08T14:15:00,2025-05-08T14:26:00,27
00311532,Fury Road,2025-05-08,2025-05-08T14:22:00,2025-05-08T14:28:00,10
00662113,Cloverfield Lane,2025-05-08,2025-05-08T14:41:00,2025-05-08T14:41:00,5
00113147,Bradshaw Street,2025-05-08,2025-05-08T15:03:00,2025-05-08T15:02:00,28
00261521,Elm Street,2025-05-08,2025-05-08T15:07:00,2025-05-08T15:07:00,25
00113264,Ocean Avenue,2025-05-08,2025-05-08T15:12:00,2025-05-08T15:13:00,0
00115521,Jump Street,2025-05-08,2025-05-08T15:15:00,2025-05-08T15:23:00,0
00311532,Fury Road,2025-05-08,2025-05-08T15:22:00,2025-05-08T15:25:00,14
00662113,Cloverfield Lane,2025-05-08,2025-05-08T15:41:00,2025-05-08T15:40:00,1
00113147,Bradshaw Street,2025-05-08,2025-05-08T16:03:00,2025-05-08T16:00:00,25
00261521,Elm Street,2025-05-08,2025-05-08T16:07:00,2025-05-08T16:09:00,52
00113264,Ocean Avenue,2025-05-08,2025-05-08T16:12:00,2025-05-08T16:13:00,26
00115521,Jump Street,2025-05-08,2025-05-08T16:15:00,2025-05-08T16:26:00,16
00311532,Fury Road,2025-05-08,2025-05-08T16:22:00,2025-05-08T16:26:00,15
00662113,Cloverfield Lane,2025-05-08,2025-05-08T16:41:00,2025-05-08T16:39:00,7
00113147,Bradshaw Street,2025-05-08,2025-05-08T17:03:00,2025-05-08T17:00:00,13
00261521,Elm Street,2025-05-08,2025-05-08T17:07:00,2025-05-08T17:08:00,39
00113264,Ocean Avenue,2025-05-08,2025-05-08T17:12:00,2025-05-08T17:14:00,33
00115521,Jump Street,2025-05-08,2025-05-08T17:15:00,2025-05-08T17:24:00,35
00311532,Fury Road,2025-05-08,2025-05-08T17:22:00,2025-05-08T17:20:00,13
00662113,Cloverfield Lane,2025-05-08,2025-05-08T17:41:00,2025-05-08T17:41:00,7
00113147,Bradshaw Street,2025-05-08,2025-05-08T18:03:00,2025-05-08T17:59:00,16
00261521,Elm Street,2025-05-08,2025-05-08T18:07:00,2025-05-08T18:09:00,56
00113264,Ocean Avenue,2025-05-08,2025-05-08T18:12:00,2025-05-08T18:14:00,25
00115521,Jump Street,2025-05-08,2025-05-08T18:15:00,2025-05-08T18:22:00,34
00311532,Fury Road,2025-05-08,2025-05-08T18:22:00,2025-05-08T18:21:00,11
00662113,Cloverfield Lane,2025-05-08,2025-05-08T18:41:00,2025-05-08T18:39:00,6
00113147,Bradshaw Street,2025-05-08,2025-05-08T19:03:00,2025-05-08T19:00:00,12
00261521,Elm Street,2025-05-08,2025-05-08T19:07:00,2025-05-08T19:11:00,25
00113264,Ocean Avenue,2025-05-08,2025-05-08T19:12:00,2025-05-08T19:14:00,14
00115521,Jump Street,2025-05-08,2025-05-08T19:15:00,2025-05-08T19:20:00,11
00311532,Fury Road,2025-05-08,2025-05-08T19:22:00,2025-05-08T19:29:00,9
00662113,Cloverfield Lane,2025-05-08,2025-05-08T19:41:00,2025-05-08T19:38:00,9
00113147,Bradshaw Street,2025-05-08,2025-05-08T20:03:00,2025-05-08T19:59:00,12
00261521,Elm Street,2025-05-08,2025-05-08T20:07:00,2025-05-08T20:09:00,44
00113264,Ocean Avenue,2025-05-08,2025-05-08T20:12:00,2025-05-08T20:16:00,11
00115521,Jump Street,2025-05-08,2025-05-08T20:15:00,2025-05-08T20:19:00,22
00311532,Fury Road,2025-05-08,2025-05-08T20:22:00,2025-05-08T20:29:00,5
00662113,Cloverfield Lane,2025-05-08,2025-05-08T20:41:00,2025-05-08T20:39:00,8
00113147,Bradshaw Street,2025-05-08,2025-05-08T21:03:00,2025-05-08T21:03:00,10
00261521,Elm Street,2025-05-08,2025-05-08T21:07:00,2025-05-08T21:11:00,18
00113264,Ocean Avenue,2025-05-08,2025-05-08T21:12:00,2025-05-08T21:15:00,22
00115521,Jump Street,2025-05-08,2025-05-08T21:15:00,2025-05-08T21:25:00,3
00311532,Fury Road,2025-05-08,2025-05-08T21:22:00,2025-05-08T21:25:00,0
00662113,Cloverfield Lane,2025-05-08,2025-05-08T21:41:00,2025-05-08T21:40:00,4
00113147,Bradshaw Street,2025-05-09,2025-05-09T06:03:00,2025-05-09T05:58:00,10
00261521,Elm Street,2025-05-09,2025-05-09T06:07:00,2025-05-09T06:05:00,40
00113264,Ocean Avenue,2025-05-09,2025-05-09T06:12:00,2025-05-09T06:14:00,8
00115521,Jump Street,2025-05-09,2025-05-09T06:15:00,2025-05-09T06:20:00,6
00311532,Fury Road,2025-05-09,2025-05-09T06:22:00,2025-05-09T06:26:00,4
00662113,Cloverfield Lane,2025-05-09,2025-05-09T06:41:00,2025-05-09T06:41:00,4
00113147,Bradshaw Street,2025-05-09,2025-05-09T07:03:00,2025-05-09T07:00:00,21
00261521,Elm Street,2025-05-09,2025-05-09T07:07:00,2025-05-09T07:03:00,47
00113264,Ocean Avenue,2025-05-09,2025-05-09T07:12:00,2025-05-09T07:12:00,29
00115521,Jump Street,2025-05-09,2025-05-09T07:15:00,2025-05-09T07:19:00,27
00311532,Fury Road,2025-05-09,2025-05-09T07:22:00,2025-05-09T07:32:00,11
00662113,Cloverfield Lane,2025-05-09,2025-05-09T07:41:00,2025-05-09T07:40:00,8
00113147,Bradshaw Street,2025-05-09,2025-05-09T08:03:00,2025-05-09T08:00:00,23
00261521,Elm Street,2025-05-09,2025-05-09T08:07:00,2025-05-09T08:10:00,60
00113264,Ocean Avenue,2025-05-09,2025-05-09T08:12:00,2025-05-09T08:18:00,21
00115521,Jump Street,2025-05-09,2025-05-09T08:15:00,2025-05-09T08:23:00,24
00311532,Fury Road,2025-05-09,2025-05-09T08:22:00,2025-05-09T08:30:00,9
00662113,Cloverfield Lane,2025-05-09,2025-05-09T08:41:00,2025-05-09T08:40:00,3
00113147,Bradshaw Street,2025-05-09,2025-05-09T09:03:00,2025-05-09T09:03:00,28
00261521,Elm Street,2025-05-09,2025-05-09T09:07:00,2025-05-09T09:10:00,47
00113264,Ocean Avenue,2025-05-09,2025-05-09T09:12:00,2025-05-09T09:13:00,35
00115521,Jump Street,2025-05-09,2025-05-09T09:15:00,2025-05-09T09:22:00,22
00311532,Fury Road,2025-05-09,2025-05-09T09:22:00,2025-05-09T09:27:00,10
00662113,Cloverfield Lane,2025-05-09,2025-05-09T09:41:00,2025-05-09T09:39:00,6
00113147,Bradshaw Street,2025-05-09,2025-05-09T10:03:00,2025-05-09T09:58:00,15
00261521,Elm Street,2025-05-09,2025-05-09T10:07:00,2025-05-09T10:06:00,31
00113264,Ocean Avenue,2025-05-09,2025-05-09T10:12:00,2025-05-09T10:13:00,28
00115521,Jump Street,2025-05-09,2025-05-09T10:15:00,2025-05-09T10:19:00,22
00311532,Fury Road,2025-05-09,2025-05-09T10:22:00,2025-05-09T10:33:00,4
00662113,Cloverfield Lane,2025-05-09,2025-05-09T10:41:00,2025-05-09T10:40:00,9
00113147,Bradshaw Street,2025-05-09,2025-05-09T11:03:00,2025-05-09T11:00:00,17
00261521,Elm Street,2025-05-09,2025-05-09T11:07:00,2025-05-09T11:08:00,28
00113264,Ocean Avenue,2025-05-09,2025-05-09T11:12:00,2025-05-09T11:16:00,10
00115521,Jump Street,2025-05-09,2025-05-09T11:15:00,2025-05-09T11:21:00,18
00311532,Fury Road,2025-05-09,2025-05-09T11:22:00,2025-05-09T11:27:00,5
00662113,Cloverfield Lane,2025-05-09,2025-05-09T11:41:00,2025-05-09T11:39:00,10
00113147,Bradshaw Street,2025-05-09,2025-05-09T12:03:00,2025-05-09T12:00:00,12
00261521,Elm Street,2025-05-09,2025-05-09T12:07:00,2025-05-09T12:08:00,20
00113264,Ocean Avenue,2025-05-09,2025-05-09T12:12:00,2025-05-09T12:13:00,29
00115521,Jump Street,2025-05-09,2025-05-09T12:15:00,2025-05-09T12:24:00,15
00311532,Fury Road,2025-05-09,2025-05-09T12:22:00,2025-05-09T12:23:00,7
00662113,Cloverfield Lane,2025-05-09,2025-05-09T12:41:00,2025-05-09T12:41:00,9
00113147,Bradshaw Street,2025-05-09,2025-05-09T13:03:00,2025-05-09T12:58:00,3
00261521,Elm Street,2025-05-09,2025-05-09T13:07:00,2025-05-09T13:07:00,37
00113264,Ocean Avenue,2025-05-09,2025-05-09T13:12:00,2025-05-09T13:11:00,21
00115521,Jump Street,2025-05-09,2025-05-09T13:15:00,2025-05-09T13:18:00,9
00311532,Fury Road,2025-05-09,2025-05-09T13:22:00,none,0
00662113,Cloverfield Lane,2025-05-09,2025-05-09T13:41:00,2025-05-09T13:39:00,9
00113147,Bradshaw Street,2025-05-09,2025-05-09T14:03:00,2025-05-09T14:01:00,12
00261521,Elm Street,2025-05-09,2025-05-09T14:07:00,2025-05-09T14:08:00,38
00113264,Ocean Avenue,2025-05-09,2025-05-09T14:12:00,2025-05-09T14:16:00,30
00115521,Jump Street,2025-05-09,2025-05-09T14:15:00,2025-05-09T14:22:00,11
00311532,Fury Road,2025-05-09,2025-05-09T14:22:00,2025-05-09T14:26:00,7
00662113,Cloverfield Lane,2025-05-09,2025-05-09T14:41:00,2025-05-09T14:39:00,7
00113147,Bradshaw Street,2025-05-09,2025-05-09T15:03:00,2025-05-09T15:00:00,11
00261521,Elm Street,2025-05-09,2025-05-09T15:07:00,2025-05-09T15:10:00,29
00113264,Ocean Avenue,2025-05-09,2025-05-09T15:12:00,2025-05-09T15:15:00,15
00115521,Jump Street,2025-05-09,2025-05-09T15:15:00,2025-05-09T15:24:00,9
00311532,Fury Road,2025-05-09,2025-05-09T15:22:00,2025-05-09T15:27:00,10
00662113,Cloverfield Lane,2025-05-09,2025-05-09T15:41:00,2025-05-09T15:43:00,6
00113147,Bradshaw Street,2025-05-09,2025-05-09T16:03:00,2025-05-09T16:02:00,25
00261521,Elm Street,2025-05-09,2025-05-09T16:07:00,2025-05-09T16:09:00,41
00113264,Ocean Avenue,2025-05-09,2025-05-09T16:12:00,2025-05-09T16:11:00,24
00115521,Jump Street,2025-05-09,2025-05-09T16:15:00,2025-05-09T16:23:00,35
00311532,Fury Road,2025-05-09,2025-05-09T16:22:00,2025-05-09T16:26:00,9
00662113,Cloverfield Lane,2025-05-09,2025-05-09T16:41:00,2025-05-09T16:40:00,5
00113147,Bradshaw Street,2025-05-09,2025-05-09T17:03:00,2025-05-09T16:58:00,14
00261521,Elm Street,2025-05-09,2025-05-09T17:07:00,2025-05-09T17:10:00,41
00113264,Ocean Avenue,2025-05-09,2025-05-09T17:12:00,2025-05-09T17:14:00,13
00115521,Jump Street,2025-05-09,2025-05-09T17:15:00,2025-05-09T17:22:00,43
00311532,Fury Road,2025-05-09,2025-05-09T17:22:00,2025-05-09T17:25:00,8
00662113,Cloverfield Lane,2025-05-09,2025-05-09T17:41:00,2025-05-09T17:39:00,5
00113147,Bradshaw Street,2025-05-09,2025-05-09T18:03:00,2025-05-09T17:57:00,20
00261521,Elm Street,2025-05-09,2025-05-09T18:07:00,2025-05-09T18:07:00,60
00113264,Ocean Avenue,2025-05-09,2025-05-09T18:12:00,2025-05-09T18:16:00,41
00115521,Jump Street,2025-05-09,2025-05-09T18:15:00,2025-05-09T18:22:00,53
00311532,Fury Road,2025-05-09,2025-05-09T18:22:00,2025-05-09T18:22:00,11
00662113,Cloverfield Lane,2025-05-09,2025-05-09T18:41:00,2025-05-09T18:39:00,4
00113147,Bradshaw Street,2025-05-09,2025-05-09T19:03:00,2025-05-09T19:00:00,3
00261521,Elm Street,2025-05-09,2025-05-09T19:07:00,2025-05-09T19:10:00,10
00113264,Ocean Avenue,2025-05-09,2025-05-09T19:12:00,2025-05-09T19:15:00,12
00115521,Jump Street,2025-05-09,2025-05-09T19:15:00,2025-05-09T19:20:00,16
00311532,Fury Road,2025-05-09,2025-05-09T19:22:00,2025-05-09T19:29:00,6
00662113,Cloverfield Lane,2025-05-09,2025-05-09T19:41:00,2025-05-09T19:41:00,6
00113147,Bradshaw Street,2025-05-09,2025-05-09T20:03:00,2025-05-09T20:00:00,5
00261521,Elm Street,2025-05-09,2025-05-09T20:07:00,2025-05-09T20:07:00,14
00113264,Ocean Avenue,2025-05-09,2025-05-09T20:12:00,2025-05-09T20:11:00,26
00115521,Jump Street,2025-05-09,2025-05-09T20:15:00,2025-05-09T20:18:00,23
00311532,Fury Road,2025-05-09,2025-05-09T20:22:00,2025-05-09T20:27:00,3
00662113,Cloverfield Lane,2025-05-09,2025-05-09T20:41:00,2025-05-09T20:41:00,2
00113147,Bradshaw Street,2025-05-09,2025-05-09T21:03:00,2025-05-09T21:02:00,6
00261521,Elm Street,2025-05-09,2025-05-09T21:07:00,2025-05-09T21:07:00,28
00113264,Ocean Avenue,2025-05-09,2025-05-09T21:12:00,2025-05-09T21:13:00,18
00115521,Jump Street,2025-05-09,2025-05-09T21:15:00,2025-05-09T21:25:00,18
00311532,Fury Road,2025-05-09,2025-05-09T21:22:00,2025-05-09T21:31:00,10
00662113,Cloverfield Lane,2025-05-09,2025-05-09T21:41:00,2025-05-09T21:38:00,7
00113147,Bradshaw Street,2025-05-10,2025-05-10T06:03:00,2025-05-10T06:01:00,5
00261521,Elm Street,2025-05-10,2025-05-10T06:07:00,2025-05-10T06:09:00,7
00113264,Ocean Avenue,2025-05-10,2025-05-10T06:12:00,2025-05-10T06:14:00,1
00115521,Jump Street,2025-05-10,2025-05-10T06:15:00,2025-05-10T06:21:00,0
00311532,Fury Road,2025-05-10,2025-05-10T06:22:00,2025-05-10T06:25:00,6
00662113,Cloverfield Lane,2025-05-10,2025-05-10T06:41:00,2025-05-10T06:40:00,1
00113147,Bradshaw Street,2025-05-10,2025-05-10T07:03:00,2025-05-10T07:00:00,15
00261521,Elm Street,2025-05-10,2025-05-10T07:07:00,2025-05-10T07:10:00,47
00113264,Ocean Avenue,2025-05-10,2025-05-10T07:12:00,2025-05-10T07:15:00,35
00115521,Jump Street,2025-05-10,2025-05-10T07:15:00,2025-05-10T07:24:00,10
00311532,Fury Road,2025-05-10,2025-05-10T07:22:00,2025-05-10T07:30:00,3
00662113,Cloverfield Lane,2025-05-10,2025-05-10T07:41:00,2025-05-10T07:37:00,0
00113147,Bradshaw Street,2025-05-10,2025-05-10T08:03:00,2025-05-10T08:00:00,6
00261521,Elm Street,2025-05-10,2025-05-10T08:07:00,2025-05-10T08:08:00,39
00113264,Ocean Avenue,2025-05-10,2025-05-10T08:12:00,2025-05-10T08:12:00,24
00115521,Jump Street,2025-05-10,2025-05-10T08:15:00,2025-05-10T08:22:00,15
00311532,Fury Road,2025-05-10,2025-05-10T08:22:00,2025-05-10T08:21:00,3
00662113,Cloverfield Lane,2025-05-10,2025-05-10T08:41:00,2025-05-10T08:39:00,4
00113147,Bradshaw Street,2025-05-10,2025-05-10T09:03:00,2025-05-10T09:00:00,9
00261521,Elm Street,2025-05-10,2025-05-10T09:07:00,2025-05-10T09:11:00,31
00113264,Ocean Avenue,2025-05-10,2025-05-10T09:12:00,2025-05-10T09:12:00,22
00115521,Jump Street,2025-05-10,2025-05-10T09:15:00,2025-05-10T09:23:00,21
00311532,Fury Road,2025-05-10,2025-05-10T09:22:00,2025-05-10T09:29:00,1
00662113,Cloverfield Lane,2025-05-10,2025-05-10T09:41:00,2025-05-10T09:41:00,7
00113147,Bradshaw Street,2025-05-10,2025-05-10T10:03:00,2025-05-10T10:00:00,3
00261521,Elm Street,2025-05-10,2025-05-10T10:07:00,2025-05-10T10:12:00,18
00113264,Ocean Avenue,2025-05-10,2025-05-10T10:12:00,2025-05-10T10:13:00,22
00115521,Jump Street,2025-05-10,2025-05-10T10:15:00,2025-05-10T10:25:00,12
00311532,Fury Road,2025-05-10,2025-05-10T10:22:00,2025-05-10T10:25:00,0
00662113,Cloverfield Lane,2025-05-10,2025-05-10T10:41:00,2025-05-10T10:40:00,7
00113147,Bradshaw Street,2025-05-10,2025-05-10T11:03:00,2025-05-10T10:59:00,11
00261521,Elm Street,2025-05-10,2025-05-10T11:07:00,2025-05-10T11:07:00,22
00113264,Ocean Avenue,2025-05-10,2025-05-10T11:12:00,2025-05-10T11:14:00,5
00115521,Jump Street,2025-05-10,2025-05-10T11:15:00,2025-05-10T11:21:00,15
00311532,Fury Road,2025-05-10,2025-05-10T11:22:00,2025-05-10T11:26:00,4
00662113,Cloverfield Lane,2025-05-10,2025-05-10T11:41:00,2025-05-10T11:39:00,2
00113147,Bradshaw Street,2025-05-10,2025-05-10T12:03:00,2025-05-10T12:01:00,0
00261521,Elm Street,2025-05-10,2025-05-10T12:07:00,2025-05-10T12:07:00,7
00113264,Ocean Avenue,2025-05-10,2025-05-10T12:12:00,2025-05-10T12:12:00,23
00115521,Jump Street,2025-05-10,2025-05-10T12:15:00,2025-05-10T12:20:00,12
00311532,Fury Road,2025-05-10,2025-05-10T12:22:00,2025-05-10T12:26:00,6
00662113,Cloverfield Lane,2025-05-10,2025-05-10T12:41:00,2025-05-10T12:39:00,5
00113147,Bradshaw Street,2025-05-10,2025-05-10T13:03:00,2025-05-10T13:02:00,8
00261521,Elm Street,2025-05-10,2025-05-10T13:07:00,2025-05-10T13:05:00,21
00113264,Ocean Avenue,2025-05-10,2025-05-10T13:12:00,2025-05-10T13:14:00,1
00115521,Jump Street,2025-05-10,2025-05-10T13:15:00,2025-05-10T13:24:00,3
00311532,Fury Road,2025-05-10,2025-05-10T13:22:00,2025-05-10T13:25:00,0
00662113,Cloverfield Lane,2025-05-10,2025-05-10T13:41:00,2025-05-10T13:39:00,9
00113147,Bradshaw Street,2025-05-10,2025-05-10T14:03:00,2025-05-10T14:00:00,6
00261521,Elm Street,2025-05-10,2025-05-10T14:07:00,2025-05-10T14:07:00,27
00113264,Ocean Avenue,2025-05-10,2025-05-10T14:12:00,2025-05-10T14:14:00,15
00115521,Jump Street,2025-05-10,2025-05-10T14:15:00,2025-05-10T14:25:00,17
00311532,Fury Road,2025-05-10,2025-05-10T14:22:00,2025-05-10T14:23:00,15
00662113,Cloverfield Lane,2025-05-10,2025-05-10T14:41:00,2025-05-10T14:41:00,4
00113147,Bradshaw Street,2025-05-10,2025-05-10T15:03:00,2025-05-10T14:59:00,12
00261521,Elm Street,2025-05-10,2025-05-10T15:07:00,2025-05-10T15:09:00,13
00113264,Ocean Avenue,2025-05-10,2025-05-10T15:12:00,2025-05-10T15:13:00,3
00115521,Jump Street,2025-05-10,2025-05-10T15:15:00,2025-05-10T15:20:00,0
00311532,Fury Road,2025-05-10,2025-05-10T15:22:00,2025-05-10T15:29:00,4
00662113,Cloverfield Lane,2025-05-10,2025-05-10T15:41:00,2025-05-10T15:41:00,2
00113147,Bradshaw Street,2025-05-10,2025-05-10T16:03:00,2025-05-10T15:59:00,13
00261521,Elm Street,2025-05-10,2025-05-10T16:07:00,2025-05-10T16:08:00,19
00113264,Ocean Avenue,2025-05-10,2025-05-10T16:12:00,2025-05-10T16:11:00,10
00115521,Jump Street,2025-05-10,2025-05-10T16:15:00,2025-05-10T16:22:00,0
00311532,Fury Road,2025-05-10,2025-05-10T16:22:00,2025-05-10T16:26:00,10
00662113,Cloverfield Lane,2025-05-10,2025-05-10T16:41:00,2025-05-10T16:40:00,4
00113147,Bradshaw Street,2025-05-10,2025-05-10T17:03:00,2025-05-10T17:01:00,13
00261521,Elm Street,2025-05-10,2025-05-10T17:07:00,2025-05-10T17:09:00,0
00113264,Ocean Avenue,2025-05-10,2025-05-10T17:12:00,2025-05-10T17:11:00,25
00115521,Jump Street,2025-05-10,2025-05-10T17:15:00,2025-05-10T17:22:00,22
00311532,Fury Road,2025-05-10,2025-05-10T17:22:00,2025-05-10T17:25:00,8
00662113,Cloverfield Lane,2025-05-10,2025-05-10T17:41:00,2025-05-10T17:41:00,8
00113147,Bradshaw Street,2025-05-10,2025-05-10T18:03:00,2025-05-10T18:00:00,1
00261521,Elm Street,2025-05-10,2025-05-10T18:07:00,2025-05-10T18:06:00,9
00113264,Ocean Avenue,2025-05-10,2025-05-10T18:12:00,2025-05-10T18:15:00,22
00115521,Jump Street,2025-05-10,2025-05-10T18:15:00,2025-05-10T18:18:00,21
00311532,Fury Road,2025-05-10,2025-05-10T18:22:00,2025-05-10T18:23:00,4
00662113,Cloverfield Lane,2025-05-10,2025-05-10T18:41:00,2025-05-10T18:39:00,6
00113147,Bradshaw Street,2025-05-10,2025-05-10T19:03:00,2025-05-10T18:59:00,0
00261521,Elm Street,2025-05-10,2025-05-10T19:07:00,2025-05-10T19:09:00,17
00113264,Ocean Avenue,2025-05-10,2025-05-10T19:12:00,2025-05-10T19:11:00,5
00115521,Jump Street,2025-05-10,2025-05-10T19:15:00,2025-05-10T19:23:00,31
00311532,Fury Road,2025-05-10,2025-05-10T19:22:00,2025-05-10T19:27:00,6
00662113,Cloverfield Lane,2025-05-10,2025-05-10T19:41:00,2025-05-10T19:41:00,6
00113147,Bradshaw Street,2025-05-10,2025-05-10T20:03:00,2025-05-10T20:01:00,16
00261521,Elm Street,2025-05-10,2025-05-10T20:07:00,2025-05-10T20:08:00,23
00113264,Ocean Avenue,2025-05-10,2025-05-10T20:12:00,2025-05-10T20:13:00,7
00115521,Jump Street,2025-05-10,2025-05-10T20:15:00,2025-05-10T20:20:00,11
00311532,Fury Road,2025-05-10,2025-05-10T20:22:00,2025-05-10T20:25:00,8
00662113,Cloverfield Lane,2025-05-10,2025-05-10T20:41:00,2025-05-10T20:40:00,7
00113147,Bradshaw Street,2025-05-10,2025-05-10T21:03:00,2025-05-10T21:01:00,3
00261521,Elm Street,2025-05-10,2025-05-10T21:07:00,2025-05-10T21:10:00,0
00113264,Ocean Avenue,2025-05-10,2025-05-10T21:12:00,2025-05-10T21:16:00,16
00115521,Jump Street,2025-05-10,2025-05-10T21:15:00,2025-05-10T21:22:00,13
00311532,Fury Road,2025-05-10,2025-05-10T21:22:00,2025-05-10T21:28:00,10
00662113,Cloverfield Lane,2025-05-10,2025-05-10T21:41:00,2025-05-10T21:39:00,2
00113147,Bradshaw Street,2025-05-11,2025-05-11T06:03:00,2025-05-11T06:00:00,6
00261521,Elm Street,2025-05-11,2025-05-11T06:07:00,2025-05-11T06:12:00,3
00113264,Ocean Avenue,2025-05-11,2025-05-11T06:12:00,2025-05-11T06:18:00,7
00115521,Jump Street,2025-05-11,2025-05-11T06:15:00,2025-05-11T06:23:00,0
00311532,Fury Road,2025-05-11,2025-05-11T06:22:00,2025-05-11T06:31:00,0
00662113,Cloverfield Lane,2025-05-11,2025-05-11T06:41:00,2025-05-11T06:41:00,3
00113147,Bradshaw Street,2025-05-11,2025-05-11T07:03:00,2025-05-11T06:58:00,16
00261521,Elm Street,2025-05-11,2025-05-11T07:07:00,2025-05-11T07:09:00,43
00113264,Ocean Avenue,2025-05-11,2025-05-11T07:12:00,2025-05-11T07:14:00,22
00115521,Jump Street,2025-05-11,2025-05-11T07:15:00,2025-05-11T07:26:00,13
00311532,Fury Road,2025-05-11,2025-05-11T07:22:00,2025-05-11T07:29:00,9
00662113,Cloverfield Lane,2025-05-11,2025-05-11T07:41:00,2025-05-11T07:41:00,0
00113147,Bradshaw Street,2025-05-11,2025-05-11T08:03:00,2025-05-11T07:59:00,13
00261521,Elm Street,2025-05-11,2025-05-11T08:07:00,2025-05-11T08:09:00,18
00113264,Ocean Avenue,2025-05-11,2025-05-11T08:12:00,2025-05-11T08:13:00,24
00115521,Jump Street,2025-05-11,2025-05-11T08:15:00,2025-05-11T08:25:00,15
00311532,Fury Road,2025-05-11,2025-05-11T08:22:00,2025-05-11T08:31:00,10
00662113,Cloverfield Lane,2025-05-11,2025-05-11T08:41:00,2025-05-11T08:40:00,7
00113147,Bradshaw Street,2025-05-11,2025-05-11T09:03:00,2025-05-11T09:00:00,18
00261521,Elm Street,2025-05-11,2025-05-11T09:07:00,2025-05-11T09:10:00,35
00113264,Ocean Avenue,2025-05-11,2025-05-11T09:12:00,2025-05-11T09:15:00,25
00115521,Jump Street,2025-05-11,2025-05-11T09:15:00,2025-05-11T09:23:00,11
00311532,Fury Road,2025-05-11,2025-05-11T09:22:00,2025-05-11T09:27:00,12
00662113,Cloverfield Lane,2025-05-11,2025-05-11T09:41:00,2025-05-11T09:40:00,5
00113147,Bradshaw Street,2025-05-11,2025-05-11T10:03:00,2025-05-11T10:02:00,15
00261521,Elm Street,2025-05-11,2025-05-11T10:07:00,2025-05-11T10:08:00,31
00113264,Ocean Avenue,2025-05-11,2025-05-11T10:12:00,2025-05-11T10:13:00,8
00115521,Jump Street,2025-05-11,2025-05-11T10:15:00,2025-05-11T10:27:00,14
00311532,Fury Road,2025-05-11,2025-05-11T10:22:00,2025-05-11T10:27:00,3
00662113,Cloverfield Lane,2025-05-11,2025-05-11T10:41:00,2025-05-11T10:38:00,2
00113147,Bradshaw Street,2025-05-11,2025-05-11T11:03:00,2025-05-11T11:00:00,0
00261521,Elm Street,2025-05-11,2025-05-11T11:07:00,2025-05-11T11:06:00,11
00113264,Ocean Avenue,2025-05-11,2025-05-11T11:12:00,2025-05-11T11:15:00,8
00115521,Jump Street,2025-05-11,2025-05-11T11:15:00,2025-05-11T11:21:00,5
00311532,Fury Road,2025-05-11,2025-05-11T11:22:00,2025-05-11T11:30:00,2
00662113,Cloverfield Lane,2025-05-11,2025-05-11T11:41:00,2025-05-11T11:40:00,8
00113147,Bradshaw Street,2025-05-11,2025-05-11T12:03:00,2025-05-11T12:00:00,7
00261521,Elm Street,2025-05-11,2025-05-11T12:07:00,2025-05-11T12:08:00,10
00113264,Ocean Avenue,2025-05-11,2025-05-11T12:12:00,2025-05-11T12:12:00,14
00115521,Jump Street,2025-05-11,2025-05-11T12:15:00,2025-05-11T12:22:00,0
00311532,Fury Road,2025-05-11,2025-05-11T12:22:00,2025-05-11T12:21:00,5
00662113,Cloverfield Lane,2025-05-11,2025-05-11T12:41:00,2025-05-11T12:41:00,0
00113147,Bradshaw Street,2025-05-11,2025-05-11T13:03:00,2025-05-11T13:00:00,16
00261521,Elm Street,2025-05-11,2025-05-11T13:07:00,2025-05-11T13:10:00,6
00113264,Ocean Avenue,2025-05-11,2025-05-11T13:12:00,2025-05-11T13:14:00,9
00115521,Jump Street,2025-05-11,2025-05-11T13:15:00,2025-05-11T13:22:00,12
00311532,Fury Road,2025-05-11,2025-05-11T13:22:00,2025-05-11T13:23:00,11
00662113,Cloverfield Lane,2025-05-11,2025-05-11T13:41:00,2025-05-11T13:44:00,5
00113147,Bradshaw Street,2025-05-11,2025-05-11T14:03:00,2025-05-11T14:01:00,0
00261521,Elm Street,2025-05-11,2025-05-11T14:07:00,2025-05-11T14:10:00,21
00113264,Ocean Avenue,2025-05-11,2025-05-11T14:12:00,2025-05-11T14:13:00,19
00115521,Jump Street,2025-05-11,2025-05-11T14:15:00,2025-05-11T14:19:00,5
00311532,Fury Road,2025-05-11,2025-05-11T14:22:00,2025-05-11T14:26:00,3
00662113,Cloverfield Lane,2025-05-11,2025-05-11T14:41:00,2025-05-11T14:38:00,6
00113147,Bradshaw Street,2025-05-11,2025-05-11T15:03:00,2025-05-11T14:59:00,9
00261521,Elm Street,2025-05-11,2025-05-11T15:07:00,2025-05-11T15:07:00,26
00113264,Ocean Avenue,2025-05-11,2025-05-11T15:12:00,2025-05-11T15:16:00,19
00115521,Jump Street,2025-05-11,2025-05-11T15:15:00,2025-05-11T15:26:00,18
00311532,Fury Road,2025-05-11,2025-05-11T15:22:00,2025-05-11T15:27:00,6
00662113,Cloverfield Lane,2025-05-11,2025-05-11T15:41:00,2025-05-11T15:38:00,5
00113147,Bradshaw Street,2025-05-11,2025-05-11T16:03:00,2025-05-11T15:59:00,14
00261521,Elm Street,2025-05-11,2025-05-11T16:07:00,2025-05-11T16:10:00,44
00113264,Ocean Avenue,2025-05-11,2025-05-11T16:12:00,2025-05-11T16:12:00,15
00115521,Jump Street,2025-05-11,2025-05-11T16:15:00,2025-05-11T16:22:00,22
00311532,Fury Road,2025-05-11,2025-05-11T16:22:00,2025-05-11T16:31:00,5
00662113,Cloverfield Lane,2025-05-11,2025-05-11T16:41:00,2025-05-11T16:42:00,1
00113147,Bradshaw Street,2025-05-11,2025-05-11T17:03:00,2025-05-11T16:59:00,9
00261521,Elm Street,2025-05-11,2025-05-11T17:07:00,2025-05-11T17:09:00,24
00113264,Ocean Avenue,2025-05-11,2025-05-11T17:12:00,2025-05-11T17:14:00,3
00115521,Jump Street,2025-05-11,2025-05-11T17:15:00,2025-05-11T17:17:00,25
00311532,Fury Road,2025-05-11,2025-05-11T17:22:00,2025-05-11T17:24:00,6
00662113,Cloverfield Lane,2025-05-11,2025-05-11T17:41:00,2025-05-11T17:39:00,5
00113147,Bradshaw Street,2025-05-11,2025-05-11T18:03:00,2025-05-11T18:00:00,11
00261521,Elm Street,2025-05-11,2025-05-11T18:07:00,2025-05-11T18:11:00,26
00113264,Ocean Avenue,2025-05-11,2025-05-11T18:12:00,2025-05-11T18:17:00,10
00115521,Jump Street,2025-05-11,2025-05-11T18:15:00,2025-05-11T18:22:00,16
00311532,Fury Road,2025-05-11,2025-05-11T18:22:00,2025-05-11T18:27:00,8
00662113,Cloverfield Lane,2025-05-11,2025-05-11T18:41:00,2025-05-11T18:41:00,1
00113147,Bradshaw Street,2025-05-11,2025-05-11T19:03:00,2025-05-11T19:03:00,1
00261521,Elm Street,2025-05-11,2025-05-11T19:07:00,2025-05-11T19:09:00,17
00113264,Ocean Avenue,2025-05-11,2025-05-11T19:12:00,2025-05-11T19:16:00,13
00115521,Jump Street,2025-05-11,2025-05-11T19:15:00,2025-05-11T19:23:00,13
00311532,Fury Road,2025-05-11,2025-05-11T19:22:00,2025-05-11T19:27:00,2
00662113,Cloverfield Lane,2025-05-11,2025-05-11T19:41:00,2025-05-11T19:39:00,0
00113147,Bradshaw Street,2025-05-11,2025-05-11T20:03:00,2025-05-11T20:01:00,9
00261521,Elm Street,2025-05-11,2025-05-11T20:07:00,2025-05-11T20:10:00,24
00113264,Ocean Avenue,2025-05-11,2025-05-11T20:12:00,2025-05-11T20:13:00,19
00115521,Jump Street,2025-05-11,2025-05-11T20:15:00,2025-05-11T20:20:00,6
00311532,Fury Road,2025-05-11,2025-05-11T20:22:00,2025-05-11T20:26:00,4
00662113,Cloverfield Lane,2025-05-11,2025-05-11T20:41:00,2025-05-11T20:39:00,5
00113147,Bradshaw Street,2025-05-11,2025-05-11T21:03:00,2025-05-11T21:02:00,19
00261521,Elm Street,2025-05-11,2025-05-11T21:07:00,2025-05-11T21:12:00,18
00113264,Ocean Avenue,2025-05-11,2025-05-11T21:12:00,2025-05-11T21:15:00,1
00115521,Jump Street,2025-05-11,2025-05-11T21:15:00,2025-05-11T21:21:00,17
00311532,Fury Road,2025-05-11,2025-05-11T21:22:00,2025-05-11T21:28:00,6
00662113,Cloverfield Lane,2025-05-11,2025-05-11T21:41:00,2025-05-11T21:40:00,4
00113147,Bradshaw Street,2025-05-12,2025-05-12T06:03:00,2025-05-12T06:01:00,7
00261521,Elm Street,2025-05-12,2025-05-12T06:07:00,2025-05-12T06:06:00,22
00113264,Ocean Avenue,2025-05-12,2025-05-12T06:12:00,2025-05-12T06:16:00,9
00115521,Jump Street,2025-05-12,2025-05-12T06:15:00,2025-05-12T06:19:00,8
00311532,Fury Road,2025-05-12,2025-05-12T06:22:00,2025-05-12T06:27:00,0
00662113,Cloverfield Lane,2025-05-12,2025-05-12T06:41:00,2025-05-12T06:41:00,3
00113147,Bradshaw Street,2025-05-12,2025-05-12T07:03:00,2025-05-12T06:59:00,31
00261521,Elm Street,2025-05-12,2025-05-12T07:07:00,2025-05-12T07:07:00,60
00113264,Ocean Avenue,2025-05-12,2025-05-12T07:12:00,2025-05-12T07:16:00,22
00115521,Jump Street,2025-05-12,2025-05-12T07:15:00,2025-05-12T07:23:00,32
00311532,Fury Road,2025-05-12,2025-05-12T07:22:00,2025-05-12T07:25:00,6
00662113,Cloverfield Lane,2025-05-12,2025-05-12T07:41:00,2025-05-12T07:44:00,3
00113147,Bradshaw Street,2025-05-12,2025-05-12T08:03:00,2025-05-12T07:58:00,21
00261521,Elm Street,2025-05-12,2025-05-12T08:07:00,none,0
00113264,Ocean Avenue,2025-05-12,2025-05-12T08:12:00,2025-05-12T08:13:00,47
00115521,Jump Street,2025-05-12,2025-05-12T08:15:00,2025-05-12T08:23:00,17
00311532,Fury Road,2025-05-12,2025-05-12T08:22:00,2025-05-12T08:28:00,14
00662113,Cloverfield Lane,2025-05-12,2025-05-12T08:41:00,2025-05-12T08:38:00,6
00113147,Bradshaw Street,2025-05-12,2025-05-12T09:03:00,2025-05-12T08:59:00,21
00261521,Elm Street,2025-05-12,2025-05-12T09:07:00,2025-05-12T09:12:00,60
00113264,Ocean Avenue,2025-05-12,2025-05-12T09:12:00,2025-05-12T09:14:00,47
00115521,Jump Street,2025-05-12,2025-05-12T09:15:00,2025-05-12T09:21:00,15
00311532,Fury Road,2025-05-12,2025-05-12T09:22:00,2025-05-12T09:27:00,16
00662113,Cloverfield Lane,2025-05-12,2025-05-12T09:41:00,2025-05-12T09:36:00,1
00113147,Bradshaw Street,2025-05-12,2025-05-12T10:03:00,2025-05-12T10:02:00,2
00261521,Elm Street,2025-05-12,2025-05-12T10:07:00,2025-05-12T10:07:00,30
00113264,Ocean Avenue,2025-05-12,2025-05-12T10:12:00,2025-05-12T10:13:00,38
00115521,Jump Street,2025-05-12,2025-05-12T10:15:00,2025-05-12T10:21:00,9
00311532,Fury Road,2025-05-12,2025-05-12T10:22:00,2025-05-12T10:19:00,7
00662113,Cloverfield Lane,2025-05-12,2025-05-12T10:41:00,2025-05-12T10:41:00,1
00113147,Bradshaw Street,2025-05-12,2025-05-12T11:03:00,none,0
00261521,Elm Street,2025-05-12,2025-05-12T11:07:00,2025-05-12T11:12:00,9
00113264,Ocean Avenue,2025-05-12,2025-05-12T11:12:00,2025-05-12T11:14:00,31
00115521,Jump Street,2025-05-12,2025-05-12T11:15:00,2025-05-12T11:23:00,13
00311532,Fury Road,2025-05-12,2025-05-12T11:22:00,2025-05-12T11:29:00,0
00662113,Cloverfield Lane,2025-05-12,2025-05-12T11:41:00,2025-05-12T11:39:00,9
00113147,Bradshaw Street,2025-05-12,2025-05-12T12:03:00,2025-05-12T12:00:00,15
00261521,Elm Street,2025-05-12,2025-05-12T12:07:00,2025-05-12T12:09:00,25
00113264,Ocean Avenue,2025-05-12,2025-05-12T12:12:00,2025-05-12T12:12:00,35
00115521,Jump Street,2025-05-12,2025-05-12T12:15:00,2025-05-12T12:19:00,17
00311532,Fury Road,2025-05-12,2025-05-12T12:22:00,2025-05-12T12:24:00,5
00662113,Cloverfield Lane,2025-05-12,2025-05-12T12:41:00,2025-05-12T12:40:00,13
00113147,Bradshaw Street,2025-05-12,2025-05-12T13:03:00,2025-05-12T13:00:00,11
00261521,Elm Street,2025-05-12,2025-05-12T13:07:00,2025-05-12T13:09:00,39
00113264,Ocean Avenue,2025-05-12,2025-05-12T13:12:00,2025-05-12T13:13:00,28
00115521,Jump Street,2025-05-12,2025-05-12T13:15:00,2025-05-12T13:25:00,24
00311532,Fury Road,2025-05-12,2025-05-12T13:22:00,2025-05-12T13:28:00,9
00662113,Cloverfield Lane,2025-05-12,2025-05-12T13:41:00,2025-05-12T13:39:00,9
00113147,Bradshaw Street,2025-05-12,2025-05-12T14:03:00,2025-05-12T13:58:00,5
00261521,Elm Street,2025-05-12,2025-05-12T14:07:00,2025-05-12T14:08:00,29
00113264,Ocean Avenue,2025-05-12,2025-05-12T14:12:00,2025-05-12T14:15:00,24
00115521,Jump Street,2025-05-12,2025-05-12T14:15:00,2025-05-12T14:21:00,36
00311532,Fury Road,2025-05-12,2025-05-12T14:22:00,2025-05-12T14:27:00,13
00662113,Cloverfield Lane,2025-05-12,2025-05-12T14:41:00,2025-05-12T14:41:00,2
00113147,Bradshaw Street,2025-05-12,2025-05-12T15:03:00,2025-05-12T15:00:00,20
00261521,Elm Street,2025-05-12,2025-05-12T15:07:00,2025-05-12T15:09:00,46
00113264,Ocean Avenue,2025-05-12,2025-05-12T15:12:00,2025-05-12T15:13:00,21
00115521,Jump Street,2025-05-12,2025-05-12T15:15:00,2025-05-12T15:25:00,19
00311532,Fury Road,2025-05-12,2025-05-12T15:22:00,2025-05-12T15:29:00,9
00662113,Cloverfield Lane,2025-05-12,2025-05-12T15:41:00,2025-05-12T15:39:00,10
00113147,Bradshaw Street,2025-05-12,2025-05-12T16:03:00,2025-05-12T15:57:00,16
00261521,Elm Street,2025-05-12,2025-05-12T16:07:00,2025-05-12T16:09:00,31
00113264,Ocean Avenue,2025-05-12,2025-05-12T16:12:00,2025-05-12T16:14:00,31
00115521,Jump Street,2025-05-12,2025-05-12T16:15:00,2025-05-12T16:24:00,36
00311532,Fury Road,2025-05-12,2025-05-12T16:22:00,2025-05-12T16:29:00,11
00662113,Cloverfield Lane,2025-05-12,2025-05-12T16:41:00,2025-05-12T16:39:00,7
00113147,Bradshaw Street,2025-05-12,2025-05-12T17:03:00,2025-05-12T17:04:00,10
00261521,Elm Street,2025-05-12,2025-05-12T17:07:00,2025-05-12T17:09:00,36
00113264,Ocean Avenue,2025-05-12,2025-05-12T17:12:00,2025-05-12T17:14:00,32
00115521,Jump Street,2025-05-12,2025-05-12T17:15:00,2025-05-12T17:21:00,26
00311532,Fury Road,2025-05-12,2025-05-12T17:22:00,2025-05-12T17:29:00,16
00662113,Cloverfield Lane,2025-05-12,2025-05-12T17:41:00,2025-05-12T17:38:00,7
00113147,Bradshaw Street,2025-05-12,2025-05-12T18:03:00,2025-05-12T18:03:00,25
00261521,Elm Street,2025-05-12,2025-05-12T18:07:00,2025-05-12T18:09:00,30
00113264,Ocean Avenue,2025-05-12,2025-05-12T18:12:00,2025-05-12T18:18:00,38
00115521,Jump Street,2025-05-12,2025-05-12T18:15:00,2025-05-12T18:24:00,35
00311532,Fury Road,2025-05-12,2025-05-12T18:22:00,2025-05-12T18:30:00,7
00662113,Cloverfield Lane,2025-05-12,2025-05-12T18:41:00,2025-05-12T18:40:00,9
00113147,Bradshaw Street,2025-05-12,2025-05-12T19:03:00,2025-05-12T18:56:00,10
00261521,Elm Street,2025-05-12,2025-05-12T19:07:00,2025-05-12T19:14:00,23
00113264,Ocean Avenue,2025-05-12,2025-05-12T19:12:00,2025-05-12T19:14:00,15
00115521,Jump Street,2025-05-12,2025-05-12T19:15:00,2025-05-12T19:21:00,1
00311532,Fury Road,2025-05-12,2025-05-12T19:22:00,2025-05-12T19:27:00,7
00662113,Cloverfield Lane,2025-05-12,2025-05-12T19:41:00,2025-05-12T19:41:00,6
00113147,Bradshaw Street,2025-05-12,2025-05-12T20:03:00,2025-05-12T20:00:00,5
00261521,Elm Street,2025-05-12,2025-05-12T20:07:00,2025-05-12T20:09:00,25
00113264,Ocean Avenue,2025-05-12,2025-05-12T20:12:00,2025-05-12T20:13:00,19
00115521,Jump Street,2025-05-12,2025-05-12T20:15:00,2025-05-12T20:23:00,20
00311532,Fury Road,2025-05-12,2025-05-12T20:22:00,2025-05-12T20:29:00,9
00662113,Cloverfield Lane,2025-05-12,2025-05-12T20:41:00,2025-05-12T20:38:00,4
00113147,Bradshaw Street,2025-05-12,2025-05-12T21:03:00,2025-05-12T21:01:00,2
00261521,Elm Street,2025-05-12,2025-05-12T21:07:00,2025-05-12T21:04:00,32
00113264,Ocean Avenue,2025-05-12,2025-05-12T21:12:00,2025-05-12T21:18:00,18
00115521,Jump Street,2025-05-12,2025-05-12T21:15:00,2025-05-12T21:23:00,23
00311532,Fury Road,2025-05-12,2025-05-12T21:22:00,2025-05-12T21:21:00,1
00662113,Cloverfield Lane,2025-05-12,2025-05-12T21:41:00,2025-05-12T21:39:00,6
00113147,Bradshaw Street,2025-05-13,2025-05-13T06:03:00,2025-05-13T05:59:00,10
00261521,Elm Street,2025-05-13,2025-05-13T06:07:00,2025-05-13T06:08:00,10
00113264,Ocean Avenue,2025-05-13,2025-05-13T06:12:00,2025-05-13T06:14:00,29
00115521,Jump Street,2025-05-13,2025-05-13T06:15:00,2025-05-13T06:20:00,6
00311532,Fury Road,2025-05-13,2025-05-13T06:22:00,2025-05-13T06:25:00,8
00662113,Cloverfield Lane,2025-05-13,2025-05-13T06:41:00,2025-05-13T06:40:00,6
00113147,Bradshaw Street,2025-05-13,2025-05-13T07:03:00,2025-05-13T07:01:00,27
00261521,Elm Street,2025-05-13,2025-05-13T07:07:00,2025-05-13T07:10:00,48
00113264,Ocean Avenue,2025-05-13,2025-05-13T07:12:00,2025-05-13T07:14:00,44
00115521,Jump Street,2025-05-13,2025-05-13T07:15:00,2025-05-13T07:23:00,20
00311532,Fury Road,2025-05-13,2025-05-13T07:22:00,2025-05-13T07:28:00,9
00662113,Cloverfield Lane,2025-05-13,2025-05-13T07:41:00,2025-05-13T07:42:00,5
00113147,Bradshaw Street,2025-05-13,2025-05-13T08:03:00,2025-05-13T08:00:00,33
00261521,Elm Street,2025-05-13,2025-05-13T08:07:00,2025-05-13T08:09:00,60
00113264,Ocean Avenue,2025-05-13,2025-05-13T08:12:00,2025-05-13T08:12:00,38
00115521,Jump Street,2025-05-13,2025-05-13T08:15:00,2025-05-13T08:24:00,26
00311532,Fury Road,2025-05-13,2025-05-13T08:22:00,2025-05-13T08:24:00,5
00662113,Cloverfield Lane,2025-05-13,2025-05-13T08:41:00,2025-05-13T08:38:00,10
00113147,Bradshaw Street,2025-05-13,2025-05-13T09:03:00,2025-05-13T09:00:00,19
00261521,Elm Street,2025-05-13,2025-05-13T09:07:00,2025-05-13T09:07:00,60
00113264,Ocean Avenue,2025-05-13,2025-05-13T09:12:00,2025-05-13T09:13:00,18
00115521,Jump Street,2025-05-13,2025-05-13T09:15:00,2025-05-13T09:21:00,36
00311532,Fury Road,2025-05-13,2025-05-13T09:22:00,2025-05-13T09:26:00,14
00662113,Cloverfield Lane,2025-05-13,2025-05-13T09:41:00,2025-05-13T09:40:00,4
00113147,Bradshaw Street,2025-05-13,2025-05-13T10:03:00,2025-05-13T10:01:00,15
00261521,Elm Street,2025-05-13,2025-05-13T10:07:00,2025-05-13T10:09:00,31
00113264,Ocean Avenue,2025-05-13,2025-05-13T10:12:00,2025-05-13T10:16:00,25
00115521,Jump Street,2025-05-13,2025-05-13T10:15:00,2025-05-13T10:19:00,8
00311532,Fury Road,2025-05-13,2025-05-13T10:22:00,2025-05-13T10:25:00,9
00662113,Cloverfield Lane,2025-05-13,2025-05-13T10:41:00,2025-05-13T10:40:00,5
00113147,Bradshaw Street,2025-05-13,2025-05-13T11:03:00,2025-05-13T10:59:00,17
00261521,Elm Street,2025-05-13,2025-05-13T11:07:00,2025-05-13T11:05:00,40
00113264,Ocean Avenue,2025-05-13,2025-05-13T11:12:00,2025-05-13T11:15:00,25
00115521,Jump Street,2025-05-13,2025-05-13T11:15:00,2025-05-13T11:23:00,21
00311532,Fury Road,2025-05-13,2025-05-13T11:22:00,2025-05-13T11:26:00,6
00662113,Cloverfield Lane,2025-05-13,2025-05-13T11:41:00,2025-05-13T11:37:00,4
00113147,Bradshaw Street,2025-05-13,2025-05-13T12:03:00,2025-05-13T11:59:00,20
00261521,Elm Street,2025-05-13,2025-05-13T12:07:00,2025-05-13T12:07:00,21
00113264,Ocean Avenue,2025-05-13,2025-05-13T12:12:00,2025-05-13T12:13:00,24
00115521,Jump Street,2025-05-13,2025-05-13T12:15:00,2025-05-13T12:20:00,29
00311532,Fury Road,2025-05-13,2025-05-13T12:22:00,2025-05-13T12:28:00,11
00662113,Cloverfield Lane,2025-05-13,2025-05-13T12:41:00,2025-05-13T12:43:00,6
00113147,Bradshaw Street,2025-05-13,2025-05-13T13:03:00,2025-05-13T12:58:00,12
00261521,Elm Street,2025-05-13,2025-05-13T13:07:00,2025-05-13T13:09:00,48
00113264,Ocean Avenue,2025-05-13,2025-05-13T13:12:00,2025-05-13T13:13:00,24
00115521,Jump Street,2025-05-13,2025-05-13T13:15:00,2025-05-13T13:21:00,21
00311532,Fury Road,2025-05-13,2025-05-13T13:22:00,2025-05-13T13:24:00,9
00662113,Cloverfield Lane,2025-05-13,2025-05-13T13:41:00,2025-05-13T13:41:00,12
00113147,Bradshaw Street,2025-05-13,2025-05-13T14:03:00,2025-05-13T13:59:00,7
00261521,Elm Street,2025-05-13,2025-05-13T14:07:00,2025-05-13T14:11:00,43
00113264,Ocean Avenue,2025-05-13,2025-05-13T14:12:00,2025-05-13T14:12:00,40
00115521,Jump Street,2025-05-13,2025-05-13T14:15:00,2025-05-13T14:18:00,11
00311532,Fury Road,2025-05-13,2025-05-13T14:22:00,2025-05-13T14:29:00,12
00662113,Cloverfield Lane,2025-05-13,2025-05-13T14:41:00,2025-05-13T14:40:00,5
00113147,Bradshaw Street,2025-05-13,2025-05-13T15:03:00,2025-05-13T15:00:00,11
00261521,Elm Street,2025-05-13,2025-05-13T15:07:00,2025-05-13T15:10:00,27
00113264,Ocean Avenue,2025-05-13,2025-05-13T15:12:00,2025-05-13T15:14:00,37
00115521,Jump Street,2025-05-13,2025-05-13T15:15:00,2025-05-13T15:22:00,25
00311532,Fury Road,2025-05-13,2025-05-13T15:22:00,2025-05-13T15:23:00,16
00662113,Cloverfield Lane,2025-05-13,2025-05-13T15:41:00,2025-05-13T15:40:00,1
00113147,Bradshaw Street,2025-05-13,2025-05-13T16:03:00,2025-05-13T16:01:00,9
00261521,Elm Street,2025-05-13,2025-05-13T16:07:00,2025-05-13T16:09:00,36
00113264,Ocean Avenue,2025-05-13,2025-05-13T16:12:00,2025-05-13T16:18:00,18
00115521,Jump Street,2025-05-13,2025-05-13T16:15:00,2025-05-13T16:21:00,37
00311532,Fury Road,2025-05-13,2025-05-13T16:22:00,2025-05-13T16:25:00,9
00662113,Cloverfield Lane,2025-05-13,2025-05-13T16:41:00,2025-05-13T16:39:00,6
00113147,Bradshaw Street,2025-05-13,2025-05-13T17:03:00,2025-05-13T16:59:00,18
00261521,Elm Street,2025-05-13,2025-05-13T17:07:00,2025-05-13T17:08:00,19
00113264,Ocean Avenue,2025-05-13,2025-05-13T17:12:00,2025-05-13T17:12:00,27
00115521,Jump Street,2025-05-13,2025-05-13T17:15:00,2025-05-13T17:24:00,37
00311532,Fury Road,2025-05-13,2025-05-13T17:22:00,2025-05-13T17:26:00,8
00662113,Cloverfield Lane,2025-05-13,2025-05-13T17:41:00,2025-05-13T17:41:00,7
00113147,Bradshaw Street,2025-05-13,2025-05-13T18:03:00,2025-05-13T18:01:00,23
00261521,Elm Street,2025-05-13,2025-05-13T18:07:00,2025-05-13T18:08:00,33
00113264,Ocean Avenue,2025-05-13,2025-05-13T18:12:00,2025-05-13T18:14:00,22
00115521,Jump Street,2025-05-13,2025-05-13T18:15:00,2025-05-13T18:21:00,38
00311532,Fury Road,2025-05-13,2025-05-13T18:22:00,2025-05-13T18:20:00,7
00662113,Cloverfield Lane,2025-05-13,2025-05-13T18:41:00,2025-05-13T18:41:00,11
00113147,Bradshaw Street,2025-05-13,2025-05-13T19:03:00,2025-05-13T19:01:00,11
00261521,Elm Street,2025-05-13,2025-05-13T19:07:00,2025-05-13T19:05:00,28
00113264,Ocean Avenue,2025-05-13,2025-05-13T19:12:00,2025-05-13T19:14:00,33
00115521,Jump Street,2025-05-13,2025-05-13T19:15:00,2025-05-13T19:26:00,25
00311532,Fury Road,2025-05-13,2025-05-13T19:22:00,2025-05-13T19:29:00,11
00662113,Cloverfield Lane,2025-05-13,2025-05-13T19:41:00,2025-05-13T19:37:00,4
00113147,Bradshaw Street,2025-05-13,2025-05-13T20:03:00,2025-05-13T20:01:00,8
00261521,Elm Street,2025-05-13,2025-05-13T20:07:00,2025-05-13T20:08:00,4
00113264,Ocean Avenue,2025-05-13,2025-05-13T20:12:00,2025-05-13T20:18:00,18
00115521,Jump Street,2025-05-13,2025-05-13T20:15:00,2025-05-13T20:21:00,19
00311532,Fury Road,2025-05-13,2025-05-13T20:22:00,2025-05-13T20:27:00,4
00662113,Cloverfield Lane,2025-05-13,2025-05-13T20:41:00,2025-05-13T20:41:00,6
00113147,Bradshaw Street,2025-05-13,2025-05-13T21:03:00,2025-05-13T20:59:00,11
00261521,Elm Street,2025-05-13,2025-05-13T21:07:00,2025-05-13T21:12:00,4
00113264,Ocean Avenue,2025-05-13,2025-05-13T21:12:00,2025-05-13T21:16:00,35
00115521,Jump Street,2025-05-13,2025-05-13T21:15:00,2025-05-13T21:22:00,23
00311532,Fury Road,2025-05-13,2025-05-13T21:22:00,2025-05-13T21:29:00,5
00662113,Cloverfield Lane,2025-05-13,2025-05-13T21:41:00,2025-05-13T21:40:00,10
00113147,Bradshaw Street,2025-05-14,2025-05-14T06:03:00,2025-05-14T06:00:00,9
00261521,Elm Street,2025-05-14,2025-05-14T06:07:00,2025-05-14T06:07:00,10
00113264,Ocean Avenue,2025-05-14,2025-05-14T06:12:00,2025-05-14T06:14:00,12
00115521,Jump Street,2025-05-14,2025-05-14T06:15:00,2025-05-14T06:23:00,8
00311532,Fury Road,2025-05-14,2025-05-14T06:22:00,2025-05-14T06:22:00,1
00662113,Cloverfield Lane,2025-05-14,2025-05-14T06:41:00,2025-05-14T06:39:00,3
00113147,Bradshaw Street,2025-05-14,2025-05-14T07:03:00,2025-05-14T07:01:00,17
00261521,Elm Street,2025-05-14,2025-05-14T07:07:00,2025-05-14T07:06:00,58
00113264,Ocean Avenue,2025-05-14,2025-05-14T07:12:00,2025-05-14T07:14:00,33
00115521,Jump Street,2025-05-14,2025-05-14T07:15:00,2025-05-14T07:24:00,28
00311532,Fury Road,2025-05-14,2025-05-14T07:22:00,2025-05-14T07:27:00,6
00662113,Cloverfield Lane,2025-05-14,2025-05-14T07:41:00,2025-05-14T07:40:00,10
00113147,Bradshaw Street,2025-05-14,2025-05-14T08:03:00,2025-05-14T08:00:00,20
00261521,Elm Street,2025-05-14,2025-05-14T08:07:00,2025-05-14T08:09:00,55
00113264,Ocean Avenue,2025-05-14,2025-05-14T08:12:00,2025-05-14T08:16:00,46
00115521,Jump Street,2025-05-14,2025-05-14T08:15:00,2025-05-14T08:22:00,18
00311532,Fury Road,2025-05-14,2025-05-14T08:22:00,2025-05-14T08:31:00,1
00662113,Cloverfield Lane,2025-05-14,2025-05-14T08:41:00,2025-05-14T08:39:00,6
00113147,Bradshaw Street,2025-05-14,2025-05-14T09:03:00,2025-05-14T09:02:00,23
00261521,Elm Street,2025-05-14,2025-05-14T09:07:00,2025-05-14T09:10:00,42
00113264,Ocean Avenue,2025-05-14,2025-05-14T09:12:00,2025-05-14T09:11:00,42
00115521,Jump Street,2025-05-14,2025-05-14T09:15:00,2025-05-14T09:20:00,30
00311532,Fury Road,2025-05-14,2025-05-14T09:22:00,2025-05-14T09:26:00,15
00662113,Cloverfield Lane,2025-05-14,2025-05-14T09:41:00,2025-05-14T09:37:00,6
00113147,Bradshaw Street,2025-05-14,2025-05-14T10:03:00,2025-05-14T09:58:00,12
00261521,Elm Street,2025-05-14,2025-05-14T10:07:00,2025-05-14T10:06:00,20
00113264,Ocean Avenue,2025-05-14,2025-05-14T10:12:00,2025-05-14T10:15:00,3
00115521,Jump Street,2025-05-14,2025-05-14T10:15:00,2025-05-14T10:23:00,28
00311532,Fury Road,2025-05-14,2025-05-14T10:22:00,2025-05-14T10:28:00,9
00662113,Cloverfield Lane,2025-05-14,2025-05-14T10:41:00,2025-05-14T10:39:00,10
00113147,Bradshaw Street,2025-05-14,2025-05-14T11:03:00,2025-05-14T10:58:00,10
00261521,Elm Street,2025-05-14,2025-05-14T11:07:00,2025-05-14T11:07:00,19
00113264,Ocean Avenue,2025-05-14,2025-05-14T11:12:00,2025-05-14T11:18:00,20
00115521,Jump Street,2025-05-14,2025-05-14T11:15:00,2025-05-14T11:22:00,17
00311532,Fury Road,2025-05-14,2025-05-14T11:22:00,2025-05-14T11:25:00,1
00662113,Cloverfield Lane,2025-05-14,2025-05-14T11:41:00,2025-05-14T11:39:00,5
00113147,Bradshaw Street,2025-05-14,2025-05-14T12:03:00,2025-05-14T12:01:00,12
00261521,Elm Street,2025-05-14,2025-05-14T12:07:00,2025-05-14T12:10:00,32
00113264,Ocean Avenue,2025-05-14,2025-05-14T12:12:00,2025-05-14T12:16:00,11
00115521,Jump Street,2025-05-14,2025-05-14T12:15:00,2025-05-14T12:23:00,26
00311532,Fury Road,2025-05-14,2025-05-14T12:22:00,2025-05-14T12:22:00,5
00662113,Cloverfield Lane,2025-05-14,2025-05-14T12:41:00,2025-05-14T12:43:00,11
00113147,Bradshaw Street,2025-05-14,2025-05-14T13:03:00,2025-05-14T13:02:00,7
00261521,Elm Street,2025-05-14,2025-05-14T13:07:00,2025-05-14T13:09:00,20
00113264,Ocean Avenue,2025-05-14,2025-05-14T13:12:00,2025-05-14T13:16:00,28
00115521,Jump Street,2025-05-14,2025-05-14T13:15:00,2025-05-14T13:24:00,18
00311532,Fury Road,2025-05-14,2025-05-14T13:22:00,2025-05-14T13:29:00,7
00662113,Cloverfield Lane,2025-05-14,2025-05-14T13:41:00,2025-05-14T13:39:00,7
00113147,Bradshaw Street,2025-05-14,2025-05-14T14:03:00,2025-05-14T13:58:00,14
00261521,Elm Street,2025-05-14,2025-05-14T14:07:00,2025-05-14T14:11:00,17
00113264,Ocean Avenue,2025-05-14,2025-05-14T14:12:00,2025-05-14T14:15:00,24
00115521,Jump Street,2025-05-14,2025-05-14T14:15:00,2025-05-14T14:18:00,14
00311532,Fury Road,2025-05-14,2025-05-14T14:22:00,2025-05-14T14:26:00,11
00662113,Cloverfield Lane,2025-05-14,2025-05-14T14:41:00,2025-05-14T14:40:00,5
00113147,Bradshaw Street,2025-05-14,2025-05-14T15:03:00,2025-05-14T14:58:00,5
00261521,Elm Street,2025-05-14,2025-05-14T15:07:00,2025-05-14T15:06:00,36
00113264,Ocean Avenue,2025-05-14,2025-05-14T15:12:00,2025-05-14T15:16:00,13
00115521,Jump Street,2025-05-14,2025-05-14T15:15:00,2025-05-14T15:21:00,14
00311532,Fury Road,2025-05-14,2025-05-14T15:22:00,2025-05-14T15:33:00,8
00662113,Cloverfield Lane,2025-05-14,2025-05-14T15:41:00,2025-05-14T15:39:00,10
00113147,Bradshaw Street,2025-05-14,2025-05-14T16:03:00,2025-05-14T16:01:00,13
00261521,Elm Street,2025-05-14,2025-05-14T16:07:00,2025-05-14T16:07:00,40
00113264,Ocean Avenue,2025-05-14,2025-05-14T16:12:00,2025-05-14T16:10:00,26
00115521,Jump Street,2025-05-14,2025-05-14T16:15:00,2025-05-14T16:23:00,30
00311532,Fury Road,2025-05-14,2025-05-14T16:22:00,2025-05-14T16:29:00,11
00662113,Cloverfield Lane,2025-05-14,2025-05-14T16:41:00,2025-05-14T16:40:00,4
00113147,Bradshaw Street,2025-05-14,2025-05-14T17:03:00,2025-05-14T17:00:00,20
00261521,Elm Street,2025-05-14,2025-05-14T17:07:00,2025-05-14T17:09:00,33
00113264,Ocean Avenue,2025-05-14,2025-05-14T17:12:00,2025-05-14T17:13:00,25
00115521,Jump Street,2025-05-14,2025-05-14T17:15:00,2025-05-14T17:21:00,30
00311532,Fury Road,2025-05-14,2025-05-14T17:22:00,2025-05-14T17:27:00,15
00662113,Cloverfield Lane,2025-05-14,2025-05-14T17:41:00,2025-05-14T17:38:00,6
00113147,Bradshaw Street,2025-05-14,2025-05-14T18:03:00,2025-05-14T18:01:00,18
00261521,Elm Street,2025-05-14,2025-05-14T18:07:00,2025-05-14T18:06:00,14
00113264,Ocean Avenue,2025-05-14,2025-05-14T18:12:00,2025-05-14T18:18:00,25
00115521,Jump Street,2025-05-14,2025-05-14T18:15:00,2025-05-14T18:25:00,32
00311532,Fury Road,2025-05-14,2025-05-14T18:22:00,2025-05-14T18:25:00,11
00662113,Cloverfield Lane,2025-05-14,2025-05-14T18:41:00,2025-05-14T18:40:00,8
00113147,Bradshaw Street,2025-05-14,2025-05-14T19:03:00,2025-05-14T18:59:00,13
00261521,Elm Street,2025-05-14,2025-05-14T19:07:00,2025-05-14T19:09:00,20
00113264,Ocean Avenue,2025-05-14,2025-05-14T19:12:00,2025-05-14T19:18:00,28
00115521,Jump Street,2025-05-14,2025-05-14T19:15:00,2025-05-14T19:21:00,9
00311532,Fury Road,2025-05-14,2025-05-14T19:22:00,2025-05-14T19:28:00,6
00662113,Cloverfield Lane,2025-05-14,2025-05-14T19:41:00,2025-05-14T19:41:00,0
00113147,Bradshaw Street,2025-05-14,2025-05-14T20:03:00,2025-05-14T20:00:00,1
00261521,Elm Street,2025-05-14,2025-05-14T20:07:00,2025-05-14T20:06:00,15
00113264,Ocean Avenue,2025-05-14,2025-05-14T20:12:00,2025-05-14T20:14:00,18
00115521,Jump Street,2025-05-14,2025-05-14T20:15:00,2025-05-14T20:25:00,24
00311532,Fury Road,2025-05-14,2025-05-14T20:22:00,2025-05-14T20:20:00,11
00662113,Cloverfield Lane,2025-05-14,2025-05-14T20:41:00,2025-05-14T20:39:00,4
00113147,Bradshaw Street,2025-05-14,2025-05-14T21:03:00,2025-05-14T20:59:00,10
00261521,Elm Street,2025-05-14,2025-05-14T21:07:00,2025-05-14T21:07:00,41
00113264,Ocean Avenue,2025-05-14,2025-05-14T21:12:00,2025-05-14T21:16:00,18
00115521,Jump Street,2025-05-14,2025-05-14T21:15:00,2025-05-14T21:23:00,16
00311532,Fury Road,2025-05-14,2025-05-14T21:22:00,2025-05-14T21:23:00,2
00662113,Cloverfield Lane,2025-05-14,2025-05-14T21:41:00,2025-05-14T21:42:00,6
00113147,Bradshaw Street,2025-05-15,2025-05-15T06:03:00,2025-05-15T06:01:00,5
00261521,Elm Street,2025-05-15,2025-05-15T06:07:00,2025-05-15T06:08:00,5
00113264,Ocean Avenue,2025-05-15,2025-05-15T06:12:00,2025-05-15T06:12:00,19
00115521,Jump Street,2025-05-15,2025-05-15T06:15:00,2025-05-15T06:24:00,2
00311532,Fury Road,2025-05-15,2025-05-15T06:22:00,2025-05-15T06:26:00,6
00662113,Cloverfield Lane,2025-05-15,2025-05-15T06:41:00,2025-05-15T06:38:00,10
00113147,Bradshaw Street,2025-05-15,2025-05-15T07:03:00,2025-05-15T06:59:00,34
00261521,Elm Street,2025-05-15,2025-05-15T07:07:00,2025-05-15T07:05:00,57
00113264,Ocean Avenue,2025-05-15,2025-05-15T07:12:00,2025-05-15T07:11:00,42
00115521,Jump Street,2025-05-15,2025-05-15T07:15:00,2025-05-15T07:25:00,34
00311532,Fury Road,2025-05-15,2025-05-15T07:22:00,2025-05-15T07:27:00,5
00662113,Cloverfield Lane,2025-05-15,2025-05-15T07:41:00,2025-05-15T07:40:00,7
00113147,Bradshaw Street,2025-05-15,2025-05-15T08:03:00,2025-05-15T08:01:00,28
00261521,Elm Street,2025-05-15,2025-05-15T08:07:00,2025-05-15T08:08:00,60
00113264,Ocean Avenue,2025-05-15,2025-05-15T08:12:00,2025-05-15T08:16:00,42
00115521,Jump Street,2025-05-15,2025-05-15T08:15:00,2025-05-15T08:23:00,30
00311532,Fury Road,2025-05-15,2025-05-15T08:22:00,2025-05-15T08:29:00,11
00662113,Cloverfield Lane,2025-05-15,2025-05-15T08:41:00,2025-05-15T08:40:00,6
00113147,Bradshaw Street,2025-05-15,2025-05-15T09:03:00,2025-05-15T09:00:00,25
00261521,Elm Street,2025-05-15,2025-05-15T09:07:00,2025-05-15T09:09:00,58
00113264,Ocean Avenue,2025-05-15,2025-05-15T09:12:00,2025-05-15T09:17:00,44
00115521,Jump Street,2025-05-15,2025-05-15T09:15:00,2025-05-15T09:18:00,20
00311532,Fury Road,2025-05-15,2025-05-15T09:22:00,2025-05-15T09:24:00,21
00662113,Cloverfield Lane,2025-05-15,2025-05-15T09:41:00,2025-05-15T09:38:00,3
00113147,Bradshaw Street,2025-05-15,2025-05-15T10:03:00,2025-05-15T09:59:00,7
00261521,Elm Street,2025-05-15,2025-05-15T10:07:00,2025-05-15T10:04:00,30
00113264,Ocean Avenue,2025-05-15,2025-05-15T10:12:00,2025-05-15T10:17:00,31
00115521,Jump Street,2025-05-15,2025-05-15T10:15:00,2025-05-15T10:27:00,5
00311532,Fury Road,2025-05-15,2025-05-15T10:22:00,2025-05-15T10:25:00,7
00662113,Cloverfield Lane,2025-05-15,2025-05-15T10:41:00,2025-05-15T10:41:00,5
00113147,Bradshaw Street,2025-05-15,2025-05-15T11:03:00,2025-05-15T11:02:00,11
00261521,Elm Street,2025-05-15,2025-05-15T11:07:00,2025-05-15T11:11:00,41
00113264,Ocean Avenue,2025-05-15,2025-05-15T11:12:00,2025-05-15T11:15:00,24
00115521,Jump Street,2025-05-15,2025-05-15T11:15:00,2025-05-15T11:23:00,21
00311532,Fury Road,2025-05-15,2025-05-15T11:22:00,2025-05-15T11:30:00,2
00662113,Cloverfield Lane,2025-05-15,2025-05-15T11:41:00,2025-05-15T11:41:00,11
00113147,Bradshaw Street,2025-05-15,2025-05-15T12:03:00,2025-05-15T12:00:00,18
00261521,Elm Street,2025-05-15,2025-05-15T12:07:00,2025-05-15T12:12:00,36
00113264,Ocean Avenue,2025-05-15,2025-05-15T12:12:00,2025-05-15T12:13:00,24
00115521,Jump Street,2025-05-15,2025-05-15T12:15:00,2025-05-15T12:23:00,12
00311532,Fury Road,2025-05-15,2025-05-15T12:22:00,2025-05-15T12:26:00,19
00662113,Cloverfield Lane,2025-05-15,2025-05-15T12:41:00,2025-05-15T12:41:00,7
00113147,Bradshaw Street,2025-05-15,2025-05-15T13:03:00,2025-05-15T12:58:00,8
00261521,Elm Street,2025-05-15,2025-05-15T13:07:00,2025-05-15T13:08:00,39
00113264,Ocean Avenue,2025-05-15,2025-05-15T13:12:00,2025-05-15T13:15:00,17
00115521,Jump Street,2025-05-15,2025-05-15T13:15:00,2025-05-15T13:22:00,14
00311532,Fury Road,2025-05-15,2025-05-15T13:22:00,2025-05-15T13:25:00,12
00662113,Cloverfield Lane,2025-05-15,2025-05-15T13:41:00,2025-05-15T13:39:00,8
00113147,Bradshaw Street,2025-05-15,2025-05-15T14:03:00,2025-05-15T14:02:00,7
00261521,Elm Street,2025-05-15,2025-05-15T14:07:00,2025-05-15T14:07:00,33
00113264,Ocean Avenue,2025-05-15,2025-05-15T14:12:00,2025-05-15T14:18:00,13
00115521,Jump Street,2025-05-15,2025-05-15T14:15:00,2025-05-15T14:22:00,17
00311532,Fury Road,2025-05-15,2025-05-15T14:22:00,2025-05-15T14:28:00,7
00662113,Cloverfield Lane,2025-05-15,2025-05-15T14:41:00,2025-05-15T14:41:00,10
00113147,Bradshaw Street,2025-05-15,2025-05-15T15:03:00,2025-05-15T15:00:00,4
00261521,Elm Street,2025-05-15,2025-05-15T15:07:00,2025-05-15T15:09:00,14
00113264,Ocean Avenue,2025-05-15,2025-05-15T15:12:00,2025-05-15T15:14:00,19
00115521,Jump Street,2025-05-15,2025-05-15T15:15:00,2025-05-15T15:25:00,25
00311532,Fury Road,2025-05-15,2025-05-15T15:22:00,2025-05-15T15:22:00,11
00662113,Cloverfield Lane,2025-05-15,2025-05-15T15:41:00,2025-05-15T15:38:00,6
00113147,Bradshaw Street,2025-05-15,2025-05-15T16:03:00,2025-05-15T16:00:00,5
00261521,Elm Street,2025-05-15,2025-05-15T16:07:00,2025-05-15T16:07:00,38
00113264,Ocean Avenue,2025-05-15,2025-05-15T16:12:00,2025-05-15T16:12:00,41
00115521,Jump Street,2025-05-15,2025-05-15T16:15:00,2025-05-15T16:21:00,39
00311532,Fury Road,2025-05-15,2025-05-15T16:22:00,2025-05-15T16:28:00,11
00662113,Cloverfield Lane,2025-05-15,2025-05-15T16:41:00,2025-05-15T16:37:00,14
00113147,Bradshaw Street,2025-05-15,2025-05-15T17:03:00,2025-05-15T17:00:00,9
00261521,Elm Street,2025-05-15,2025-05-15T17:07:00,2025-05-15T17:05:00,52
00113264,Ocean Avenue,2025-05-15,2025-05-15T17:12:00,2025-05-15T17:17:00,26
00115521,Jump Street,2025-05-15,2025-05-15T17:15:00,2025-05-15T17:23:00,44
00311532,Fury Road,2025-05-15,2025-05-15T17:22:00,2025-05-15T17:28:00,16
00662113,Cloverfield Lane,2025-05-15,2025-05-15T17:41:00,2025-05-15T17:41:00,5
00113147,Bradshaw Street,2025-05-15,2025-05-15T18:03:00,2025-05-15T17:58:00,19
00261521,Elm Street,2025-05-15,2025-05-15T18:07:00,2025-05-15T18:06:00,33
00113264,Ocean Avenue,2025-05-15,2025-05-15T18:12:00,2025-05-15T18:16:00,21
00115521,Jump Street,2025-05-15,2025-05-15T18:15:00,2025-05-15T18:20:00,37
00311532,Fury Road,2025-05-15,2025-05-15T18:22:00,2025-05-15T18:30:00,9
00662113,Cloverfield Lane,2025-05-15,2025-05-15T18:41:00,2025-05-15T18:41:00,13
00113147,Bradshaw Street,2025-05-15,2025-05-15T19:03:00,2025-05-15T19:01:00,10
00261521,Elm Street,2025-05-15,2025-05-15T19:07:00,2025-05-15T19:08:00,32
00113264,Ocean Avenue,2025-05-15,2025-05-15T19:12:00,2025-05-15T19:12:00,29
00115521,Jump Street,2025-05-15,2025-05-15T19:15:00,2025-05-15T19:22:00,30
00311532,Fury Road,2025-05-15,2025-05-15T19:22:00,2025-05-15T19:24:00,3
00662113,Cloverfield Lane,2025-05-15,2025-05-15T19:41:00,2025-05-15T19:36:00,9
00113147,Bradshaw Street,2025-05-15,2025-05-15T20:03:00,2025-05-15T20:01:00,14
00261521,Elm Street,2025-05-15,2025-05-15T20:07:00,2025-05-15T20:06:00,15
00113264,Ocean Avenue,2025-05-15,2025-05-15T20:12:00,2025-05-15T20:15:00,20
00115521,Jump Street,2025-05-15,2025-05-15T20:15:00,2025-05-15T20:26:00,19
00311532,Fury Road,2025-05-15,2025-05-15T20:22:00,2025-05-15T20:26:00,12
00662113,Cloverfield Lane,2025-05-15,2025-05-15T20:41:00,2025-05-15T20:37:00,3
00113147,Bradshaw Street,2025-05-15,2025-05-15T21:03:00,2025-05-15T21:01:00,4
00261521,Elm Street,2025-05-15,2025-05-15T21:07:00,2025-05-15T21:05:00,14
00113264,Ocean Avenue,2025-05-15,2025-05-15T21:12:00,2025-05-15T21:13:00,8
00115521,Jump Street,2025-05-15,2025-05-15T21:15:00,2025-05-15T21:24:00,22
00311532,Fury Road,2025-05-15,2025-05-15T21:22:00,2025-05-15T21:24:00,2
00662113,Cloverfield Lane,2025-05-15,2025-05-15T21:41:00,2025-05-15T21:39:00,6
00113147,Bradshaw Street,2025-05-16,2025-05-16T06:03:00,2025-05-16T06:00:00,9
00261521,Elm Street,2025-05-16,2025-05-16T06:07:00,2025-05-16T06:08:00,14
00113264,Ocean Avenue,2025-05-16,2025-05-16T06:12:00,2025-05-16T06:17:00,9
00115521,Jump Street,2025-05-16,2025-05-16T06:15:00,2025-05-16T06:20:00,24
00311532,Fury Road,2025-05-16,2025-05-16T06:22:00,2025-05-16T06:28:00,7
00662113,Cloverfield Lane,2025-05-16,2025-05-16T06:41:00,2025-05-16T06:41:00,6
00113147,Bradshaw Street,2025-05-16,2025-05-16T07:03:00,2025-05-16T07:00:00,11
00261521,Elm Street,2025-05-16,2025-05-16T07:07:00,2025-05-16T07:10:00,60
00113264,Ocean Avenue,2025-05-16,2025-05-16T07:12:00,2025-05-16T07:15:00,44
00115521,Jump Street,2025-05-16,2025-05-16T07:15:00,2025-05-16T07:21:00,27
00311532,Fury Road,2025-05-16,2025-05-16T07:22:00,2025-05-16T07:26:00,9
00662113,Cloverfield Lane,2025-05-16,2025-05-16T07:41:00,2025-05-16T07:40:00,5
00113147,Bradshaw Street,2025-05-16,2025-05-16T08:03:00,2025-05-16T07:59:00,26
00261521,Elm Street,2025-05-16,2025-05-16T08:07:00,2025-05-16T08:09:00,50
00113264,Ocean Avenue,2025-05-16,2025-05-16T08:12:00,2025-05-16T08:13:00,27
00115521,Jump Street,2025-05-16,2025-05-16T08:15:00,2025-05-16T08:20:00,22
00311532,Fury Road,2025-05-16,2025-05-16T08:22:00,2025-05-16T08:27:00,8
00662113,Cloverfield Lane,2025-05-16,2025-05-16T08:41:00,2025-05-16T08:39:00,1
00113147,Bradshaw Street,2025-05-16,2025-05-16T09:03:00,2025-05-16T09:01:00,15
00261521,Elm Street,2025-05-16,2025-05-16T09:07:00,2025-05-16T09:03:00,57
00113264,Ocean Avenue,2025-05-16,2025-05-16T09:12:00,2025-05-16T09:19:00,28
00115521,Jump Street,2025-05-16,2025-05-16T09:15:00,2025-05-16T09:21:00,24
00311532,Fury Road,2025-05-16,2025-05-16T09:22:00,2025-05-16T09:29:00,7
00662113,Cloverfield Lane,2025-05-16,2025-05-16T09:41:00,2025-05-16T09:39:00,8
00113147,Bradshaw Street,2025-05-16,2025-05-16T10:03:00,2025-05-16T10:02:00,18
00261521,Elm Street,2025-05-16,2025-05-16T10:07:00,2025-05-16T10:07:00,1
00113264,Ocean Avenue,2025-05-16,2025-05-16T10:12:00,2025-05-16T10:16:00,31
00115521,Jump Street,2025-05-16,2025-05-16T10:15:00,2025-05-16T10:23:00,16
00311532,Fury Road,2025-05-16,2025-05-16T10:22:00,2025-05-16T10:28:00,7
00662113,Cloverfield Lane,2025-05-16,2025-05-16T10:41:00,2025-05-16T10:39:00,10
00113147,Bradshaw Street,2025-05-16,2025-05-16T11:03:00,2025-05-16T11:00:00,15
00261521,Elm Street,2025-05-16,2025-05-16T11:07:00,2025-05-16T11:12:00,17
00113264,Ocean Avenue,2025-05-16,2025-05-16T11:12:00,2025-05-16T11:14:00,37
00115521,Jump Street,2025-05-16,2025-05-16T11:15:00,2025-05-16T11:22:00,24
00311532,Fury Road,2025-05-16,2025-05-16T11:22:00,2025-05-16T11:29:00,11
00662113,Cloverfield Lane,2025-05-16,2025-05-16T11:41:00,2025-05-16T11:40:00,13
00113147,Bradshaw Street,2025-05-16,2025-05-16T12:03:00,2025-05-16T11:59:00,17
00261521,Elm Street,2025-05-16,2025-05-16T12:07:00,2025-05-16T12:06:00,46
00113264,Ocean Avenue,2025-05-16,2025-05-16T12:12:00,2025-05-16T12:15:00,14
00115521,Jump Street,2025-05-16,2025-05-16T12:15:00,2025-05-16T12:20:00,18
00311532,Fury Road,2025-05-16,2025-05-16T12:22:00,2025-05-16T12:29:00,3
00662113,Cloverfield Lane,2025-05-16,2025-05-16T12:41:00,2025-05-16T12:39:00,10
00113147,Bradshaw Street,2025-05-16,2025-05-16T13:03:00,2025-05-16T13:02:00,14
00261521,Elm Street,2025-05-16,2025-05-16T13:07:00,2025-05-16T13:08:00,8
00113264,Ocean Avenue,2025-05-16,2025-05-16T13:12:00,2025-05-16T13:13:00,16
00115521,Jump Street,2025-05-16,2025-05-16T13:15:00,2025-05-16T13:25:00,17
00311532,Fury Road,2025-05-16,2025-05-16T13:22:00,2025-05-16T13:26:00,7
00662113,Cloverfield Lane,2025-05-16,2025-05-16T13:41:00,2025-05-16T13:39:00,4
00113147,Bradshaw Street,2025-05-16,2025-05-16T14:03:00,2025-05-16T14:02:00,12
00261521,Elm Street,2025-05-16,2025-05-16T14:07:00,2025-05-16T14:05:00,27
00113264,Ocean Avenue,2025-05-16,2025-05-16T14:12:00,2025-05-16T14:12:00,26
00115521,Jump Street,2025-05-16,2025-05-16T14:15:00,2025-05-16T14:19:00,19
00311532,Fury Road,2025-05-16,2025-05-16T14:22:00,2025-05-16T14:24:00,16
00662113,Cloverfield Lane,2025-05-16,2025-05-16T14:41:00,2025-05-16T14:41:00,8
00113147,Bradshaw Street,2025-05-16,2025-05-16T15:03:00,2025-05-16T14:59:00,14
00261521,Elm Street,2025-05-16,2025-05-16T15:07:00,2025-05-16T15:06:00,27
00113264,Ocean Avenue,2025-05-16,2025-05-16T15:12:00,2025-05-16T15:14:00,19
00115521,Jump Street,2025-05-16,2025-05-16T15:15:00,2025-05-16T15:24:00,8
00311532,Fury Road,2025-05-16,2025-05-16T15:22:00,2025-05-16T15:25:00,6
00662113,Cloverfield Lane,2025-05-16,2025-05-16T15:41:00,2025-05-16T15:39:00,11
00113147,Bradshaw Street,2025-05-16,2025-05-16T16:03:00,2025-05-16T16:01:00,14
00261521,Elm Street,2025-05-16,2025-05-16T16:07:00,2025-05-16T16:07:00,44
00113264,Ocean Avenue,2025-05-16,2025-05-16T16:12:00,2025-05-16T16:12:00,32
00115521,Jump Street,2025-05-16,2025-05-16T16:15:00,2025-05-16T16:24:00,28
00311532,Fury Road,2025-05-16,2025-05-16T16:22:00,2025-05-16T16:24:00,18
00662113,Cloverfield Lane,2025-05-16,2025-05-16T16:41:00,2025-05-16T16:43:00,2
00113147,Bradshaw Street,2025-05-16,2025-05-16T17:03:00,2025-05-16T17:00:00,18
00261521,Elm Street,2025-05-16,2025-05-16T17:07:00,2025-05-16T17:07:00,24
00113264,Ocean Avenue,2025-05-16,2025-05-16T17:12:00,2025-05-16T17:14:00,17
00115521,Jump Street,2025-05-16,2025-05-16T17:15:00,2025-05-16T17:24:00,33
00311532,Fury Road,2025-05-16,2025-05-16T17:22:00,2025-05-16T17:26:00,8
00662113,Cloverfield Lane,2025-05-16,2025-05-16T17:41:00,2025-05-16T17:40:00,2
00113147,Bradshaw Street,2025-05-16,2025-05-16T18:03:00,2025-05-16T18:00:00,10
00261521,Elm Street,2025-05-16,2025-05-16T18:07:00,2025-05-16T18:06:00,46
00113264,Ocean Avenue,2025-05-16,2025-05-16T18:12:00,2025-05-16T18:16:00,26
00115521,Jump Street,2025-05-16,2025-05-16T18:15:00,2025-05-16T18:24:00,36
00311532,Fury Road,2025-05-16,2025-05-16T18:22:00,2025-05-16T18:26:00,8
00662113,Cloverfield Lane,2025-05-16,2025-05-16T18:41:00,2025-05-16T18:37:00,7
00113147,Bradshaw Street,2025-05-16,2025-05-16T19:03:00,2025-05-16T18:58:00,18
00261521,Elm Street,2025-05-16,2025-05-16T19:07:00,2025-05-16T19:07:00,34
00113264,Ocean Avenue,2025-05-16,2025-05-16T19:12:00,2025-05-16T19:14:00,19
00115521,Jump Street,2025-05-16,2025-05-16T19:15:00,2025-05-16T19:21:00,9
00311532,Fury Road,2025-05-16,2025-05-16T19:22:00,2025-05-16T19:25:00,0
00662113,Cloverfield Lane,2025-05-16,2025-05-16T19:41:00,2025-05-16T19:40:00,5
00113147,Bradshaw Street,2025-05-16,2025-05-16T20:03:00,2025-05-16T20:00:00,5
00261521,Elm Street,2025-05-16,2025-05-16T20:07:00,2025-05-16T20:09:00,33
00113264,Ocean Avenue,2025-05-16,2025-05-16T20:12:00,2025-05-16T20:13:00,19
00115521,Jump Street,2025-05-16,2025-05-16T20:15:00,2025-05-16T20:22:00,9
00311532,Fury Road,2025-05-16,2025-05-16T20:22:00,2025-05-16T20:28:00,8
00662113,Cloverfield Lane,2025-05-16,2025-05-16T20:41:00,2025-05-16T20:39:00,6
00113147,Bradshaw Street,2025-05-16,2025-05-16T21:03:00,none,0
00261521,Elm Street,2025-05-16,2025-05-16T21:07:00,2025-05-16T21:09:00,37
00113264,Ocean Avenue,2025-05-16,2025-05-16T21:12:00,2025-05-16T21:12:00,17
00115521,Jump Street,2025-05-16,2025-05-16T21:15:00,2025-05-16T21:20:00,10
00311532,Fury Road,2025-05-16,2025-05-16T21:22:00,2025-05-16T21:20:00,8
00662113,Cloverfield Lane,2025-05-16,2025-05-16T21:41:00,2025-05-16T21:40:00,2
00113147,Bradshaw Street,2025-05-17,2025-05-17T06:03:00,2025-05-17T05:59:00,5
00261521,Elm Street,2025-05-17,2025-05-17T06:07:00,2025-05-17T06:09:00,40
00113264,Ocean Avenue,2025-05-17,2025-05-17T06:12:00,2025-05-17T06:15:00,24
00115521,Jump Street,2025-05-17,2025-05-17T06:15:00,2025-05-17T06:23:00,10
00311532,Fury Road,2025-05-17,2025-05-17T06:22:00,2025-05-17T06:30:00,5
00662113,Cloverfield Lane,2025-05-17,2025-05-17T06:41:00,2025-05-17T06:41:00,1
00113147,Bradshaw Street,2025-05-17,2025-05-17T07:03:00,2025-05-17T06:59:00,13
00261521,Elm Street,2025-05-17,2025-05-17T07:07:00,2025-05-17T07:14:00,35
00113264,Ocean Avenue,2025-05-17,2025-05-17T07:12:00,2025-05-17T07:17:00,29
00115521,Jump Street,2025-05-17,2025-05-17T07:15:00,2025-05-17T07:24:00,20
00311532,Fury Road,2025-05-17,2025-05-17T07:22:00,2025-05-17T07:25:00,5
00662113,Cloverfield Lane,2025-05-17,2025-05-17T07:41:00,2025-05-17T07:42:00,3
00113147,Bradshaw Street,2025-05-17,2025-05-17T08:03:00,2025-05-17T07:59:00,15
00261521,Elm Street,2025-05-17,2025-05-17T08:07:00,2025-05-17T08:09:00,44
00113264,Ocean Avenue,2025-05-17,2025-05-17T08:12:00,2025-05-17T08:12:00,16
00115521,Jump Street,2025-05-17,2025-05-17T08:15:00,2025-05-17T08:23:00,21
00311532,Fury Road,2025-05-17,2025-05-17T08:22:00,2025-05-17T08:31:00,2
00662113,Cloverfield Lane,2025-05-17,2025-05-17T08:41:00,2025-05-17T08:42:00,0
00113147,Bradshaw Street,2025-05-17,2025-05-17T09:03:00,none,0
00261521,Elm Street,2025-05-17,2025-05-17T09:07:00,none,0
00113264,Ocean Avenue,2025-05-17,2025-05-17T09:12:00,2025-05-17T09:16:00,33
00115521,Jump Street,2025-05-17,2025-05-17T09:15:00,2025-05-17T09:20:00,8
00311532,Fury Road,2025-05-17,2025-05-17T09:22:00,2025-05-17T09:30:00,9
00662113,Cloverfield Lane,2025-05-17,2025-05-17T09:41:00,2025-05-17T09:39:00,7
00113147,Bradshaw Street,2025-05-17,2025-05-17T10:03:00,2025-05-17T10:03:00,12
00261521,Elm Street,2025-05-17,2025-05-17T10:07:00,2025-05-17T10:04:00,23
00113264,Ocean Avenue,2025-05-17,2025-05-17T10:12:00,2025-05-17T10:14:00,4
00115521,Jump Street,2025-05-17,2025-05-17T10:15:00,2025-05-17T10:22:00,16
00311532,Fury Road,2025-05-17,2025-05-17T10:22:00,2025-05-17T10:25:00,13
00662113,Cloverfield Lane,2025-05-17,2025-05-17T10:41:00,2025-05-17T10:39:00,2
00113147,Bradshaw Street,2025-05-17,2025-05-17T11:03:00,2025-05-17T11:01:00,13
00261521,Elm Street,2025-05-17,2025-05-17T11:07:00,2025-05-17T11:07:00,6
00113264,Ocean Avenue,2025-05-17,2025-05-17T11:12:00,2025-05-17T11:15:00,13
00115521,Jump Street,2025-05-17,2025-05-17T11:15:00,2025-05-17T11:24:00,17
00311532,Fury Road,2025-05-17,2025-05-17T11:22:00,2025-05-17T11:23:00,6
00662113,Cloverfield Lane,2025-05-17,2025-05-17T11:41:00,2025-05-17T11:39:00,4
00113147,Bradshaw Street,2025-05-17,2025-05-17T12:03:00,2025-05-17T12:01:00,10
00261521,Elm Street,2025-05-17,2025-05-17T12:07:00,2025-05-17T12:06:00,27
00113264,Ocean Avenue,2025-05-17,2025-05-17T12:12:00,2025-05-17T12:14:00,15
00115521,Jump Street,2025-05-17,2025-05-17T12:15:00,2025-05-17T12:19:00,10
00311532,Fury Road,2025-05-17,2025-05-17T12:22:00,2025-05-17T12:27:00,5
00662113,Cloverfield Lane,2025-05-17,2025-05-17T12:41:00,2025-05-17T12:41:00,3
00113147,Bradshaw Street,2025-05-17,2025-05-17T13:03:00,2025-05-17T13:01:00,20
00261521,Elm Street,2025-05-17,2025-05-17T13:07:00,2025-05-17T13:06:00,21
00113264,Ocean Avenue,2025-05-17,2025-05-17T13:12:00,2025-05-17T13:13:00,17
00115521,Jump Street,2025-05-17,2025-05-17T13:15:00,2025-05-17T13:20:00,18
00311532,Fury Road,2025-05-17,2025-05-17T13:22:00,2025-05-17T13:28:00,3
00662113,Cloverfield Lane,2025-05-17,2025-05-17T13:41:00,2025-05-17T13:39:00,8
00113147,Bradshaw Street,2025-05-17,2025-05-17T14:03:00,2025-05-17T13:59:00,3
00261521,Elm Street,2025-05-17,2025-05-17T14:07:00,2025-05-17T14:07:00,31
00113264,Ocean Avenue,2025-05-17,2025-05-17T14:12:00,2025-05-17T14:15:00,20
00115521,Jump Street,2025-05-17,2025-05-17T14:15:00,2025-05-17T14:24:00,10
00311532,Fury Road,2025-05-17,2025-05-17T14:22:00,2025-05-17T14:25:00,2
00662113,Cloverfield Lane,2025-05-17,2025-05-17T14:41:00,2025-05-17T14:39:00,3
00113147,Bradshaw Street,2025-05-17,2025-05-17T15:03:00,2025-05-17T14:59:00,14
00261521,Elm Street,2025-05-17,2025-05-17T15:07:00,2025-05-17T15:10:00,28
00113264,Ocean Avenue,2025-05-17,2025-05-17T15:12:00,2025-05-17T15:13:00,9
00115521,Jump Street,2025-05-17,2025-05-17T15:15:00,2025-05-17T15:26:00,5
00311532,Fury Road,2025-05-17,2025-05-17T15:22:00,2025-05-17T15:25:00,6
00662113,Cloverfield Lane,2025-05-17,2025-05-17T15:41:00,2025-05-17T15:41:00,5
00113147,Bradshaw Street,2025-05-17,2025-05-17T16:03:00,2025-05-17T15:58:00,10
00261521,Elm Street,2025-05-17,2025-05-17T16:07:00,2025-05-17T16:09:00,18
00113264,Ocean Avenue,2025-05-17,2025-05-17T16:12:00,2025-05-17T16:11:00,7
00115521,Jump Street,2025-05-17,2025-05-17T16:15:00,2025-05-17T16:20:00,33
00311532,Fury Road,2025-05-17,2025-05-17T16:22:00,2025-05-17T16:26:00,5
00662113,Cloverfield Lane,2025-05-17,2025-05-17T16:41:00,2025-05-17T16:41:00,4
00113147,Bradshaw Street,2025-05-17,2025-05-17T17:03:00,2025-05-17T17:00:00,4
00261521,Elm Street,2025-05-17,2025-05-17T17:07:00,2025-05-17T17:10:00,16
00113264,Ocean Avenue,2025-05-17,2025-05-17T17:12:00,2025-05-17T17:15:00,13
00115521,Jump Street,2025-05-17,2025-05-17T17:15:00,2025-05-17T17:22:00,38
00311532,Fury Road,2025-05-17,2025-05-17T17:22:00,2025-05-17T17:27:00,6
00662113,Cloverfield Lane,2025-05-17,2025-05-17T17:41:00,2025-05-17T17:40:00,6
00113147,Bradshaw Street,2025-05-17,2025-05-17T18:03:00,2025-05-17T18:00:00,0
00261521,Elm Street,2025-05-17,2025-05-17T18:07:00,2025-05-17T18:08:00,17
00113264,Ocean Avenue,2025-05-17,2025-05-17T18:12:00,2025-05-17T18:18:00,14
00115521,Jump Street,2025-05-17,2025-05-17T18:15:00,2025-05-17T18:22:00,27
00311532,Fury Road,2025-05-17,2025-05-17T18:22:00,2025-05-17T18:29:00,11
00662113,Cloverfield Lane,2025-05-17,2025-05-17T18:41:00,2025-05-17T18:38:00,1
00113147,Bradshaw Street,2025-05-17,2025-05-17T19:03:00,none,0
00261521,Elm Street,2025-05-17,2025-05-17T19:07:00,none,0
00113264,Ocean Avenue,2025-05-17,2025-05-17T19:12:00,2025-05-17T19:12:00,13
00115521,Jump Street,2025-05-17,2025-05-17T19:15:00,2025-05-17T19:22:00,5
00311532,Fury Road,2025-05-17,2025-05-17T19:22:00,2025-05-17T19:28:00,0
00662113,Cloverfield Lane,2025-05-17,2025-05-17T19:41:00,2025-05-17T19:43:00,1
00113147,Bradshaw Street,2025-05-17,2025-05-17T20:03:00,2025-05-17T19:59:00,0
00261521,Elm Street,2025-05-17,2025-05-17T20:07:00,2025-05-17T20:09:00,24
00113264,Ocean Avenue,2025-05-17,2025-05-17T20:12:00,2025-05-17T20:13:00,8
00115521,Jump Street,2025-05-17,2025-05-17T20:15:00,2025-05-17T20:24:00,10
00311532,Fury Road,2025-05-17,2025-05-17T20:22:00,2025-05-17T20:27:00,7
00662113,Cloverfield Lane,2025-05-17,2025-05-17T20:41:00,2025-05-17T20:41:00,4
00113147,Bradshaw Street,2025-05-17,2025-05-17T21:03:00,2025-05-17T21:03:00,5
00261521,Elm Street,2025-05-17,2025-05-17T21:07:00,2025-05-17T21:08:00,28
00113264,Ocean Avenue,2025-05-17,2025-05-17T21:12:00,2025-05-17T21:13:00,8
00115521,Jump Street,2025-05-17,2025-05-17T21:15:00,2025-05-17T21:22:00,2
00311532,Fury Road,2025-05-17,2025-05-17T21:22:00,2025-05-17T21:25:00,6
00662113,Cloverfield Lane,2025-05-17,2025-05-17T21:41:00,2025-05-17T21:42:00,0
00113147,Bradshaw Street,2025-05-18,2025-05-18T06:03:00,2025-05-18T05:59:00,10
00261521,Elm Street,2025-05-18,2025-05-18T06:07:00,2025-05-18T06:10:00,5
00113264,Ocean Avenue,2025-05-18,2025-05-18T06:12:00,2025-05-18T06:19:00,5
00115521,Jump Street,2025-05-18,2025-05-18T06:15:00,2025-05-18T06:23:00,0
00311532,Fury Road,2025-05-18,2025-05-18T06:22:00,2025-05-18T06:30:00,1
00662113,Cloverfield Lane,2025-05-18,2025-05-18T06:41:00,2025-05-18T06:37:00,3
00113147,Bradshaw Street,2025-05-18,2025-05-18T07:03:00,2025-05-18T06:59:00,24
00261521,Elm Street,2025-05-18,2025-05-18T07:07:00,2025-05-18T07:08:00,26
00113264,Ocean Avenue,2025-05-18,2025-05-18T07:12:00,2025-05-18T07:12:00,24
00115521,Jump Street,2025-05-18,2025-05-18T07:15:00,2025-05-18T07:19:00,20
00311532,Fury Road,2025-05-18,2025-05-18T07:22:00,2025-05-18T07:24:00,4
00662113,Cloverfield Lane,2025-05-18,2025-05-18T07:41:00,2025-05-18T07:41:00,0
00113147,Bradshaw Street,2025-05-18,2025-05-18T08:03:00,2025-05-18T08:01:00,14
00261521,Elm Street,2025-05-18,2025-05-18T08:07:00,2025-05-18T08:09:00,43
00113264,Ocean Avenue,2025-05-18,2025-05-18T08:12:00,2025-05-18T08:16:00,22
00115521,Jump Street,2025-05-18,2025-05-18T08:15:00,2025-05-18T08:25:00,13
00311532,Fury Road,2025-05-18,2025-05-18T08:22:00,2025-05-18T08:26:00,7
00662113,Cloverfield Lane,2025-05-18,2025-05-18T08:41:00,2025-05-18T08:41:00,0
00113147,Bradshaw Street,2025-05-18,2025-05-18T09:03:00,2025-05-18T09:00:00,14
00261521,Elm Street,2025-05-18,2025-05-18T09:07:00,2025-05-18T09:07:00,13
00113264,Ocean Avenue,2025-05-18,2025-05-18T09:12:00,2025-05-18T09:12:00,20
00115521,Jump Street,2025-05-18,2025-05-18T09:15:00,2025-05-18T09:21:00,12
00311532,Fury Road,2025-05-18,2025-05-18T09:22:00,2025-05-18T09:27:00,3
00662113,Cloverfield Lane,2025-05-18,2025-05-18T09:41:00,2025-05-18T09:42:00,5
00113147,Bradshaw Street,2025-05-18,2025-05-18T10:03:00,2025-05-18T09:59:00,6
00261521,Elm Street,2025-05-18,2025-05-18T10:07:00,2025-05-18T10:10:00,21
00113264,Ocean Avenue,2025-05-18,2025-05-18T10:12:00,2025-05-18T10:15:00,12
00115521,Jump Street,2025-05-18,2025-05-18T10:15:00,2025-05-18T10:23:00,10
00311532,Fury Road,2025-05-18,2025-05-18T10:22:00,2025-05-18T10:24:00,0
00662113,Cloverfield Lane,2025-05-18,2025-05-18T10:41:00,2025-05-18T10:40:00,3
00113147,Bradshaw Street,2025-05-18,2025-05-18T11:03:00,2025-05-18T11:01:00,5
00261521,Elm Street,2025-05-18,2025-05-18T11:07:00,2025-05-18T11:11:00,21
00113264,Ocean Avenue,2025-05-18,2025-05-18T11:12:00,2025-05-18T11:14:00,19
00115521,Jump Street,2025-05-18,2025-05-18T11:15:00,2025-05-18T11:22:00,11
00311532,Fury Road,2025-05-18,2025-05-18T11:22:00,2025-05-18T11:26:00,8
00662113,Cloverfield Lane,2025-05-18,2025-05-18T11:41:00,2025-05-18T11:38:00,5
00113147,Bradshaw Street,2025-05-18,2025-05-18T12:03:00,2025-05-18T11:58:00,12
00261521,Elm Street,2025-05-18,2025-05-18T12:07:00,2025-05-18T12:10:00,4
00113264,Ocean Avenue,2025-05-18,2025-05-18T12:12:00,2025-05-18T12:19:00,19
00115521,Jump Street,2025-05-18,2025-05-18T12:15:00,2025-05-18T12:26:00,6
00311532,Fury Road,2025-05-18,2025-05-18T12:22:00,2025-05-18T12:28:00,12
00662113,Cloverfield Lane,2025-05-18,2025-05-18T12:41:00,2025-05-18T12:39:00,7
00113147,Bradshaw Street,2025-05-18,2025-05-18T13:03:00,2025-05-18T13:00:00,12
00261521,Elm Street,2025-05-18,2025-05-18T13:07:00,2025-05-18T13:04:00,9
00113264,Ocean Avenue,2025-05-18,2025-05-18T13:12:00,2025-05-18T13:19:00,12
00115521,Jump Street,2025-05-18,2025-05-18T13:15:00,2025-05-18T13:23:00,15
00311532,Fury Road,2025-05-18,2025-05-18T13:22:00,2025-05-18T13:24:00,0
00662113,Cloverfield Lane,2025-05-18,2025-05-18T13:41:00,2025-05-18T13:40:00,5
00113147,Bradshaw Street,2025-05-18,2025-05-18T14:03:00,2025-05-18T14:01:00,0
00261521,Elm Street,2025-05-18,2025-05-18T14:07:00,2025-05-18T14:07:00,18
00113264,Ocean Avenue,2025-05-18,2025-05-18T14:12:00,2025-05-18T14:14:00,27
00115521,Jump Street,2025-05-18,2025-05-18T14:15:00,2025-05-18T14:24:00,14
00311532,Fury Road,2025-05-18,2025-05-18T14:22:00,2025-05-18T14:29:00,10
00662113,Cloverfield Lane,2025-05-18,2025-05-18T14:41:00,2025-05-18T14:39:00,6
00113147,Bradshaw Street,2025-05-18,2025-05-18T15:03:00,2025-05-18T14:58:00,0
00261521,Elm Street,2025-05-18,2025-05-18T15:07:00,2025-05-18T15:08:00,26
00113264,Ocean Avenue,2025-05-18,2025-05-18T15:12:00,2025-05-18T15:16:00,0
00115521,Jump Street,2025-05-18,2025-05-18T15:15:00,2025-05-18T15:21:00,15
00311532,Fury Road,2025-05-18,2025-05-18T15:22:00,2025-05-18T15:26:00,8
00662113,Cloverfield Lane,2025-05-18,2025-05-18T15:41:00,2025-05-18T15:38:00,9
00113147,Bradshaw Street,2025-05-18,2025-05-18T16:03:00,2025-05-18T16:01:00,13
00261521,Elm Street,2025-05-18,2025-05-18T16:07:00,2025-05-18T16:06:00,16
00113264,Ocean Avenue,2025-05-18,2025-05-18T16:12:00,2025-05-18T16:14:00,22
00115521,Jump Street,2025-05-18,2025-05-18T16:15:00,2025-05-18T16:24:00,5
00311532,Fury Road,2025-05-18,2025-05-18T16:22:00,2025-05-18T16:28:00,7
00662113,Cloverfield Lane,2025-05-18,2025-05-18T16:41:00,2025-05-18T16:41:00,3
00113147,Bradshaw Street,2025-05-18,2025-05-18T17:03:00,2025-05-18T17:02:00,16
00261521,Elm Street,2025-05-18,2025-05-18T17:07:00,2025-05-18T17:08:00,9
00113264,Ocean Avenue,2025-05-18,2025-05-18T17:12:00,2025-05-18T17:16:00,23
00115521,Jump Street,2025-05-18,2025-05-18T17:15:00,2025-05-18T17:22:00,17
00311532,Fury Road,2025-05-18,2025-05-18T17:22:00,2025-05-18T17:26:00,2
00662113,Cloverfield Lane,2025-05-18,2025-05-18T17:41:00,2025-05-18T17:41:00,8
00113147,Bradshaw Street,2025-05-18,2025-05-18T18:03:00,2025-05-18T17:59:00,7
00261521,Elm Street,2025-05-18,2025-05-18T18:07:00,2025-05-18T18:05:00,6
00113264,Ocean Avenue,2025-05-18,2025-05-18T18:12:00,2025-05-18T18:14:00,23
00115521,Jump Street,2025-05-18,2025-05-18T18:15:00,2025-05-18T18:24:00,6
00311532,Fury Road,2025-05-18,2025-05-18T18:22:00,2025-05-18T18:29:00,12
00662113,Cloverfield Lane,2025-05-18,2025-05-18T18:41:00,2025-05-18T18:40:00,4
00113147,Bradshaw Street,2025-05-18,2025-05-18T19:03:00,2025-05-18T18:59:00,13
00261521,Elm Street,2025-05-18,2025-05-18T19:07:00,2025-05-18T19:06:00,8
00113264,Ocean Avenue,2025-05-18,2025-05-18T19:12:00,2025-05-18T19:16:00,20
00115521,Jump Street,2025-05-18,2025-05-18T19:15:00,2025-05-18T19:22:00,12
00311532,Fury Road,2025-05-18,2025-05-18T19:22:00,2025-05-18T19:30:00,5
00662113,Cloverfield Lane,2025-05-18,2025-05-18T19:41:00,2025-05-18T19:37:00,6
00113147,Bradshaw Street,2025-05-18,2025-05-18T20:03:00,2025-05-18T20:01:00,16
00261521,Elm Street,2025-05-18,2025-05-18T20:07:00,2025-05-18T20:06:00,0
00113264,Ocean Avenue,2025-05-18,2025-05-18T20:12:00,2025-05-18T20:12:00,26
00115521,Jump Street,2025-05-18,2025-05-18T20:15:00,2025-05-18T20:24:00,18
00311532,Fury Road,2025-05-18,2025-05-18T20:22:00,2025-05-18T20:28:00,7
00662113,Cloverfield Lane,2025-05-18,2025-05-18T20:41:00,2025-05-18T20:40:00,0
00113147,Bradshaw Street,2025-05-18,2025-05-18T21:03:00,2025-05-18T21:01:00,12
00261521,Elm Street,2025-05-18,2025-05-18T21:07:00,2025-05-18T21:09:00,14
00113264,Ocean Avenue,2025-05-18,2025-05-18T21:12:00,2025-05-18T21:18:00,0
00115521,Jump Street,2025-05-18,2025-05-18T21:15:00,2025-05-18T21:23:00,4
00311532,Fury Road,2025-05-18,2025-05-18T21:22:00,2025-05-18T21:23:00,11
00662113,Cloverfield Lane,2025-05-18,2025-05-18T21:41:00,2025-05-18T21:39:00,2
00113147,Bradshaw Street,2025-05-19,2025-05-19T06:03:00,2025-05-19T05:59:00,7
00261521,Elm Street,2025-05-19,2025-05-19T06:07:00,2025-05-19T06:04:00,12
00113264,Ocean Avenue,2025-05-19,2025-05-19T06:12:00,2025-05-19T06:13:00,19
00115521,Jump Street,2025-05-19,2025-05-19T06:15:00,2025-05-19T06:23:00,13
00311532,Fury Road,2025-05-19,2025-05-19T06:22:00,2025-05-19T06:23:00,5
00662113,Cloverfield Lane,2025-05-19,2025-05-19T06:41:00,2025-05-19T06:39:00,4
00113147,Bradshaw Street,2025-05-19,2025-05-19T07:03:00,2025-05-19T07:02:00,22
00261521,Elm Street,2025-05-19,2025-05-19T07:07:00,2025-05-19T07:08:00,60
00113264,Ocean Avenue,2025-05-19,2025-05-19T07:12:00,2025-05-19T07:16:00,38
00115521,Jump Street,2025-05-19,2025-05-19T07:15:00,2025-05-19T07:26:00,24
00311532,Fury Road,2025-05-19,2025-05-19T07:22:00,2025-05-19T07:24:00,8
00662113,Cloverfield Lane,2025-05-19,2025-05-19T07:41:00,2025-05-19T07:39:00,9
00113147,Bradshaw Street,2025-05-19,2025-05-19T08:03:00,2025-05-19T08:00:00,14
00261521,Elm Street,2025-05-19,2025-05-19T08:07:00,2025-05-19T08:05:00,52
00113264,Ocean Avenue,2025-05-19,2025-05-19T08:12:00,2025-05-19T08:13:00,28
00115521,Jump Street,2025-05-19,2025-05-19T08:15:00,2025-05-19T08:22:00,26
00311532,Fury Road,2025-05-19,2025-05-19T08:22:00,2025-05-19T08:26:00,6
00662113,Cloverfield Lane,2025-05-19,2025-05-19T08:41:00,2025-05-19T08:40:00,7
00113147,Bradshaw Street,2025-05-19,2025-05-19T09:03:00,2025-05-19T09:00:00,16
00261521,Elm Street,2025-05-19,2025-05-19T09:07:00,2025-05-19T09:05:00,55
00113264,Ocean Avenue,2025-05-19,2025-05-19T09:12:00,2025-05-19T09:16:00,35
00115521,Jump Street,2025-05-19,2025-05-19T09:15:00,2025-05-19T09:22:00,9
00311532,Fury Road,2025-05-19,2025-05-19T09:22:00,2025-05-19T09:25:00,13
00662113,Cloverfield Lane,2025-05-19,2025-05-19T09:41:00,2025-05-19T09:38:00,8
00113147,Bradshaw Street,2025-05-19,2025-05-19T10:03:00,2025-05-19T10:01:00,18
00261521,Elm Street,2025-05-19,2025-05-19T10:07:00,none,0
00113264,Ocean Avenue,2025-05-19,2025-05-19T10:12:00,2025-05-19T10:17:00,21
00115521,Jump Street,2025-05-19,2025-05-19T10:15:00,2025-05-19T10:21:00,18
00311532,Fury Road,2025-05-19,2025-05-19T10:22:00,2025-05-19T10:30:00,10
00662113,Cloverfield Lane,2025-05-19,2025-05-19T10:41:00,2025-05-19T10:38:00,4
00113147,Bradshaw Street,2025-05-19,2025-05-19T11:03:00,2025-05-19T10:58:00,21
00261521,Elm Street,2025-05-19,2025-05-19T11:07:00,2025-05-19T11:05:00,24
00113264,Ocean Avenue,2025-05-19,2025-05-19T11:12:00,2025-05-19T11:13:00,11
00115521,Jump Street,2025-05-19,2025-05-19T11:15:00,2025-05-19T11:24:00,24
00311532,Fury Road,2025-05-19,2025-05-19T11:22:00,2025-05-19T11:23:00,12
00662113,Cloverfield Lane,2025-05-19,2025-05-19T11:41:00,2025-05-19T11:42:00,4
00113147,Bradshaw Street,2025-05-19,2025-05-19T12:03:00,2025-05-19T12:00:00,9
00261521,Elm Street,2025-05-19,2025-05-19T12:07:00,2025-05-19T12:07:00,22
00113264,Ocean Avenue,2025-05-19,2025-05-19T12:12:00,2025-05-19T12:16:00,18
00115521,Jump Street,2025-05-19,2025-05-19T12:15:00,2025-05-19T12:21:00,20
00311532,Fury Road,2025-05-19,2025-05-19T12:22:00,2025-05-19T12:29:00,11
00662113,Cloverfield Lane,2025-05-19,2025-05-19T12:41:00,2025-05-19T12:40:00,0
00113147,Bradshaw Street,2025-05-19,2025-05-19T13:03:00,2025-05-19T13:01:00,14
00261521,Elm Street,2025-05-19,2025-05-19T13:07:00,2025-05-19T13:08:00,30
00113264,Ocean Avenue,2025-05-19,2025-05-19T13:12:00,2025-05-19T13:12:00,28
00115521,Jump Street,2025-05-19,2025-05-19T13:15:00,2025-05-19T13:18:00,22
00311532,Fury Road,2025-05-19,2025-05-19T13:22:00,2025-05-19T13:27:00,12
00662113,Cloverfield Lane,2025-05-19,2025-05-19T13:41:00,2025-05-19T13:41:00,10
00113147,Bradshaw Street,2025-05-19,2025-05-19T14:03:00,2025-05-19T13:59:00,27
00261521,Elm Street,2025-05-19,2025-05-19T14:07:00,2025-05-19T14:10:00,13
00113264,Ocean Avenue,2025-05-19,2025-05-19T14:12:00,2025-05-19T14:14:00,11
00115521,Jump Street,2025-05-19,2025-05-19T14:15:00,2025-05-19T14:22:00,13
00311532,Fury Road,2025-05-19,2025-05-19T14:22:00,2025-05-19T14:28:00,10
00662113,Cloverfield Lane,2025-05-19,2025-05-19T14:41:00,2025-05-19T14:41:00,6
00113147,Bradshaw Street,2025-05-19,2025-05-19T15:03:00,2025-05-19T15:01:00,22
00261521,Elm Street,2025-05-19,2025-05-19T15:07:00,2025-05-19T15:05:00,22
00113264,Ocean Avenue,2025-05-19,2025-05-19T15:12:00,2025-05-19T15:14:00,26
00115521,Jump Street,2025-05-19,2025-05-19T15:15:00,2025-05-19T15:20:00,6
00311532,Fury Road,2025-05-19,2025-05-19T15:22:00,2025-05-19T15:27:00,3
00662113,Cloverfield Lane,2025-05-19,2025-05-19T15:41:00,2025-05-19T15:38:00,6
00113147,Bradshaw Street,2025-05-19,2025-05-19T16:03:00,2025-05-19T15:58:00,28
00261521,Elm Street,2025-05-19,2025-05-19T16:07:00,2025-05-19T16:10:00,36
00113264,Ocean Avenue,2025-05-19,2025-05-19T16:12:00,2025-05-19T16:15:00,23
00115521,Jump Street,2025-05-19,2025-05-19T16:15:00,2025-05-19T16:21:00,32
00311532,Fury Road,2025-05-19,2025-05-19T16:22:00,2025-05-19T16:24:00,8
00662113,Cloverfield Lane,2025-05-19,2025-05-19T16:41:00,2025-05-19T16:40:00,10
00113147,Bradshaw Street,2025-05-19,2025-05-19T17:03:00,2025-05-19T17:02:00,20
00261521,Elm Street,2025-05-19,2025-05-19T17:07:00,2025-05-19T17:07:00,27
00113264,Ocean Avenue,2025-05-19,2025-05-19T17:12:00,2025-05-19T17:15:00,44
00115521,Jump Street,2025-05-19,2025-05-19T17:15:00,2025-05-19T17:24:00,35
00311532,Fury Road,2025-05-19,2025-05-19T17:22:00,2025-05-19T17:25:00,17
00662113,Cloverfield Lane,2025-05-19,2025-05-19T17:41:00,2025-05-19T17:38:00,5
00113147,Bradshaw Street,2025-05-19,2025-05-19T18:03:00,2025-05-19T18:01:00,22
00261521,Elm Street,2025-05-19,2025-05-19T18:07:00,2025-05-19T18:09:00,49
00113264,Ocean Avenue,2025-05-19,2025-05-19T18:12:00,2025-05-19T18:15:00,20
00115521,Jump Street,2025-05-19,2025-05-19T18:15:00,2025-05-19T18:22:00,28
00311532,Fury Road,2025-05-19,2025-05-19T18:22:00,2025-05-19T18:34:00,11
00662113,Cloverfield Lane,2025-05-19,2025-05-19T18:41:00,2025-05-19T18:42:00,6
00113147,Bradshaw Street,2025-05-19,2025-05-19T19:03:00,2025-05-19T19:01:00,10
00261521,Elm Street,2025-05-19,2025-05-19T19:07:00,none,0
00113264,Ocean Avenue,2025-05-19,2025-05-19T19:12:00,2025-05-19T19:15:00,5
00115521,Jump Street,2025-05-19,2025-05-19T19:15:00,2025-05-19T19:24:00,8
00311532,Fury Road,2025-05-19,2025-05-19T19:22:00,2025-05-19T19:29:00,5
00662113,Cloverfield Lane,2025-05-19,2025-05-19T19:41:00,2025-05-19T19:40:00,4
00113147,Bradshaw Street,2025-05-19,2025-05-19T20:03:00,2025-05-19T19:59:00,5
00261521,Elm Street,2025-05-19,2025-05-19T20:07:00,2025-05-19T20:08:00,28
00113264,Ocean Avenue,2025-05-19,2025-05-19T20:12:00,2025-05-19T20:16:00,11
00115521,Jump Street,2025-05-19,2025-05-19T20:15:00,2025-05-19T20:24:00,32
00311532,Fury Road,2025-05-19,2025-05-19T20:22:00,2025-05-19T20:27:00,7
00662113,Cloverfield Lane,2025-05-19,2025-05-19T20:41:00,2025-05-19T20:38:00,7
00113147,Bradshaw Street,2025-05-19,2025-05-19T21:03:00,2025-05-19T20:59:00,12
00261521,Elm Street,2025-05-19,2025-05-19T21:07:00,2025-05-19T21:06:00,23
00113264,Ocean Avenue,2025-05-19,2025-05-19T21:12:00,2025-05-19T21:16:00,13
00115521,Jump Street,2025-05-19,2025-05-19T21:15:00,2025-05-19T21:22:00,21
00311532,Fury Road,2025-05-19,2025-05-19T21:22:00,2025-05-19T21:28:00,7
00662113,Cloverfield Lane,2025-05-19,2025-05-19T21:41:00,2025-05-19T21:40:00,10
00113147,Bradshaw Street,2025-05-20,2025-05-20T06:03:00,2025-05-20T06:00:00,12
00261521,Elm Street,2025-05-20,2025-05-20T06:07:00,2025-05-20T06:09:00,17
00113264,Ocean Avenue,2025-05-20,2025-05-20T06:12:00,2025-05-20T06:12:00,5
00115521,Jump Street,2025-05-20,2025-05-20T06:15:00,2025-05-20T06:23:00,15
00311532,Fury Road,2025-05-20,2025-05-20T06:22:00,2025-05-20T06:27:00,0
00662113,Cloverfield Lane,2025-05-20,2025-05-20T06:41:00,2025-05-20T06:42:00,5
00113147,Bradshaw Street,2025-05-20,2025-05-20T07:03:00,2025-05-20T06:59:00,32
00261521,Elm Street,2025-05-20,2025-05-20T07:07:00,2025-05-20T07:08:00,60
00113264,Ocean Avenue,2025-05-20,2025-05-20T07:12:00,2025-05-20T07:12:00,41
00115521,Jump Street,2025-05-20,2025-05-20T07:15:00,2025-05-20T07:25:00,30
00311532,Fury Road,2025-05-20,2025-05-20T07:22:00,2025-05-20T07:26:00,8
00662113,Cloverfield Lane,2025-05-20,2025-05-20T07:41:00,2025-05-20T07:36:00,8
00113147,Bradshaw Street,2025-05-20,2025-05-20T08:03:00,2025-05-20T07:59:00,20
00261521,Elm Street,2025-05-20,2025-05-20T08:07:00,2025-05-20T08:08:00,51
00113264,Ocean Avenue,2025-05-20,2025-05-20T08:12:00,2025-05-20T08:14:00,47
00115521,Jump Street,2025-05-20,2025-05-20T08:15:00,2025-05-20T08:19:00,31
00311532,Fury Road,2025-05-20,2025-05-20T08:22:00,2025-05-20T08:29:00,8
00662113,Cloverfield Lane,2025-05-20,2025-05-20T08:41:00,2025-05-20T08:39:00,7
00113147,Bradshaw Street,2025-05-20,2025-05-20T09:03:00,2025-05-20T09:01:00,15
00261521,Elm Street,2025-05-20,2025-05-20T09:07:00,2025-05-20T09:07:00,50
00113264,Ocean Avenue,2025-05-20,2025-05-20T09:12:00,2025-05-20T09:16:00,50
00115521,Jump Street,2025-05-20,2025-05-20T09:15:00,2025-05-20T09:23:00,21
00311532,Fury Road,2025-05-20,2025-05-20T09:22:00,2025-05-20T09:31:00,12
00662113,Cloverfield Lane,2025-05-20,2025-05-20T09:41:00,2025-05-20T09:39:00,4
00113147,Bradshaw Street,2025-05-20,2025-05-20T10:03:00,2025-05-20T10:00:00,11
00261521,Elm Street,2025-05-20,2025-05-20T10:07:00,2025-05-20T10:08:00,22
00113264,Ocean Avenue,2025-05-20,2025-05-20T10:12:00,2025-05-20T10:16:00,20
00115521,Jump Street,2025-05-20,2025-05-20T10:15:00,2025-05-20T10:24:00,18
00311532,Fury Road,2025-05-20,2025-05-20T10:22:00,2025-05-20T10:23:00,6
00662113,Cloverfield Lane,2025-05-20,2025-05-20T10:41:00,2025-05-20T10:39:00,10
00113147,Bradshaw Street,2025-05-20,2025-05-20T11:03:00,2025-05-20T10:59:00,30
00261521,Elm Street,2025-05-20,2025-05-20T11:07:00,2025-05-20T11:09:00,44
00113264,Ocean Avenue,2025-05-20,2025-05-20T11:12:00,2025-05-20T11:16:00,15
00115521,Jump Street,2025-05-20,2025-05-20T11:15:00,2025-05-20T11:21:00,27
00311532,Fury Road,2025-05-20,2025-05-20T11:22:00,2025-05-20T11:27:00,7
00662113,Cloverfield Lane,2025-05-20,2025-05-20T11:41:00,2025-05-20T11:41:00,4
00113147,Bradshaw Street,2025-05-20,2025-05-20T12:03:00,2025-05-20T12:00:00,10
00261521,Elm Street,2025-05-20,2025-05-20T12:07:00,2025-05-20T12:06:00,39
00113264,Ocean Avenue,2025-05-20,2025-05-20T12:12:00,2025-05-20T12:12:00,26
00115521,Jump Street,2025-05-20,2025-05-20T12:15:00,2025-05-20T12:22:00,35
00311532,Fury Road,2025-05-20,2025-05-20T12:22:00,2025-05-20T12:26:00,11
00662113,Cloverfield Lane,2025-05-20,2025-05-20T12:41:00,2025-05-20T12:38:00,10
00113147,Bradshaw Street,2025-05-20,2025-05-20T13:03:00,2025-05-20T13:02:00,6
00261521,Elm Street,2025-05-20,2025-05-20T13:07:00,2025-05-20T13:05:00,33
00113264,Ocean Avenue,2025-05-20,2025-05-20T13:12:00,2025-05-20T13:15:00,26
00115521,Jump Street,2025-05-20,2025-05-20T13:15:00,2025-05-20T13:22:00,10
00311532,Fury Road,2025-05-20,2025-05-20T13:22:00,2025-05-20T13:24:00,4
00662113,Cloverfield Lane,2025-05-20,2025-05-20T13:41:00,2025-05-20T13:39:00,10
00113147,Bradshaw Street,2025-05-20,2025-05-20T14:03:00,2025-05-20T14:00:00,15
00261521,Elm Street,2025-05-20,2025-05-20T14:07:00,2025-05-20T14:05:00,29
00113264,Ocean Avenue,2025-05-20,2025-05-20T14:12:00,2025-05-20T14:10:00,23
00115521,Jump Street,2025-05-20,2025-05-20T14:15:00,2025-05-20T14:25:00,4
00311532,Fury Road,2025-05-20,2025-05-20T14:22:00,2025-05-20T14:24:00,2
00662113,Cloverfield Lane,2025-05-20,2025-05-20T14:41:00,2025-05-20T14:39:00,11
00113147,Bradshaw Street,2025-05-20,2025-05-20T15:03:00,2025-05-20T15:00:00,8
00261521,Elm Street,2025-05-20,2025-05-20T15:07:00,2025-05-20T15:08:00,14
00113264,Ocean Avenue,2025-05-20,2025-05-20T15:12:00,2025-05-20T15:16:00,22
00115521,Jump Street,2025-05-20,2025-05-20T15:15:00,2025-05-20T15:20:00,28
00311532,Fury Road,2025-05-20,2025-05-20T15:22:00,2025-05-20T15:28:00,13
00662113,Cloverfield Lane,2025-05-20,2025-05-20T15:41:00,2025-05-20T15:40:00,7
00113147,Bradshaw Street,2025-05-20,2025-05-20T16:03:00,2025-05-20T16:01:00,19
00261521,Elm Street,2025-05-20,2025-05-20T16:07:00,2025-05-20T16:12:00,50
00113264,Ocean Avenue,2025-05-20,2025-05-20T16:12:00,2025-05-20T16:17:00,13
00115521,Jump Street,2025-05-20,2025-05-20T16:15:00,2025-05-20T16:22:00,37
00311532,Fury Road,2025-05-20,2025-05-20T16:22:00,2025-05-20T16:25:00,18
00662113,Cloverfield Lane,2025-05-20,2025-05-20T16:41:00,2025-05-20T16:39:00,8
00113147,Bradshaw Street,2025-05-20,2025-05-20T17:03:00,2025-05-20T16:59:00,21
00261521,Elm Street,2025-05-20,2025-05-20T17:07:00,2025-05-20T17:11:00,48
00113264,Ocean Avenue,2025-05-20,2025-05-20T17:12:00,2025-05-20T17:16:00,23
00115521,Jump Street,2025-05-20,2025-05-20T17:15:00,2025-05-20T17:21:00,33
00311532,Fury Road,2025-05-20,2025-05-20T17:22:00,2025-05-20T17:29:00,15
00662113,Cloverfield Lane,2025-05-20,2025-05-20T17:41:00,2025-05-20T17:41:00,0
00113147,Bradshaw Street,2025-05-20,2025-05-20T18:03:00,2025-05-20T18:00:00,21
00261521,Elm Street,2025-05-20,2025-05-20T18:07:00,none,0
00113264,Ocean Avenue,2025-05-20,2025-05-20T18:12:00,2025-05-20T18:13:00,29
00115521,Jump Street,2025-05-20,2025-05-20T18:15:00,2025-05-20T18:22:00,33
00311532,Fury Road,2025-05-20,2025-05-20T18:22:00,2025-05-20T18:25:00,11
00662113,Cloverfield Lane,2025-05-20,2025-05-20T18:41:00,2025-05-20T18:39:00,1
00113147,Bradshaw Street,2025-05-20,2025-05-20T19:03:00,2025-05-20T18:59:00,5
00261521,Elm Street,2025-05-20,2025-05-20T19:07:00,2025-05-20T19:09:00,9
00113264,Ocean Avenue,2025-05-20,2025-05-20T19:12:00,2025-05-20T19:15:00,13
00115521,Jump Street,2025-05-20,2025-05-20T19:15:00,2025-05-20T19:27:00,18
00311532,Fury Road,2025-05-20,2025-05-20T19:22:00,2025-05-20T19:28:00,14
00662113,Cloverfield Lane,2025-05-20,2025-05-20T19:41:00,2025-05-20T19:39:00,9
00113147,Bradshaw Street,2025-05-20,2025-05-20T20:03:00,2025-05-20T20:00:00,12
00261521,Elm Street,2025-05-20,2025-05-20T20:07:00,2025-05-20T20:11:00,12
00113264,Ocean Avenue,2025-05-20,2025-05-20T20:12:00,2025-05-20T20:15:00,14
00115521,Jump Street,2025-05-20,2025-05-20T20:15:00,2025-05-20T20:22:00,17
00311532,Fury Road,2025-05-20,2025-05-20T20:22:00,2025-05-20T20:22:00,9
00662113,Cloverfield Lane,2025-05-20,2025-05-20T20:41:00,2025-05-20T20:39:00,6
00113147,Bradshaw Street,2025-05-20,2025-05-20T21:03:00,2025-05-20T21:01:00,24
00261521,Elm Street,2025-05-20,2025-05-20T21:07:00,2025-05-20T21:08:00,29
00113264,Ocean Avenue,2025-05-20,2025-05-20T21:12:00,2025-05-20T21:17:00,18
00115521,Jump Street,2025-05-20,2025-05-20T21:15:00,2025-05-20T21:21:00,22
00311532,Fury Road,2025-05-20,2025-05-20T21:22:00,2025-05-20T21:21:00,5
00662113,Cloverfield Lane,2025-05-20,2025-05-20T21:41:00,2025-05-20T21:39:00,4
00113147,Bradshaw Street,2025-05-21,2025-05-21T06:03:00,2025-05-21T06:01:00,15
00261521,Elm Street,2025-05-21,2025-05-21T06:07:00,2025-05-21T06:09:00,17
00113264,Ocean Avenue,2025-05-21,2025-05-21T06:12:00,2025-05-21T06:16:00,16
00115521,Jump Street,2025-05-21,2025-05-21T06:15:00,2025-05-21T06:25:00,25
00311532,Fury Road,2025-05-21,2025-05-21T06:22:00,2025-05-21T06:25:00,10
00662113,Cloverfield Lane,2025-05-21,2025-05-21T06:41:00,2025-05-21T06:41:00,2
00113147,Bradshaw Street,2025-05-21,2025-05-21T07:03:00,2025-05-21T06:59:00,14
00261521,Elm Street,2025-05-21,2025-05-21T07:07:00,2025-05-21T07:09:00,58
00113264,Ocean Avenue,2025-05-21,2025-05-21T07:12:00,2025-05-21T07:15:00,52
00115521,Jump Street,2025-05-21,2025-05-21T07:15:00,2025-05-21T07:22:00,29
00311532,Fury Road,2025-05-21,2025-05-21T07:22:00,2025-05-21T07:26:00,3
00662113,Cloverfield Lane,2025-05-21,2025-05-21T07:41:00,2025-05-21T07:37:00,10
00113147,Bradshaw Street,2025-05-21,2025-05-21T08:03:00,2025-05-21T08:00:00,17
00261521,Elm Street,2025-05-21,2025-05-21T08:07:00,2025-05-21T08:06:00,60
00113264,Ocean Avenue,2025-05-21,2025-05-21T08:12:00,2025-05-21T08:15:00,38
00115521,Jump Street,2025-05-21,2025-05-21T08:15:00,2025-05-21T08:22:00,29
00311532,Fury Road,2025-05-21,2025-05-21T08:22:00,2025-05-21T08:27:00,11
00662113,Cloverfield Lane,2025-05-21,2025-05-21T08:41:00,2025-05-21T08:38:00,1
00113147,Bradshaw Street,2025-05-21,2025-05-21T09:03:00,2025-05-21T08:57:00,24
00261521,Elm Street,2025-05-21,2025-05-21T09:07:00,2025-05-21T09:07:00,50
00113264,Ocean Avenue,2025-05-21,2025-05-21T09:12:00,2025-05-21T09:15:00,51
00115521,Jump Street,2025-05-21,2025-05-21T09:15:00,2025-05-21T09:21:00,10
00311532,Fury Road,2025-05-21,2025-05-21T09:22:00,2025-05-21T09:26:00,0
00662113,Cloverfield Lane,2025-05-21,2025-05-21T09:41:00,2025-05-21T09:40:00,6
00113147,Bradshaw Street,2025-05-21,2025-05-21T10:03:00,2025-05-21T10:01:00,13
00261521,Elm Street,2025-05-21,2025-05-21T10:07:00,2025-05-21T10:08:00,34
00113264,Ocean Avenue,2025-05-21,2025-05-21T10:12:00,2025-05-21T10:15:00,25
00115521,Jump Street,2025-05-21,2025-05-21T10:15:00,2025-05-21T10:22:00,19
00311532,Fury Road,2025-05-21,2025-05-21T10:22:00,2025-05-21T10:27:00,11
00662113,Cloverfield Lane,2025-05-21,2025-05-21T10:41:00,2025-05-21T10:40:00,1
00113147,Bradshaw Street,2025-05-21,2025-05-21T11:03:00,2025-05-21T11:00:00,1
00261521,Elm Street,2025-05-21,2025-05-21T11:07:00,2025-05-21T11:07:00,47
00113264,Ocean Avenue,2025-05-21,2025-05-21T11:12:00,2025-05-21T11:14:00,10
00115521,Jump Street,2025-05-21,2025-05-21T11:15:00,2025-05-21T11:23:00,16
00311532,Fury Road,2025-05-21,2025-05-21T11:22:00,2025-05-21T11:26:00,12
00662113,Cloverfield Lane,2025-05-21,2025-05-21T11:41:00,2025-05-21T11:42:00,7
00113147,Bradshaw Street,2025-05-21,2025-05-21T12:03:00,2025-05-21T12:02:00,11
00261521,Elm Street,2025-05-21,2025-05-21T12:07:00,2025-05-21T12:06:00,26
00113264,Ocean Avenue,2025-05-21,2025-05-21T12:12:00,2025-05-21T12:12:00,23
00115521,Jump Street,2025-05-21,2025-05-21T12:15:00,2025-05-21T12:22:00,22
00311532,Fury Road,2025-05-21,2025-05-21T12:22:00,2025-05-21T12:28:00,13
00662113,Cloverfield Lane,2025-05-21,2025-05-21T12:41:00,2025-05-21T12:41:00,5
00113147,Bradshaw Street,2025-05-21,2025-05-21T13:03:00,2025-05-21T13:01:00,20
00261521,Elm Street,2025-05-21,2025-05-21T13:07:00,none,0
00113264,Ocean Avenue,2025-05-21,2025-05-21T13:12:00,2025-05-21T13:17:00,14
00115521,Jump Street,2025-05-21,2025-05-21T13:15:00,2025-05-21T13:21:00,20
00311532,Fury Road,2025-05-21,2025-05-21T13:22:00,2025-05-21T13:27:00,13
00662113,Cloverfield Lane,2025-05-21,2025-05-21T13:41:00,2025-05-21T13:43:00,9
00113147,Bradshaw Street,2025-05-21,2025-05-21T14:03:00,2025-05-21T13:58:00,12
00261521,Elm Street,2025-05-21,2025-05-21T14:07:00,none,0
00113264,Ocean Avenue,2025-05-21,2025-05-21T14:12:00,2025-05-21T14:15:00,38
00115521,Jump Street,2025-05-21,2025-05-21T14:15:00,2025-05-21T14:23:00,15
00311532,Fury Road,2025-05-21,2025-05-21T14:22:00,2025-05-21T14:22:00,10
00662113,Cloverfield Lane,2025-05-21,2025-05-21T14:41:00,2025-05-21T14:39:00,11
00113147,Bradshaw Street,2025-05-21,2025-05-21T15:03:00,2025-05-21T15:00:00,13
00261521,Elm Street,2025-05-21,2025-05-21T15:07:00,2025-05-21T15:06:00,30
00113264,Ocean Avenue,2025-05-21,2025-05-21T15:12:00,2025-05-21T15:15:00,25
00115521,Jump Street,2025-05-21,2025-05-21T15:15:00,2025-05-21T15:22:00,30
00311532,Fury Road,2025-05-21,2025-05-21T15:22:00,2025-05-21T15:23:00,6
00662113,Cloverfield Lane,2025-05-21,2025-05-21T15:41:00,2025-05-21T15:39:00,12
00113147,Bradshaw Street,2025-05-21,2025-05-21T16:03:00,2025-05-21T15:56:00,9
00261521,Elm Street,2025-05-21,2025-05-21T16:07:00,2025-05-21T16:05:00,43
00113264,Ocean Avenue,2025-05-21,2025-05-21T16:12:00,2025-05-21T16:16:00,38
00115521,Jump Street,2025-05-21,2025-05-21T16:15:00,2025-05-21T16:22:00,33
00311532,Fury Road,2025-05-21,2025-05-21T16:22:00,2025-05-21T16:30:00,13
00662113,Cloverfield Lane,2025-05-21,2025-05-21T16:41:00,2025-05-21T16:39:00,5
00113147,Bradshaw Street,2025-05-21,2025-05-21T17:03:00,2025-05-21T16:58:00,21
00261521,Elm Street,2025-05-21,2025-05-21T17:07:00,2025-05-21T17:05:00,36
00113264,Ocean Avenue,2025-05-21,2025-05-21T17:12:00,2025-05-21T17:10:00,34
00115521,Jump Street,2025-05-21,2025-05-21T17:15:00,2025-05-21T17:22:00,46
00311532,Fury Road,2025-05-21,2025-05-21T17:22:00,2025-05-21T17:24:00,14
00662113,Cloverfield Lane,2025-05-21,2025-05-21T17:41:00,2025-05-21T17:40:00,7
00113147,Bradshaw Street,2025-05-21,2025-05-21T18:03:00,2025-05-21T18:01:00,11
00261521,Elm Street,2025-05-21,2025-05-21T18:07:00,2025-05-21T18:09:00,22
00113264,Ocean Avenue,2025-05-21,2025-05-21T18:12:00,2025-05-21T18:13:00,29
00115521,Jump Street,2025-05-21,2025-05-21T18:15:00,2025-05-21T18:24:00,32
00311532,Fury Road,2025-05-21,2025-05-21T18:22:00,2025-05-21T18:27:00,11
00662113,Cloverfield Lane,2025-05-21,2025-05-21T18:41:00,2025-05-21T18:39:00,6
00113147,Bradshaw Street,2025-05-21,2025-05-21T19:03:00,2025-05-21T18:59:00,3
00261521,Elm Street,2025-05-21,2025-05-21T19:07:00,2025-05-21T19:09:00,0
00113264,Ocean Avenue,2025-05-21,2025-05-21T19:12:00,2025-05-21T19:12:00,23
00115521,Jump Street,2025-05-21,2025-05-21T19:15:00,2025-05-21T19:23:00,4
00311532,Fury Road,2025-05-21,2025-05-21T19:22:00,2025-05-21T19:32:00,7
00662113,Cloverfield Lane,2025-05-21,2025-05-21T19:41:00,2025-05-21T19:40:00,5
00113147,Bradshaw Street,2025-05-21,2025-05-21T20:03:00,2025-05-21T19:58:00,6
00261521,Elm Street,2025-05-21,2025-05-21T20:07:00,2025-05-21T20:07:00,23
00113264,Ocean Avenue,2025-05-21,2025-05-21T20:12:00,2025-05-21T20:16:00,0
00115521,Jump Street,2025-05-21,2025-05-21T20:15:00,2025-05-21T20:22:00,14
00311532,Fury Road,2025-05-21,2025-05-21T20:22:00,2025-05-21T20:26:00,5
00662113,Cloverfield Lane,2025-05-21,2025-05-21T20:41:00,2025-05-21T20:40:00,3
00113147,Bradshaw Street,2025-05-21,2025-05-21T21:03:00,2025-05-21T20:56:00,11
00261521,Elm Street,2025-05-21,2025-05-21T21:07:00,none,0
00113264,Ocean Avenue,2025-05-21,2025-05-21T21:12:00,2025-05-21T21:13:00,14
00115521,Jump Street,2025-05-21,2025-05-21T21:15:00,2025-05-21T21:22:00,10
00311532,Fury Road,2025-05-21,2025-05-21T21:22:00,2025-05-21T21:29:00,12
00662113,Cloverfield Lane,2025-05-21,2025-05-21T21:41:00,2025-05-21T21:40:00,8
00113147,Bradshaw Street,2025-05-22,2025-05-22T06:03:00,2025-05-22T06:02:00,18
00261521,Elm Street,2025-05-22,2025-05-22T06:07:00,2025-05-22T06:09:00,9
00113264,Ocean Avenue,2025-05-22,2025-05-22T06:12:00,2025-05-22T06:14:00,17
00115521,Jump Street,2025-05-22,2025-05-22T06:15:00,2025-05-22T06:26:00,16
00311532,Fury Road,2025-05-22,2025-05-22T06:22:00,2025-05-22T06:29:00,12
00662113,Cloverfield Lane,2025-05-22,2025-05-22T06:41:00,2025-05-22T06:40:00,1
00113147,Bradshaw Street,2025-05-22,2025-05-22T07:03:00,2025-05-22T07:03:00,11
00261521,Elm Street,2025-05-22,2025-05-22T07:07:00,2025-05-22T07:07:00,46
00113264,Ocean Avenue,2025-05-22,2025-05-22T07:12:00,2025-05-22T07:12:00,40
00115521,Jump Street,2025-05-22,2025-05-22T07:15:00,2025-05-22T07:20:00,30
00311532,Fury Road,2025-05-22,2025-05-22T07:22:00,2025-05-22T07:28:00,15
00662113,Cloverfield Lane,2025-05-22,2025-05-22T07:41:00,2025-05-22T07:38:00,7
00113147,Bradshaw Street,2025-05-22,2025-05-22T08:03:00,2025-05-22T07:59:00,31
00261521,Elm Street,2025-05-22,2025-05-22T08:07:00,2025-05-22T08:08:00,40
00113264,Ocean Avenue,2025-05-22,2025-05-22T08:12:00,2025-05-22T08:13:00,44
00115521,Jump Street,2025-05-22,2025-05-22T08:15:00,2025-05-22T08:26:00,14
00311532,Fury Road,2025-05-22,2025-05-22T08:22:00,2025-05-22T08:26:00,11
00662113,Cloverfield Lane,2025-05-22,2025-05-22T08:41:00,2025-05-22T08:42:00,11
00113147,Bradshaw Street,2025-05-22,2025-05-22T09:03:00,2025-05-22T09:00:00,18
00261521,Elm Street,2025-05-22,2025-05-22T09:07:00,2025-05-22T09:09:00,55
00113264,Ocean Avenue,2025-05-22,2025-05-22T09:12:00,2025-05-22T09:15:00,37
00115521,Jump Street,2025-05-22,2025-05-22T09:15:00,2025-05-22T09:24:00,27
00311532,Fury Road,2025-05-22,2025-05-22T09:22:00,2025-05-22T09:27:00,15
00662113,Cloverfield Lane,2025-05-22,2025-05-22T09:41:00,2025-05-22T09:38:00,10
00113147,Bradshaw Street,2025-05-22,2025-05-22T10:03:00,2025-05-22T10:02:00,13
00261521,Elm Street,2025-05-22,2025-05-22T10:07:00,2025-05-22T10:10:00,20
00113264,Ocean Avenue,2025-05-22,2025-05-22T10:12:00,2025-05-22T10:17:00,3
00115521,Jump Street,2025-05-22,2025-05-22T10:15:00,2025-05-22T10:20:00,22
00311532,Fury Road,2025-05-22,2025-05-22T10:22:00,2025-05-22T10:28:00,17
00662113,Cloverfield Lane,2025-05-22,2025-05-22T10:41:00,2025-05-22T10:41:00,12
00113147,Bradshaw Street,2025-05-22,2025-05-22T11:03:00,2025-05-22T10:59:00,9
00261521,Elm Street,2025-05-22,2025-05-22T11:07:00,2025-05-22T11:09:00,40
00113264,Ocean Avenue,2025-05-22,2025-05-22T11:12:00,2025-05-22T11:14:00,28
00115521,Jump Street,2025-05-22,2025-05-22T11:15:00,2025-05-22T11:25:00,19
00311532,Fury Road,2025-05-22,2025-05-22T11:22:00,2025-05-22T11:29:00,16
00662113,Cloverfield Lane,2025-05-22,2025-05-22T11:41:00,2025-05-22T11:40:00,8
00113147,Bradshaw Street,2025-05-22,2025-05-22T12:03:00,2025-05-22T12:03:00,12
00261521,Elm Street,2025-05-22,2025-05-22T12:07:00,2025-05-22T12:08:00,31
00113264,Ocean Avenue,2025-05-22,2025-05-22T12:12:00,2025-05-22T12:12:00,19
00115521,Jump Street,2025-05-22,2025-05-22T12:15:00,2025-05-22T12:24:00,17
00311532,Fury Road,2025-05-22,2025-05-22T12:22:00,2025-05-22T12:31:00,14
00662113,Cloverfield Lane,2025-05-22,2025-05-22T12:41:00,2025-05-22T12:40:00,9
00113147,Bradshaw Street,2025-05-22,2025-05-22T13:03:00,2025-05-22T12:57:00,9
00261521,Elm Street,2025-05-22,2025-05-22T13:07:00,2025-05-22T13:09:00,18
00113264,Ocean Avenue,2025-05-22,2025-05-22T13:12:00,2025-05-22T13:09:00,17
00115521,Jump Street,2025-05-22,2025-05-22T13:15:00,2025-05-22T13:22:00,12
00311532,Fury Road,2025-05-22,2025-05-22T13:22:00,2025-05-22T13:30:00,1
00662113,Cloverfield Lane,2025-05-22,2025-05-22T13:41:00,2025-05-22T13:39:00,6
00113147,Bradshaw Street,2025-05-22,2025-05-22T14:03:00,2025-05-22T13:59:00,25
00261521,Elm Street,2025-05-22,2025-05-22T14:07:00,2025-05-22T14:09:00,22
00113264,Ocean Avenue,2025-05-22,2025-05-22T14:12:00,2025-05-22T14:14:00,26
00115521,Jump Street,2025-05-22,2025-05-22T14:15:00,2025-05-22T14:27:00,6
00311532,Fury Road,2025-05-22,2025-05-22T14:22:00,2025-05-22T14:28:00,3
00662113,Cloverfield Lane,2025-05-22,2025-05-22T14:41:00,2025-05-22T14:40:00,4
00113147,Bradshaw Street,2025-05-22,2025-05-22T15:03:00,2025-05-22T15:01:00,22
00261521,Elm Street,2025-05-22,2025-05-22T15:07:00,2025-05-22T15:09:00,20
00113264,Ocean Avenue,2025-05-22,2025-05-22T15:12:00,2025-05-22T15:14:00,29
00115521,Jump Street,2025-05-22,2025-05-22T15:15:00,2025-05-22T15:26:00,17
00311532,Fury Road,2025-05-22,2025-05-22T15:22:00,2025-05-22T15:30:00,12
00662113,Cloverfield Lane,2025-05-22,2025-05-22T15:41:00,2025-05-22T15:40:00,12
00113147,Bradshaw Street,2025-05-22,2025-05-22T16:03:00,2025-05-22T16:01:00,14
00261521,Elm Street,2025-05-22,2025-05-22T16:07:00,2025-05-22T16:08:00,43
00113264,Ocean Avenue,2025-05-22,2025-05-22T16:12:00,2025-05-22T16:17:00,26
00115521,Jump Street,2025-05-22,2025-05-22T16:15:00,2025-05-22T16:24:00,39
00311532,Fury Road,2025-05-22,2025-05-22T16:22:00,2025-05-22T16:27:00,16
00662113,Cloverfield Lane,2025-05-22,2025-05-22T16:41:00,2025-05-22T16:40:00,10
00113147,Bradshaw Street,2025-05-22,2025-05-22T17:03:00,2025-05-22T16:59:00,10
00261521,Elm Street,2025-05-22,2025-05-22T17:07:00,2025-05-22T17:09:00,34
00113264,Ocean Avenue,2025-05-22,2025-05-22T17:12:00,2025-05-22T17:12:00,41
00115521,Jump Street,2025-05-22,2025-05-22T17:15:00,2025-05-22T17:25:00,29
00311532,Fury Road,2025-05-22,2025-05-22T17:22:00,2025-05-22T17:28:00,9
00662113,Cloverfield Lane,2025-05-22,2025-05-22T17:41:00,2025-05-22T17:40:00,9
00113147,Bradshaw Street,2025-05-22,2025-05-22T18:03:00,2025-05-22T17:59:00,18
00261521,Elm Street,2025-05-22,2025-05-22T18:07:00,2025-05-22T18:10:00,25
00113264,Ocean Avenue,2025-05-22,2025-05-22T18:12:00,2025-05-22T18:15:00,32
00115521,Jump Street,2025-05-22,2025-05-22T18:15:00,2025-05-22T18:23:00,24
00311532,Fury Road,2025-05-22,2025-05-22T18:22:00,2025-05-22T18:24:00,5
00662113,Cloverfield Lane,2025-05-22,2025-05-22T18:41:00,2025-05-22T18:41:00,4
00113147,Bradshaw Street,2025-05-22,2025-05-22T19:03:00,2025-05-22T19:00:00,19
00261521,Elm Street,2025-05-22,2025-05-22T19:07:00,2025-05-22T19:09:00,18
00113264,Ocean Avenue,2025-05-22,2025-05-22T19:12:00,2025-05-22T19:14:00,24
00115521,Jump Street,2025-05-22,2025-05-22T19:15:00,2025-05-22T19:23:00,14
00311532,Fury Road,2025-05-22,2025-05-22T19:22:00,2025-05-22T19:26:00,2
00662113,Cloverfield Lane,2025-05-22,2025-05-22T19:41:00,2025-05-22T19:38:00,4
00113147,Bradshaw Street,2025-05-22,2025-05-22T20:03:00,2025-05-22T20:00:00,4
00261521,Elm Street,2025-05-22,2025-05-22T20:07:00,2025-05-22T20:08:00,22
00113264,Ocean Avenue,2025-05-22,2025-05-22T20:12:00,2025-05-22T20:13:00,16
00115521,Jump Street,2025-05-22,2025-05-22T20:15:00,2025-05-22T20:19:00,13
00311532,Fury Road,2025-05-22,2025-05-22T20:22:00,2025-05-22T20:27:00,5
00662113,Cloverfield Lane,2025-05-22,2025-05-22T20:41:00,2025-05-22T20:38:00,6
00113147,Bradshaw Street,2025-05-22,2025-05-22T21:03:00,2025-05-22T21:01:00,18
00261521,Elm Street,2025-05-22,2025-05-22T21:07:00,2025-05-22T21:06:00,11
00113264,Ocean Avenue,2025-05-22,2025-05-22T21:12:00,2025-05-22T21:16:00,28
00115521,Jump Street,2025-05-22,2025-05-22T21:15:00,2025-05-22T21:26:00,9
00311532,Fury Road,2025-05-22,2025-05-22T21:22:00,2025-05-22T21:30:00,7
00662113,Cloverfield Lane,2025-05-22,2025-05-22T21:41:00,2025-05-22T21:41:00,8
00113147,Bradshaw Street,2025-05-23,2025-05-23T06:03:00,2025-05-23T05:59:00,0
00261521,Elm Street,2025-05-23,2025-05-23T06:07:00,2025-05-23T06:07:00,18
00113264,Ocean Avenue,2025-05-23,2025-05-23T06:12:00,2025-05-23T06:15:00,5
00115521,Jump Street,2025-05-23,2025-05-23T06:15:00,2025-05-23T06:25:00,8
00311532,Fury Road,2025-05-23,2025-05-23T06:22:00,2025-05-23T06:29:00,6
00662113,Cloverfield Lane,2025-05-23,2025-05-23T06:41:00,2025-05-23T06:42:00,7
00113147,Bradshaw Street,2025-05-23,2025-05-23T07:03:00,2025-05-23T07:00:00,26
00261521,Elm Street,2025-05-23,2025-05-23T07:07:00,none,0
00113264,Ocean Avenue,2025-05-23,2025-05-23T07:12:00,2025-05-23T07:12:00,45
00115521,Jump Street,2025-05-23,2025-05-23T07:15:00,2025-05-23T07:25:00,14
00311532,Fury Road,2025-05-23,2025-05-23T07:22:00,2025-05-23T07:29:00,6
00662113,Cloverfield Lane,2025-05-23,2025-05-23T07:41:00,2025-05-23T07:39:00,11
00113147,Bradshaw Street,2025-05-23,2025-05-23T08:03:00,2025-05-23T08:00:00,26
00261521,Elm Street,2025-05-23,2025-05-23T08:07:00,2025-05-23T08:07:00,59
00113264,Ocean Avenue,2025-05-23,2025-05-23T08:12:00,2025-05-23T08:11:00,35
00115521,Jump Street,2025-05-23,2025-05-23T08:15:00,2025-05-23T08:22:00,27
00311532,Fury Road,2025-05-23,2025-05-23T08:22:00,2025-05-23T08:32:00,9
00662113,Cloverfield Lane,2025-05-23,2025-05-23T08:41:00,2025-05-23T08:40:00,7
00113147,Bradshaw Street,2025-05-23,2025-05-23T09:03:00,2025-05-23T08:59:00,9
00261521,Elm Street,2025-05-23,2025-05-23T09:07:00,2025-05-23T09:10:00,60
00113264,Ocean Avenue,2025-05-23,2025-05-23T09:12:00,2025-05-23T09:14:00,38
00115521,Jump Street,2025-05-23,2025-05-23T09:15:00,2025-05-23T09:23:00,15
00311532,Fury Road,2025-05-23,2025-05-23T09:22:00,2025-05-23T09:26:00,13
00662113,Cloverfield Lane,2025-05-23,2025-05-23T09:41:00,2025-05-23T09:40:00,6
00113147,Bradshaw Street,2025-05-23,2025-05-23T10:03:00,2025-05-23T10:02:00,17
00261521,Elm Street,2025-05-23,2025-05-23T10:07:00,2025-05-23T10:04:00,51
00113264,Ocean Avenue,2025-05-23,2025-05-23T10:12:00,2025-05-23T10:11:00,20
00115521,Jump Street,2025-05-23,2025-05-23T10:15:00,2025-05-23T10:21:00,14
00311532,Fury Road,2025-05-23,2025-05-23T10:22:00,2025-05-23T10:25:00,5
00662113,Cloverfield Lane,2025-05-23,2025-05-23T10:41:00,2025-05-23T10:38:00,8
00113147,Bradshaw Street,2025-05-23,2025-05-23T11:03:00,2025-05-23T11:03:00,12
00261521,Elm Street,2025-05-23,2025-05-23T11:07:00,2025-05-23T11:06:00,29
00113264,Ocean Avenue,2025-05-23,2025-05-23T11:12:00,2025-05-23T11:17:00,0
00115521,Jump Street,2025-05-23,2025-05-23T11:15:00,2025-05-23T11:20:00,18
00311532,Fury Road,2025-05-23,2025-05-23T11:22:00,2025-05-23T11:23:00,4
00662113,Cloverfield Lane,2025-05-23,2025-05-23T11:41:00,2025-05-23T11:37:00,6
00113147,Bradshaw Street,2025-05-23,2025-05-23T12:03:00,2025-05-23T12:03:00,13
00261521,Elm Street,2025-05-23,2025-05-23T12:07:00,2025-05-23T12:08:00,33
00113264,Ocean Avenue,2025-05-23,2025-05-23T12:12:00,2025-05-23T12:13:00,21
00115521,Jump Street,2025-05-23,2025-05-23T12:15:00,2025-05-23T12:22:00,14
00311532,Fury Road,2025-05-23,2025-05-23T12:22:00,2025-05-23T12:24:00,12
00662113,Cloverfield Lane,2025-05-23,2025-05-23T12:41:00,2025-05-23T12:39:00,3
00113147,Bradshaw Street,2025-05-23,2025-05-23T13:03:00,2025-05-23T12:57:00,11
00261521,Elm Street,2025-05-23,2025-05-23T13:07:00,2025-05-23T13:09:00,46
00113264,Ocean Avenue,2025-05-23,2025-05-23T13:12:00,2025-05-23T13:14:00,23
00115521,Jump Street,2025-05-23,2025-05-23T13:15:00,2025-05-23T13:23:00,6
00311532,Fury Road,2025-05-23,2025-05-23T13:22:00,2025-05-23T13:28:00,15
00662113,Cloverfield Lane,2025-05-23,2025-05-23T13:41:00,2025-05-23T13:37:00,6
00113147,Bradshaw Street,2025-05-23,2025-05-23T14:03:00,2025-05-23T14:00:00,17
00261521,Elm Street,2025-05-23,2025-05-23T14:07:00,none,0
00113264,Ocean Avenue,2025-05-23,2025-05-23T14:12:00,2025-05-23T14:13:00,21
00115521,Jump Street,2025-05-23,2025-05-23T14:15:00,2025-05-23T14:26:00,12
00311532,Fury Road,2025-05-23,2025-05-23T14:22:00,2025-05-23T14:23:00,5
00662113,Cloverfield Lane,2025-05-23,2025-05-23T14:41:00,2025-05-23T14:42:00,5
00113147,Bradshaw Street,2025-05-23,2025-05-23T15:03:00,2025-05-23T14:59:00,7
00261521,Elm Street,2025-05-23,2025-05-23T15:07:00,2025-05-23T15:09:00,14
00113264,Ocean Avenue,2025-05-23,2025-05-23T15:12:00,2025-05-23T15:14:00,11
00115521,Jump Street,2025-05-23,2025-05-23T15:15:00,2025-05-23T15:24:00,15
00311532,Fury Road,2025-05-23,2025-05-23T15:22:00,2025-05-23T15:25:00,10
00662113,Cloverfield Lane,2025-05-23,2025-05-23T15:41:00,2025-05-23T15:38:00,8
00113147,Bradshaw Street,2025-05-23,2025-05-23T16:03:00,2025-05-23T15:59:00,28
00261521,Elm Street,2025-05-23,2025-05-23T16:07:00,2025-05-23T16:07:00,43
00113264,Ocean Avenue,2025-05-23,2025-05-23T16:12:00,2025-05-23T16:14:00,18
00115521,Jump Street,2025-05-23,2025-05-23T16:15:00,2025-05-23T16:25:00,29
00311532,Fury Road,2025-05-23,2025-05-23T16:22:00,2025-05-23T16:33:00,9
00662113,Cloverfield Lane,2025-05-23,2025-05-23T16:41:00,2025-05-23T16:40:00,3
00113147,Bradshaw Street,2025-05-23,2025-05-23T17:03:00,2025-05-23T17:00:00,6
00261521,Elm Street,2025-05-23,2025-05-23T17:07:00,2025-05-23T17:09:00,59
00113264,Ocean Avenue,2025-05-23,2025-05-23T17:12:00,2025-05-23T17:14:00,39
00115521,Jump Street,2025-05-23,2025-05-23T17:15:00,2025-05-23T17:23:00,33
00311532,Fury Road,2025-05-23,2025-05-23T17:22:00,2025-05-23T17:27:00,13
00662113,Cloverfield Lane,2025-05-23,2025-05-23T17:41:00,2025-05-23T17:40:00,9
00113147,Bradshaw Street,2025-05-23,2025-05-23T18:03:00,2025-05-23T18:01:00,32
00261521,Elm Street,2025-05-23,2025-05-23T18:07:00,2025-05-23T18:09:00,20
00113264,Ocean Avenue,2025-05-23,2025-05-23T18:12:00,2025-05-23T18:14:00,38
00115521,Jump Street,2025-05-23,2025-05-23T18:15:00,2025-05-23T18:19:00,37
00311532,Fury Road,2025-05-23,2025-05-23T18:22:00,2025-05-23T18:28:00,5
00662113,Cloverfield Lane,2025-05-23,2025-05-23T18:41:00,2025-05-23T18:37:00,2
00113147,Bradshaw Street,2025-05-23,2025-05-23T19:03:00,2025-05-23T19:00:00,4
00261521,Elm Street,2025-05-23,2025-05-23T19:07:00,2025-05-23T19:11:00,13
00113264,Ocean Avenue,2025-05-23,2025-05-23T19:12:00,2025-05-23T19:14:00,27
00115521,Jump Street,2025-05-23,2025-05-23T19:15:00,2025-05-23T19:25:00,12
00311532,Fury Road,2025-05-23,2025-05-23T19:22:00,2025-05-23T19:29:00,4
00662113,Cloverfield Lane,2025-05-23,2025-05-23T19:41:00,2025-05-23T19:41:00,6
00113147,Bradshaw Street,2025-05-23,2025-05-23T20:03:00,2025-05-23T20:01:00,11
00261521,Elm Street,2025-05-23,2025-05-23T20:07:00,2025-05-23T20:08:00,11
00113264,Ocean Avenue,2025-05-23,2025-05-23T20:12:00,2025-05-23T20:15:00,18
00115521,Jump Street,2025-05-23,2025-05-23T20:15:00,2025-05-23T20:23:00,27
00311532,Fury Road,2025-05-23,2025-05-23T20:22:00,2025-05-23T20:20:00,3
00662113,Cloverfield Lane,2025-05-23,2025-05-23T20:41:00,2025-05-23T20:38:00,6
00113147,Bradshaw Street,2025-05-23,2025-05-23T21:03:00,2025-05-23T21:00:00,19
00261521,Elm Street,2025-05-23,2025-05-23T21:07:00,2025-05-23T21:07:00,14
00113264,Ocean Avenue,2025-05-23,2025-05-23T21:12:00,2025-05-23T21:15:00,26
00115521,Jump Street,2025-05-23,2025-05-23T21:15:00,2025-05-23T21:23:00,13
00311532,Fury Road,2025-05-23,2025-05-23T21:22:00,2025-05-23T21:30:00,12
00662113,Cloverfield Lane,2025-05-23,2025-05-23T21:41:00,2025-05-23T21:39:00,8
00113147,Bradshaw Street,2025-05-24,2025-05-24T06:03:00,2025-05-24T06:01:00,11
00261521,Elm Street,2025-05-24,2025-05-24T06:07:00,2025-05-24T06:10:00,10
00113264,Ocean Avenue,2025-05-24,2025-05-24T06:12:00,2025-05-24T06:13:00,13
00115521,Jump Street,2025-05-24,2025-05-24T06:15:00,2025-05-24T06:21:00,7
00311532,Fury Road,2025-05-24,2025-05-24T06:22:00,2025-05-24T06:27:00,0
00662113,Cloverfield Lane,2025-05-24,2025-05-24T06:41:00,2025-05-24T06:43:00,2
00113147,Bradshaw Street,2025-05-24,2025-05-24T07:03:00,2025-05-24T07:00:00,25
00261521,Elm Street,2025-05-24,2025-05-24T07:07:00,2025-05-24T07:07:00,37
00113264,Ocean Avenue,2025-05-24,2025-05-24T07:12:00,2025-05-24T07:18:00,26
00115521,Jump Street,2025-05-24,2025-05-24T07:15:00,2025-05-24T07:25:00,14
00311532,Fury Road,2025-05-24,2025-05-24T07:22:00,2025-05-24T07:22:00,10
00662113,Cloverfield Lane,2025-05-24,2025-05-24T07:41:00,2025-05-24T07:42:00,3
00113147,Bradshaw Street,2025-05-24,2025-05-24T08:03:00,2025-05-24T08:00:00,17
00261521,Elm Street,2025-05-24,2025-05-24T08:07:00,2025-05-24T08:03:00,45
00113264,Ocean Avenue,2025-05-24,2025-05-24T08:12:00,2025-05-24T08:11:00,21
00115521,Jump Street,2025-05-24,2025-05-24T08:15:00,2025-05-24T08:20:00,17
00311532,Fury Road,2025-05-24,2025-05-24T08:22:00,2025-05-24T08:24:00,4
00662113,Cloverfield Lane,2025-05-24,2025-05-24T08:41:00,2025-05-24T08:40:00,6
00113147,Bradshaw Street,2025-05-24,2025-05-24T09:03:00,2025-05-24T09:00:00,17
00261521,Elm Street,2025-05-24,2025-05-24T09:07:00,2025-05-24T09:10:00,31
00113264,Ocean Avenue,2025-05-24,2025-05-24T09:12:00,2025-05-24T09:15:00,20
00115521,Jump Street,2025-05-24,2025-05-24T09:15:00,2025-05-24T09:28:00,18
00311532,Fury Road,2025-05-24,2025-05-24T09:22:00,2025-05-24T09:24:00,10
00662113,Cloverfield Lane,2025-05-24,2025-05-24T09:41:00,2025-05-24T09:38:00,1
00113147,Bradshaw Street,2025-05-24,2025-05-24T10:03:00,2025-05-24T09:59:00,10
00261521,Elm Street,2025-05-24,2025-05-24T10:07:00,2025-05-24T10:10:00,15
00113264,Ocean Avenue,2025-05-24,2025-05-24T10:12:00,2025-05-24T10:15:00,14
00115521,Jump Street,2025-05-24,2025-05-24T10:15:00,2025-05-24T10:23:00,5
00311532,Fury Road,2025-05-24,2025-05-24T10:22:00,2025-05-24T10:25:00,1
00662113,Cloverfield Lane,2025-05-24,2025-05-24T10:41:00,2025-05-24T10:42:00,3
00113147,Bradshaw Street,2025-05-24,2025-05-24T11:03:00,2025-05-24T11:00:00,4
00261521,Elm Street,2025-05-24,2025-05-24T11:07:00,2025-05-24T11:08:00,18
00113264,Ocean Avenue,2025-05-24,2025-05-24T11:12:00,2025-05-24T11:16:00,17
00115521,Jump Street,2025-05-24,2025-05-24T11:15:00,2025-05-24T11:22:00,0
00311532,Fury Road,2025-05-24,2025-05-24T11:22:00,2025-05-24T11:25:00,9
00662113,Cloverfield Lane,2025-05-24,2025-05-24T11:41:00,2025-05-24T11:42:00,4
00113147,Bradshaw Street,2025-05-24,2025-05-24T12:03:00,2025-05-24T11:59:00,21
00261521,Elm Street,2025-05-24,2025-05-24T12:07:00,2025-05-24T12:11:00,12
00113264,Ocean Avenue,2025-05-24,2025-05-24T12:12:00,2025-05-24T12:14:00,11
00115521,Jump Street,2025-05-24,2025-05-24T12:15:00,2025-05-24T12:19:00,9
00311532,Fury Road,2025-05-24,2025-05-24T12:22:00,2025-05-24T12:27:00,0
00662113,Cloverfield Lane,2025-05-24,2025-05-24T12:41:00,2025-05-24T12:39:00,7
00113147,Bradshaw Street,2025-05-24,2025-05-24T13:03:00,2025-05-24T12:57:00,0
00261521,Elm Street,2025-05-24,2025-05-24T13:07:00,2025-05-24T13:08:00,17
00113264,Ocean Avenue,2025-05-24,2025-05-24T13:12:00,2025-05-24T13:15:00,13
00115521,Jump Street,2025-05-24,2025-05-24T13:15:00,2025-05-24T13:25:00,16
00311532,Fury Road,2025-05-24,2025-05-24T13:22:00,2025-05-24T13:31:00,6
00662113,Cloverfield Lane,2025-05-24,2025-05-24T13:41:00,2025-05-24T13:41:00,3
00113147,Bradshaw Street,2025-05-24,2025-05-24T14:03:00,2025-05-24T14:00:00,5
00261521,Elm Street,2025-05-24,2025-05-24T14:07:00,2025-05-24T14:04:00,8
00113264,Ocean Avenue,2025-05-24,2025-05-24T14:12:00,2025-05-24T14:13:00,2
00115521,Jump Street,2025-05-24,2025-05-24T14:15:00,2025-05-24T14:24:00,8
00311532,Fury Road,2025-05-24,2025-05-24T14:22:00,2025-05-24T14:28:00,5
00662113,Cloverfield Lane,2025-05-24,2025-05-24T14:41:00,2025-05-24T14:40:00,4
00113147,Bradshaw Street,2025-05-24,2025-05-24T15:03:00,2025-05-24T15:01:00,0
00261521,Elm Street,2025-05-24,2025-05-24T15:07:00,2025-05-24T15:07:00,29
00113264,Ocean Avenue,2025-05-24,2025-05-24T15:12:00,2025-05-24T15:15:00,14
00115521,Jump Street,2025-05-24,2025-05-24T15:15:00,2025-05-24T15:25:00,7
00311532,Fury Road,2025-05-24,2025-05-24T15:22:00,2025-05-24T15:27:00,7
00662113,Cloverfield Lane,2025-05-24,2025-05-24T15:41:00,2025-05-24T15:38:00,2
00113147,Bradshaw Street,2025-05-24,2025-05-24T16:03:00,2025-05-24T16:02:00,15
00261521,Elm Street,2025-05-24,2025-05-24T16:07:00,2025-05-24T16:10:00,29
00113264,Ocean Avenue,2025-05-24,2025-05-24T16:12:00,2025-05-24T16:14:00,26
00115521,Jump Street,2025-05-24,2025-05-24T16:15:00,2025-05-24T16:24:00,32
00311532,Fury Road,2025-05-24,2025-05-24T16:22:00,2025-05-24T16:25:00,5
00662113,Cloverfield Lane,2025-05-24,2025-05-24T16:41:00,2025-05-24T16:41:00,4
00113147,Bradshaw Street,2025-05-24,2025-05-24T17:03:00,2025-05-24T16:58:00,16
00261521,Elm Street,2025-05-24,2025-05-24T17:07:00,2025-05-24T17:05:00,19
00113264,Ocean Avenue,2025-05-24,2025-05-24T17:12:00,2025-05-24T17:15:00,35
00115521,Jump Street,2025-05-24,2025-05-24T17:15:00,2025-05-24T17:21:00,13
00311532,Fury Road,2025-05-24,2025-05-24T17:22:00,2025-05-24T17:27:00,10
00662113,Cloverfield Lane,2025-05-24,2025-05-24T17:41:00,2025-05-24T17:40:00,7
00113147,Bradshaw Street,2025-05-24,2025-05-24T18:03:00,2025-05-24T17:59:00,7
00261521,Elm Street,2025-05-24,2025-05-24T18:07:00,2025-05-24T18:08:00,27
00113264,Ocean Avenue,2025-05-24,2025-05-24T18:12:00,2025-05-24T18:14:00,1
00115521,Jump Street,2025-05-24,2025-05-24T18:15:00,2025-05-24T18:19:00,22
00311532,Fury Road,2025-05-24,2025-05-24T18:22:00,2025-05-24T18:30:00,10
00662113,Cloverfield Lane,2025-05-24,2025-05-24T18:41:00,2025-05-24T18:39:00,2
00113147,Bradshaw Street,2025-05-24,2025-05-24T19:03:00,2025-05-24T19:01:00,17
00261521,Elm Street,2025-05-24,2025-05-24T19:07:00,2025-05-24T19:08:00,20
00113264,Ocean Avenue,2025-05-24,2025-05-24T19:12:00,2025-05-24T19:14:00,14
00115521,Jump Street,2025-05-24,2025-05-24T19:15:00,2025-05-24T19:24:00,23
00311532,Fury Road,2025-05-24,2025-05-24T19:22:00,2025-05-24T19:28:00,8
00662113,Cloverfield Lane,2025-05-24,2025-05-24T19:41:00,2025-05-24T19:39:00,0
00113147,Bradshaw Street,2025-05-24,2025-05-24T20:03:00,2025-05-24T20:01:00,10
00261521,Elm Street,2025-05-24,2025-05-24T20:07:00,2025-05-24T20:07:00,12
00113264,Ocean Avenue,2025-05-24,2025-05-24T20:12:00,2025-05-24T20:16:00,8
00115521,Jump Street,2025-05-24,2025-05-24T20:15:00,2025-05-24T20:22:00,0
00311532,Fury Road,2025-05-24,2025-05-24T20:22:00,2025-05-24T20:24:00,3
00662113,Cloverfield Lane,2025-05-24,2025-05-24T20:41:00,2025-05-24T20:38:00,3
00113147,Bradshaw Street,2025-05-24,2025-05-24T21:03:00,2025-05-24T21:00:00,7
00261521,Elm Street,2025-05-24,2025-05-24T21:07:00,none,0
00113264,Ocean Avenue,2025-05-24,2025-05-24T21:12:00,2025-05-24T21:13:00,13
00115521,Jump Street,2025-05-24,2025-05-24T21:15:00,2025-05-24T21:24:00,1
00311532,Fury Road,2025-05-24,2025-05-24T21:22:00,2025-05-24T21:26:00,3
00662113,Cloverfield Lane,2025-05-24,2025-05-24T21:41:00,2025-05-24T21:40:00,5
00113147,Bradshaw Street,2025-05-25,2025-05-25T06:03:00,2025-05-25T05:59:00,2
00261521,Elm Street,2025-05-25,2025-05-25T06:07:00,2025-05-25T06:06:00,11
00113264,Ocean Avenue,2025-05-25,2025-05-25T06:12:00,2025-05-25T06:14:00,4
00115521,Jump Street,2025-05-25,2025-05-25T06:15:00,2025-05-25T06:24:00,6
00311532,Fury Road,2025-05-25,2025-05-25T06:22:00,2025-05-25T06:26:00,8
00662113,Cloverfield Lane,2025-05-25,2025-05-25T06:41:00,2025-05-25T06:38:00,3
00113147,Bradshaw Street,2025-05-25,2025-05-25T07:03:00,2025-05-25T07:01:00,15
00261521,Elm Street,2025-05-25,2025-05-25T07:07:00,2025-05-25T07:05:00,43
00113264,Ocean Avenue,2025-05-25,2025-05-25T07:12:00,2025-05-25T07:13:00,19
00115521,Jump Street,2025-05-25,2025-05-25T07:15:00,2025-05-25T07:22:00,17
00311532,Fury Road,2025-05-25,2025-05-25T07:22:00,2025-05-25T07:27:00,7
00662113,Cloverfield Lane,2025-05-25,2025-05-25T07:41:00,2025-05-25T07:40:00,0
00113147,Bradshaw Street,2025-05-25,2025-05-25T08:03:00,2025-05-25T08:01:00,31
00261521,Elm Street,2025-05-25,2025-05-25T08:07:00,2025-05-25T08:09:00,18
00113264,Ocean Avenue,2025-05-25,2025-05-25T08:12:00,2025-05-25T08:17:00,19
00115521,Jump Street,2025-05-25,2025-05-25T08:15:00,2025-05-25T08:25:00,15
00311532,Fury Road,2025-05-25,2025-05-25T08:22:00,2025-05-25T08:27:00,5
00662113,Cloverfield Lane,2025-05-25,2025-05-25T08:41:00,2025-05-25T08:39:00,3
00113147,Bradshaw Street,2025-05-25,2025-05-25T09:03:00,2025-05-25T08:59:00,14
00261521,Elm Street,2025-05-25,2025-05-25T09:07:00,2025-05-25T09:12:00,31
00113264,Ocean Avenue,2025-05-25,2025-05-25T09:12:00,2025-05-25T09:17:00,25
00115521,Jump Street,2025-05-25,2025-05-25T09:15:00,2025-05-25T09:22:00,12
00311532,Fury Road,2025-05-25,2025-05-25T09:22:00,2025-05-25T09:23:00,5
00662113,Cloverfield Lane,2025-05-25,2025-05-25T09:41:00,2025-05-25T09:37:00,2
00113147,Bradshaw Street,2025-05-25,2025-05-25T10:03:00,2025-05-25T10:00:00,18
00261521,Elm Street,2025-05-25,2025-05-25T10:07:00,2025-05-25T10:08:00,28
00113264,Ocean Avenue,2025-05-25,2025-05-25T10:12:00,2025-05-25T10:15:00,9
00115521,Jump Street,2025-05-25,2025-05-25T10:15:00,2025-05-25T10:24:00,13
00311532,Fury Road,2025-05-25,2025-05-25T10:22:00,2025-05-25T10:31:00,8
00662113,Cloverfield Lane,2025-05-25,2025-05-25T10:41:00,2025-05-25T10:38:00,3
00113147,Bradshaw Street,2025-05-25,2025-05-25T11:03:00,2025-05-25T11:01:00,11
00261521,Elm Street,2025-05-25,2025-05-25T11:07:00,2025-05-25T11:10:00,11
00113264,Ocean Avenue,2025-05-25,2025-05-25T11:12:00,2025-05-25T11:12:00,22
00115521,Jump Street,2025-05-25,2025-05-25T11:15:00,2025-05-25T11:18:00,1
00311532,Fury Road,2025-05-25,2025-05-25T11:22:00,2025-05-25T11:26:00,4
00662113,Cloverfield Lane,2025-05-25,2025-05-25T11:41:00,2025-05-25T11:40:00,5
00113147,Bradshaw Street,2025-05-25,2025-05-25T12:03:00,2025-05-25T12:00:00,10
00261521,Elm Street,2025-05-25,2025-05-25T12:07:00,2025-05-25T12:10:00,0
00113264,Ocean Avenue,2025-05-25,2025-05-25T12:12:00,2025-05-25T12:12:00,16
00115521,Jump Street,2025-05-25,2025-05-25T12:15:00,2025-05-25T12:24:00,13
00311532,Fury Road,2025-05-25,2025-05-25T12:22:00,2025-05-25T12:27:00,8
00662113,Cloverfield Lane,2025-05-25,2025-05-25T12:41:00,2025-05-25T12:37:00,6
00113147,Bradshaw Street,2025-05-25,2025-05-25T13:03:00,2025-05-25T13:00:00,12
00261521,Elm Street,2025-05-25,2025-05-25T13:07:00,2025-05-25T13:10:00,22
00113264,Ocean Avenue,2025-05-25,2025-05-25T13:12:00,2025-05-25T13:15:00,8
00115521,Jump Street,2025-05-25,2025-05-25T13:15:00,2025-05-25T13:22:00,13
00311532,Fury Road,2025-05-25,2025-05-25T13:22:00,2025-05-25T13:30:00,5
00662113,Cloverfield Lane,2025-05-25,2025-05-25T13:41:00,2025-05-25T13:41:00,5
00113147,Bradshaw Street,2025-05-25,2025-05-25T14:03:00,2025-05-25T14:00:00,2
00261521,Elm Street,2025-05-25,2025-05-25T14:07:00,2025-05-25T14:10:00,16
00113264,Ocean Avenue,2025-05-25,2025-05-25T14:12:00,2025-05-25T14:14:00,9
00115521,Jump Street,2025-05-25,2025-05-25T14:15:00,2025-05-25T14:22:00,8
00311532,Fury Road,2025-05-25,2025-05-25T14:22:00,2025-05-25T14:34:00,13
00662113,Cloverfield Lane,2025-05-25,2025-05-25T14:41:00,2025-05-25T14:39:00,6
00113147,Bradshaw Street,2025-05-25,2025-05-25T15:03:00,2025-05-25T14:58:00,4
00261521,Elm Street,2025-05-25,2025-05-25T15:07:00,2025-05-25T15:07:00,10
00113264,Ocean Avenue,2025-05-25,2025-05-25T15:12:00,2025-05-25T15:19:00,24
00115521,Jump Street,2025-05-25,2025-05-25T15:15:00,2025-05-25T15:23:00,1
00311532,Fury Road,2025-05-25,2025-05-25T15:22:00,2025-05-25T15:25:00,9
00662113,Cloverfield Lane,2025-05-25,2025-05-25T15:41:00,2025-05-25T15:40:00,7
00113147,Bradshaw Street,2025-05-25,2025-05-25T16:03:00,2025-05-25T16:00:00,18
00261521,Elm Street,2025-05-25,2025-05-25T16:07:00,2025-05-25T16:09:00,37
00113264,Ocean Avenue,2025-05-25,2025-05-25T16:12:00,2025-05-25T16:15:00,11
00115521,Jump Street,2025-05-25,2025-05-25T16:15:00,2025-05-25T16:22:00,10
00311532,Fury Road,2025-05-25,2025-05-25T16:22:00,2025-05-25T16:26:00,8
00662113,Cloverfield Lane,2025-05-25,2025-05-25T16:41:00,2025-05-25T16:41:00,0
00113147,Bradshaw Street,2025-05-25,2025-05-25T17:03:00,2025-05-25T16:59:00,13
00261521,Elm Street,2025-05-25,2025-05-25T17:07:00,2025-05-25T17:05:00,47
00113264,Ocean Avenue,2025-05-25,2025-05-25T17:12:00,2025-05-25T17:14:00,23
00115521,Jump Street,2025-05-25,2025-05-25T17:15:00,2025-05-25T17:21:00,13
00311532,Fury Road,2025-05-25,2025-05-25T17:22:00,2025-05-25T17:26:00,4
00662113,Cloverfield Lane,2025-05-25,2025-05-25T17:41:00,2025-05-25T17:39:00,8
00113147,Bradshaw Street,2025-05-25,2025-05-25T18:03:00,2025-05-25T18:00:00,15
00261521,Elm Street,2025-05-25,2025-05-25T18:07:00,2025-05-25T18:08:00,34
00113264,Ocean Avenue,2025-05-25,2025-05-25T18:12:00,2025-05-25T18:12:00,14
00115521,Jump Street,2025-05-25,2025-05-25T18:15:00,2025-05-25T18:25:00,27
00311532,Fury Road,2025-05-25,2025-05-25T18:22:00,2025-05-25T18:23:00,5
00662113,Cloverfield Lane,2025-05-25,2025-05-25T18:41:00,2025-05-25T18:41:00,4
00113147,Bradshaw Street,2025-05-25,2025-05-25T19:03:00,2025-05-25T19:00:00,9
00261521,Elm Street,2025-05-25,2025-05-25T19:07:00,2025-05-25T19:06:00,11
00113264,Ocean Avenue,2025-05-25,2025-05-25T19:12:00,2025-05-25T19:13:00,30
00115521,Jump Street,2025-05-25,2025-05-25T19:15:00,2025-05-25T19:25:00,23
00311532,Fury Road,2025-05-25,2025-05-25T19:22:00,2025-05-25T19:28:00,11
00662113,Cloverfield Lane,2025-05-25,2025-05-25T19:41:00,2025-05-25T19:39:00,0
00113147,Bradshaw Street,2025-05-25,2025-05-25T20:03:00,2025-05-25T20:00:00,7
00261521,Elm Street,2025-05-25,2025-05-25T20:07:00,2025-05-25T20:07:00,20
00113264,Ocean Avenue,2025-05-25,2025-05-25T20:12:00,2025-05-25T20:16:00,16
00115521,Jump Street,2025-05-25,2025-05-25T20:15:00,2025-05-25T20:23:00,16
00311532,Fury Road,2025-05-25,2025-05-25T20:22:00,2025-05-25T20:26:00,7
00662113,Cloverfield Lane,2025-05-25,2025-05-25T20:41:00,2025-05-25T20:41:00,3
00113147,Bradshaw Street,2025-05-25,2025-05-25T21:03:00,2025-05-25T21:03:00,13
00261521,Elm Street,2025-05-25,2025-05-25T21:07:00,2025-05-25T21:07:00,8
00113264,Ocean Avenue,2025-05-25,2025-05-25T21:12:00,2025-05-25T21:13:00,11
00115521,Jump Street,2025-05-25,2025-05-25T21:15:00,2025-05-25T21:20:00,13
00311532,Fury Road,2025-05-25,2025-05-25T21:22:00,2025-05-25T21:22:00,8
00662113,Cloverfield Lane,2025-05-25,2025-05-25T21:41:00,2025-05-25T21:38:00,4
00113147,Bradshaw Street,2025-05-26,2025-05-26T06:03:00,2025-05-26T06:00:00,9
00261521,Elm Street,2025-05-26,2025-05-26T06:07:00,2025-05-26T06:04:00,39
00113264,Ocean Avenue,2025-05-26,2025-05-26T06:12:00,2025-05-26T06:16:00,16
00115521,Jump Street,2025-05-26,2025-05-26T06:15:00,2025-05-26T06:22:00,27
00311532,Fury Road,2025-05-26,2025-05-26T06:22:00,2025-05-26T06:28:00,4
00662113,Cloverfield Lane,2025-05-26,2025-05-26T06:41:00,2025-05-26T06:41:00,10
00113147,Bradshaw Street,2025-05-26,2025-05-26T07:03:00,2025-05-26T06:58:00,33
00261521,Elm Street,2025-05-26,2025-05-26T07:07:00,2025-05-26T07:10:00,58
00113264,Ocean Avenue,2025-05-26,2025-05-26T07:12:00,2025-05-26T07:13:00,34
00115521,Jump Street,2025-05-26,2025-05-26T07:15:00,2025-05-26T07:25:00,31
00311532,Fury Road,2025-05-26,2025-05-26T07:22:00,2025-05-26T07:26:00,0
00662113,Cloverfield Lane,2025-05-26,2025-05-26T07:41:00,2025-05-26T07:40:00,9
00113147,Bradshaw Street,2025-05-26,2025-05-26T08:03:00,2025-05-26T07:59:00,29
00261521,Elm Street,2025-05-26,2025-05-26T08:07:00,2025-05-26T08:11:00,52
00113264,Ocean Avenue,2025-05-26,2025-05-26T08:12:00,2025-05-26T08:16:00,41
00115521,Jump Street,2025-05-26,2025-05-26T08:15:00,2025-05-26T08:25:00,22
00311532,Fury Road,2025-05-26,2025-05-26T08:22:00,2025-05-26T08:29:00,17
00662113,Cloverfield Lane,2025-05-26,2025-05-26T08:41:00,2025-05-26T08:42:00,4
00113147,Bradshaw Street,2025-05-26,2025-05-26T09:03:00,2025-05-26T09:02:00,20
00261521,Elm Street,2025-05-26,2025-05-26T09:07:00,2025-05-26T09:04:00,60
00113264,Ocean Avenue,2025-05-26,2025-05-26T09:12:00,2025-05-26T09:15:00,32
00115521,Jump Street,2025-05-26,2025-05-26T09:15:00,2025-05-26T09:21:00,21
00311532,Fury Road,2025-05-26,2025-05-26T09:22:00,2025-05-26T09:32:00,7
00662113,Cloverfield Lane,2025-05-26,2025-05-26T09:41:00,2025-05-26T09:36:00,7
00113147,Bradshaw Street,2025-05-26,2025-05-26T10:03:00,2025-05-26T09:57:00,17
00261521,Elm Street,2025-05-26,2025-05-26T10:07:00,2025-05-26T10:08:00,47
00113264,Ocean Avenue,2025-05-26,2025-05-26T10:12:00,2025-05-26T10:16:00,25
00115521,Jump Street,2025-05-26,2025-05-26T10:15:00,2025-05-26T10:23:00,27
00311532,Fury Road,2025-05-26,2025-05-26T10:22:00,2025-05-26T10:30:00,6
00662113,Cloverfield Lane,2025-05-26,2025-05-26T10:41:00,2025-05-26T10:38:00,9
00113147,Bradshaw Street,2025-05-26,2025-05-26T11:03:00,2025-05-26T11:01:00,0
00261521,Elm Street,2025-05-26,2025-05-26T11:07:00,2025-05-26T11:08:00,26
00113264,Ocean Avenue,2025-05-26,2025-05-26T11:12:00,2025-05-26T11:15:00,24
00115521,Jump Street,2025-05-26,2025-05-26T11:15:00,2025-05-26T11:22:00,20
00311532,Fury Road,2025-05-26,2025-05-26T11:22:00,2025-05-26T11:33:00,12
00662113,Cloverfield Lane,2025-05-26,2025-05-26T11:41:00,2025-05-26T11:40:00,0
00113147,Bradshaw Street,2025-05-26,2025-05-26T12:03:00,2025-05-26T11:59:00,14
00261521,Elm Street,2025-05-26,2025-05-26T12:07:00,2025-05-26T12:04:00,28
00113264,Ocean Avenue,2025-05-26,2025-05-26T12:12:00,2025-05-26T12:14:00,19
00115521,Jump Street,2025-05-26,2025-05-26T12:15:00,2025-05-26T12:22:00,27
00311532,Fury Road,2025-05-26,2025-05-26T12:22:00,2025-05-26T12:23:00,10
00662113,Cloverfield Lane,2025-05-26,2025-05-26T12:41:00,2025-05-26T12:41:00,0
00113147,Bradshaw Street,2025-05-26,2025-05-26T13:03:00,2025-05-26T13:01:00,24
00261521,Elm Street,2025-05-26,2025-05-26T13:07:00,2025-05-26T13:05:00,7
00113264,Ocean Avenue,2025-05-26,2025-05-26T13:12:00,2025-05-26T13:11:00,29
00115521,Jump Street,2025-05-26,2025-05-26T13:15:00,2025-05-26T13:23:00,19
00311532,Fury Road,2025-05-26,2025-05-26T13:22:00,2025-05-26T13:25:00,12
00662113,Cloverfield Lane,2025-05-26,2025-05-26T13:41:00,2025-05-26T13:41:00,5
00113147,Bradshaw Street,2025-05-26,2025-05-26T14:03:00,2025-05-26T13:59:00,4
00261521,Elm Street,2025-05-26,2025-05-26T14:07:00,2025-05-26T14:07:00,37
00113264,Ocean Avenue,2025-05-26,2025-05-26T14:12:00,2025-05-26T14:13:00,28
00115521,Jump Street,2025-05-26,2025-05-26T14:15:00,2025-05-26T14:21:00,19
00311532,Fury Road,2025-05-26,2025-05-26T14:22:00,2025-05-26T14:25:00,14
00662113,Cloverfield Lane,2025-05-26,2025-05-26T14:41:00,2025-05-26T14:41:00,5
00113147,Bradshaw Street,2025-05-26,2025-05-26T15:03:00,2025-05-26T15:01:00,9
00261521,Elm Street,2025-05-26,2025-05-26T15:07:00,none,0
00113264,Ocean Avenue,2025-05-26,2025-05-26T15:12:00,2025-05-26T15:15:00,18
00115521,Jump Street,2025-05-26,2025-05-26T15:15:00,2025-05-26T15:23:00,24
00311532,Fury Road,2025-05-26,2025-05-26T15:22:00,2025-05-26T15:26:00,5
00662113,Cloverfield Lane,2025-05-26,2025-05-26T15:41:00,2025-05-26T15:39:00,15
00113147,Bradshaw Street,2025-05-26,2025-05-26T16:03:00,2025-05-26T16:01:00,15
00261521,Elm Street,2025-05-26,2025-05-26T16:07:00,2025-05-26T16:14:00,33
00113264,Ocean Avenue,2025-05-26,2025-05-26T16:12:00,2025-05-26T16:17:00,28
00115521,Jump Street,2025-05-26,2025-05-26T16:15:00,2025-05-26T16:25:00,35
00311532,Fury Road,2025-05-26,2025-05-26T16:22:00,2025-05-26T16:27:00,12
00662113,Cloverfield Lane,2025-05-26,2025-05-26T16:41:00,2025-05-26T16:39:00,7
00113147,Bradshaw Street,2025-05-26,2025-05-26T17:03:00,2025-05-26T17:02:00,11
00261521,Elm Street,2025-05-26,2025-05-26T17:07:00,2025-05-26T17:05:00,37
00113264,Ocean Avenue,2025-05-26,2025-05-26T17:12:00,2025-05-26T17:12:00,29
00115521,Jump Street,2025-05-26,2025-05-26T17:15:00,2025-05-26T17:21:00,40
00311532,Fury Road,2025-05-26,2025-05-26T17:22:00,2025-05-26T17:25:00,14
00662113,Cloverfield Lane,2025-05-26,2025-05-26T17:41:00,2025-05-26T17:39:00,9
00113147,Bradshaw Street,2025-05-26,2025-05-26T18:03:00,2025-05-26T18:04:00,22
00261521,Elm Street,2025-05-26,2025-05-26T18:07:00,2025-05-26T18:06:00,37
00113264,Ocean Avenue,2025-05-26,2025-05-26T18:12:00,2025-05-26T18:13:00,37
00115521,Jump Street,2025-05-26,2025-05-26T18:15:00,2025-05-26T18:23:00,37
00311532,Fury Road,2025-05-26,2025-05-26T18:22:00,2025-05-26T18:23:00,11
00662113,Cloverfield Lane,2025-05-26,2025-05-26T18:41:00,2025-05-26T18:37:00,3
00113147,Bradshaw Street,2025-05-26,2025-05-26T19:03:00,2025-05-26T19:01:00,14
00261521,Elm Street,2025-05-26,2025-05-26T19:07:00,2025-05-26T19:11:00,27
00113264,Ocean Avenue,2025-05-26,2025-05-26T19:12:00,2025-05-26T19:12:00,26
00115521,Jump Street,2025-05-26,2025-05-26T19:15:00,2025-05-26T19:23:00,14
00311532,Fury Road,2025-05-26,2025-05-26T19:22:00,2025-05-26T19:23:00,2
00662113,Cloverfield Lane,2025-05-26,2025-05-26T19:41:00,2025-05-26T19:40:00,3
00113147,Bradshaw Street,2025-05-26,2025-05-26T20:03:00,2025-05-26T20:02:00,14
00261521,Elm Street,2025-05-26,2025-05-26T20:07:00,2025-05-26T20:10:00,16
00113264,Ocean Avenue,2025-05-26,2025-05-26T20:12:00,2025-05-26T20:19:00,12
00115521,Jump Street,2025-05-26,2025-05-26T20:15:00,2025-05-26T20:23:00,14
00311532,Fury Road,2025-05-26,2025-05-26T20:22:00,2025-05-26T20:27:00,12
00662113,Cloverfield Lane,2025-05-26,2025-05-26T20:41:00,2025-05-26T20:40:00,7
00113147,Bradshaw Street,2025-05-26,2025-05-26T21:03:00,2025-05-26T21:00:00,10
00261521,Elm Street,2025-05-26,2025-05-26T21:07:00,2025-05-26T21:09:00,25
00113264,Ocean Avenue,2025-05-26,2025-05-26T21:12:00,2025-05-26T21:15:00,20
00115521,Jump Street,2025-05-26,2025-05-26T21:15:00,2025-05-26T21:26:00,20
00311532,Fury Road,2025-05-26,2025-05-26T21:22:00,2025-05-26T21:26:00,3
00662113,Cloverfield Lane,2025-05-26,2025-05-26T21:41:00,2025-05-26T21:41:00,1
00113147,Bradshaw Street,2025-05-27,2025-05-27T06:03:00,2025-05-27T06:02:00,12
00261521,Elm Street,2025-05-27,2025-05-27T06:07:00,2025-05-27T06:07:00,5
00113264,Ocean Avenue,2025-05-27,2025-05-27T06:12:00,2025-05-27T06:14:00,28
00115521,Jump Street,2025-05-27,2025-05-27T06:15:00,2025-05-27T06:22:00,19
00311532,Fury Road,2025-05-27,2025-05-27T06:22:00,2025-05-27T06:26:00,7
00662113,Cloverfield Lane,2025-05-27,2025-05-27T06:41:00,2025-05-27T06:39:00,2
00113147,Bradshaw Street,2025-05-27,2025-05-27T07:03:00,2025-05-27T07:01:00,22
00261521,Elm Street,2025-05-27,2025-05-27T07:07:00,2025-05-27T07:06:00,56
00113264,Ocean Avenue,2025-05-27,2025-05-27T07:12:00,2025-05-27T07:11:00,32
00115521,Jump Street,2025-05-27,2025-05-27T07:15:00,2025-05-27T07:22:00,18
00311532,Fury Road,2025-05-27,2025-05-27T07:22:00,2025-05-27T07:31:00,12
00662113,Cloverfield Lane,2025-05-27,2025-05-27T07:41:00,2025-05-27T07:40:00,9
00113147,Bradshaw Street,2025-05-27,2025-05-27T08:03:00,2025-05-27T07:59:00,24
00261521,Elm Street,2025-05-27,2025-05-27T08:07:00,2025-05-27T08:08:00,43
00113264,Ocean Avenue,2025-05-27,2025-05-27T08:12:00,2025-05-27T08:14:00,34
00115521,Jump Street,2025-05-27,2025-05-27T08:15:00,2025-05-27T08:25:00,25
00311532,Fury Road,2025-05-27,2025-05-27T08:22:00,2025-05-27T08:29:00,4
00662113,Cloverfield Lane,2025-05-27,2025-05-27T08:41:00,2025-05-27T08:36:00,8
00113147,Bradshaw Street,2025-05-27,2025-05-27T09:03:00,2025-05-27T08:59:00,27
00261521,Elm Street,2025-05-27,2025-05-27T09:07:00,2025-05-27T09:09:00,60
00113264,Ocean Avenue,2025-05-27,2025-05-27T09:12:00,2025-05-27T09:16:00,49
00115521,Jump Street,2025-05-27,2025-05-27T09:15:00,2025-05-27T09:23:00,22
00311532,Fury Road,2025-05-27,2025-05-27T09:22:00,2025-05-27T09:30:00,9
00662113,Cloverfield Lane,2025-05-27,2025-05-27T09:41:00,2025-05-27T09:40:00,13
00113147,Bradshaw Street,2025-05-27,2025-05-27T10:03:00,2025-05-27T10:00:00,25
00261521,Elm Street,2025-05-27,2025-05-27T10:07:00,2025-05-27T10:11:00,29
00113264,Ocean Avenue,2025-05-27,2025-05-27T10:12:00,2025-05-27T10:17:00,20
00115521,Jump Street,2025-05-27,2025-05-27T10:15:00,2025-05-27T10:27:00,14
00311532,Fury Road,2025-05-27,2025-05-27T10:22:00,2025-05-27T10:28:00,7
00662113,Cloverfield Lane,2025-05-27,2025-05-27T10:41:00,2025-05-27T10:39:00,3
00113147,Bradshaw Street,2025-05-27,2025-05-27T11:03:00,2025-05-27T11:01:00,14
00261521,Elm Street,2025-05-27,2025-05-27T11:07:00,2025-05-27T11:07:00,16
00113264,Ocean Avenue,2025-05-27,2025-05-27T11:12:00,2025-05-27T11:17:00,19
00115521,Jump Street,2025-05-27,2025-05-27T11:15:00,2025-05-27T11:22:00,32
00311532,Fury Road,2025-05-27,2025-05-27T11:22:00,2025-05-27T11:29:00,9
00662113,Cloverfield Lane,2025-05-27,2025-05-27T11:41:00,2025-05-27T11:38:00,12
00113147,Bradshaw Street,2025-05-27,2025-05-27T12:03:00,2025-05-27T11:59:00,2
00261521,Elm Street,2025-05-27,2025-05-27T12:07:00,2025-05-27T12:09:00,31
00113264,Ocean Avenue,2025-05-27,2025-05-27T12:12:00,2025-05-27T12:16:00,17
00115521,Jump Street,2025-05-27,2025-05-27T12:15:00,2025-05-27T12:22:00,35
00311532,Fury Road,2025-05-27,2025-05-27T12:22:00,2025-05-27T12:31:00,6
00662113,Cloverfield Lane,2025-05-27,2025-05-27T12:41:00,2025-05-27T12:37:00,10
00113147,Bradshaw Street,2025-05-27,2025-05-27T13:03:00,2025-05-27T13:01:00,4
00261521,Elm Street,2025-05-27,2025-05-27T13:07:00,2025-05-27T13:11:00,34
00113264,Ocean Avenue,2025-05-27,2025-05-27T13:12:00,2025-05-27T13:15:00,13
00115521,Jump Street,2025-05-27,2025-05-27T13:15:00,2025-05-27T13:24:00,10
00311532,Fury Road,2025-05-27,2025-05-27T13:22:00,2025-05-27T13:29:00,8
00662113,Cloverfield Lane,2025-05-27,2025-05-27T13:41:00,2025-05-27T13:40:00,5
00113147,Bradshaw Street,2025-05-27,2025-05-27T14:03:00,2025-05-27T14:03:00,5
00261521,Elm Street,2025-05-27,2025-05-27T14:07:00,2025-05-27T14:09:00,32
00113264,Ocean Avenue,2025-05-27,2025-05-27T14:12:00,2025-05-27T14:12:00,25
00115521,Jump Street,2025-05-27,2025-05-27T14:15:00,2025-05-27T14:19:00,19
00311532,Fury Road,2025-05-27,2025-05-27T14:22:00,2025-05-27T14:27:00,7
00662113,Cloverfield Lane,2025-05-27,2025-05-27T14:41:00,2025-05-27T14:39:00,11
00113147,Bradshaw Street,2025-05-27,2025-05-27T15:03:00,2025-05-27T15:00:00,26
00261521,Elm Street,2025-05-27,2025-05-27T15:07:00,2025-05-27T15:08:00,46
00113264,Ocean Avenue,2025-05-27,2025-05-27T15:12:00,2025-05-27T15:15:00,21
00115521,Jump Street,2025-05-27,2025-05-27T15:15:00,2025-05-27T15:21:00,19
00311532,Fury Road,2025-05-27,2025-05-27T15:22:00,2025-05-27T15:28:00,2
00662113,Cloverfield Lane,2025-05-27,2025-05-27T15:41:00,2025-05-27T15:39:00,6
00113147,Bradshaw Street,2025-05-27,2025-05-27T16:03:00,2025-05-27T16:01:00,19
00261521,Elm Street,2025-05-27,2025-05-27T16:07:00,2025-05-27T16:08:00,44
00113264,Ocean Avenue,2025-05-27,2025-05-27T16:12:00,2025-05-27T16:16:00,39
00115521,Jump Street,2025-05-27,2025-05-27T16:15:00,2025-05-27T16:25:00,37
00311532,Fury Road,2025-05-27,2025-05-27T16:22:00,2025-05-27T16:29:00,14
00662113,Cloverfield Lane,2025-05-27,2025-05-27T16:41:00,2025-05-27T16:39:00,14
00113147,Bradshaw Street,2025-05-27,2025-05-27T17:03:00,2025-05-27T17:00:00,24
00261521,Elm Street,2025-05-27,2025-05-27T17:07:00,2025-05-27T17:04:00,41
00113264,Ocean Avenue,2025-05-27,2025-05-27T17:12:00,2025-05-27T17:15:00,37
00115521,Jump Street,2025-05-27,2025-05-27T17:15:00,2025-05-27T17:22:00,33
00311532,Fury Road,2025-05-27,2025-05-27T17:22:00,2025-05-27T17:25:00,10
00662113,Cloverfield Lane,2025-05-27,2025-05-27T17:41:00,2025-05-27T17:40:00,6
00113147,Bradshaw Street,2025-05-27,2025-05-27T18:03:00,2025-05-27T18:00:00,20
00261521,Elm Street,2025-05-27,2025-05-27T18:07:00,2025-05-27T18:11:00,43
00113264,Ocean Avenue,2025-05-27,2025-05-27T18:12:00,2025-05-27T18:15:00,39
00115521,Jump Street,2025-05-27,2025-05-27T18:15:00,2025-05-27T18:27:00,36
00311532,Fury Road,2025-05-27,2025-05-27T18:22:00,2025-05-27T18:25:00,12
00662113,Cloverfield Lane,2025-05-27,2025-05-27T18:41:00,2025-05-27T18:38:00,6
00113147,Bradshaw Street,2025-05-27,2025-05-27T19:03:00,2025-05-27T19:01:00,14
00261521,Elm Street,2025-05-27,2025-05-27T19:07:00,2025-05-27T19:08:00,34
00113264,Ocean Avenue,2025-05-27,2025-05-27T19:12:00,2025-05-27T19:15:00,27
00115521,Jump Street,2025-05-27,2025-05-27T19:15:00,2025-05-27T19:25:00,18
00311532,Fury Road,2025-05-27,2025-05-27T19:22:00,2025-05-27T19:30:00,7
00662113,Cloverfield Lane,2025-05-27,2025-05-27T19:41:00,2025-05-27T19:39:00,0
00113147,Bradshaw Street,2025-05-27,2025-05-27T20:03:00,2025-05-27T19:58:00,4
00261521,Elm Street,2025-05-27,2025-05-27T20:07:00,2025-05-27T20:07:00,20
00113264,Ocean Avenue,2025-05-27,2025-05-27T20:12:00,2025-05-27T20:19:00,15
00115521,Jump Street,2025-05-27,2025-05-27T20:15:00,2025-05-27T20:19:00,21
00311532,Fury Road,2025-05-27,2025-05-27T20:22:00,2025-05-27T20:30:00,10
00662113,Cloverfield Lane,2025-05-27,2025-05-27T20:41:00,2025-05-27T20:39:00,7
00113147,Bradshaw Street,2025-05-27,2025-05-27T21:03:00,2025-05-27T21:00:00,17
00261521,Elm Street,2025-05-27,2025-05-27T21:07:00,2025-05-27T21:04:00,1
00113264,Ocean Avenue,2025-05-27,2025-05-27T21:12:00,2025-05-27T21:16:00,15
00115521,Jump Street,2025-05-27,2025-05-27T21:15:00,2025-05-27T21:22:00,13
00311532,Fury Road,2025-05-27,2025-05-27T21:22:00,2025-05-27T21:29:00,3
00662113,Cloverfield Lane,2025-05-27,2025-05-27T21:41:00,2025-05-27T21:40:00,3
00113147,Bradshaw Street,2025-05-28,2025-05-28T06:03:00,2025-05-28T06:03:00,4
00261521,Elm Street,2025-05-28,2025-05-28T06:07:00,2025-05-28T06:07:00,19
00113264,Ocean Avenue,2025-05-28,2025-05-28T06:12:00,2025-05-28T06:16:00,14
00115521,Jump Street,2025-05-28,2025-05-28T06:15:00,2025-05-28T06:22:00,14
00311532,Fury Road,2025-05-28,2025-05-28T06:22:00,2025-05-28T06:27:00,5
00662113,Cloverfield Lane,2025-05-28,2025-05-28T06:41:00,2025-05-28T06:40:00,5
00113147,Bradshaw Street,2025-05-28,2025-05-28T07:03:00,2025-05-28T06:58:00,26
00261521,Elm Street,2025-05-28,2025-05-28T07:07:00,2025-05-28T07:06:00,55
00113264,Ocean Avenue,2025-05-28,2025-05-28T07:12:00,2025-05-28T07:14:00,33
00115521,Jump Street,2025-05-28,2025-05-28T07:15:00,2025-05-28T07:25:00,30
00311532,Fury Road,2025-05-28,2025-05-28T07:22:00,2025-05-28T07:25:00,9
00662113,Cloverfield Lane,2025-05-28,2025-05-28T07:41:00,2025-05-28T07:41:00,8
00113147,Bradshaw Street,2025-05-28,2025-05-28T08:03:00,2025-05-28T07:59:00,26
00261521,Elm Street,2025-05-28,2025-05-28T08:07:00,2025-05-28T08:07:00,54
00113264,Ocean Avenue,2025-05-28,2025-05-28T08:12:00,2025-05-28T08:14:00,28
00115521,Jump Street,2025-05-28,2025-05-28T08:15:00,2025-05-28T08:24:00,43
00311532,Fury Road,2025-05-28,2025-05-28T08:22:00,2025-05-28T08:25:00,9
00662113,Cloverfield Lane,2025-05-28,2025-05-28T08:41:00,2025-05-28T08:39:00,7
00113147,Bradshaw Street,2025-05-28,2025-05-28T09:03:00,2025-05-28T09:02:00,26
00261521,Elm Street,2025-05-28,2025-05-28T09:07:00,2025-05-28T09:08:00,55
00113264,Ocean Avenue,2025-05-28,2025-05-28T09:12:00,2025-05-28T09:15:00,39
00115521,Jump Street,2025-05-28,2025-05-28T09:15:00,2025-05-28T09:26:00,13
00311532,Fury Road,2025-05-28,2025-05-28T09:22:00,2025-05-28T09:29:00,11
00662113,Cloverfield Lane,2025-05-28,2025-05-28T09:41:00,2025-05-28T09:41:00,12
00113147,Bradshaw Street,2025-05-28,2025-05-28T10:03:00,2025-05-28T10:01:00,13
00261521,Elm Street,2025-05-28,2025-05-28T10:07:00,2025-05-28T10:02:00,18
00113264,Ocean Avenue,2025-05-28,2025-05-28T10:12:00,2025-05-28T10:14:00,22
00115521,Jump Street,2025-05-28,2025-05-28T10:15:00,2025-05-28T10:25:00,10
00311532,Fury Road,2025-05-28,2025-05-28T10:22:00,2025-05-28T10:25:00,10
00662113,Cloverfield Lane,2025-05-28,2025-05-28T10:41:00,2025-05-28T10:39:00,7
00113147,Bradshaw Street,2025-05-28,2025-05-28T11:03:00,2025-05-28T10:58:00,5
00261521,Elm Street,2025-05-28,2025-05-28T11:07:00,2025-05-28T11:07:00,35
00113264,Ocean Avenue,2025-05-28,2025-05-28T11:12:00,2025-05-28T11:15:00,15
00115521,Jump Street,2025-05-28,2025-05-28T11:15:00,2025-05-28T11:19:00,25
00311532,Fury Road,2025-05-28,2025-05-28T11:22:00,2025-05-28T11:30:00,11
00662113,Cloverfield Lane,2025-05-28,2025-05-28T11:41:00,2025-05-28T11:37:00,9
00113147,Bradshaw Street,2025-05-28,2025-05-28T12:03:00,2025-05-28T11:58:00,20
00261521,Elm Street,2025-05-28,2025-05-28T12:07:00,2025-05-28T12:09:00,0
00113264,Ocean Avenue,2025-05-28,2025-05-28T12:12:00,2025-05-28T12:15:00,10
00115521,Jump Street,2025-05-28,2025-05-28T12:15:00,2025-05-28T12:23:00,23
00311532,Fury Road,2025-05-28,2025-05-28T12:22:00,2025-05-28T12:27:00,4
00662113,Cloverfield Lane,2025-05-28,2025-05-28T12:41:00,2025-05-28T12:40:00,9
00113147,Bradshaw Street,2025-05-28,2025-05-28T13:03:00,2025-05-28T13:01:00,16
00261521,Elm Street,2025-05-28,2025-05-28T13:07:00,2025-05-28T13:08:00,13
00113264,Ocean Avenue,2025-05-28,2025-05-28T13:12:00,2025-05-28T13:14:00,19
00115521,Jump Street,2025-05-28,2025-05-28T13:15:00,2025-05-28T13:23:00,21
00311532,Fury Road,2025-05-28,2025-05-28T13:22:00,2025-05-28T13:25:00,0
00662113,Cloverfield Lane,2025-05-28,2025-05-28T13:41:00,2025-05-28T13:41:00,13
00113147,Bradshaw Street,2025-05-28,2025-05-28T14:03:00,2025-05-28T14:00:00,8
00261521,Elm Street,2025-05-28,2025-05-28T14:07:00,2025-05-28T14:08:00,36
00113264,Ocean Avenue,2025-05-28,2025-05-28T14:12:00,2025-05-28T14:15:00,22
00115521,Jump Street,2025-05-28,2025-05-28T14:15:00,2025-05-28T14:24:00,17
00311532,Fury Road,2025-05-28,2025-05-28T14:22:00,2025-05-28T14:28:00,10
00662113,Cloverfield Lane,2025-05-28,2025-05-28T14:41:00,2025-05-28T14:38:00,3
00113147,Bradshaw Street,2025-05-28,2025-05-28T15:03:00,2025-05-28T15:00:00,12
00261521,Elm Street,2025-05-28,2025-05-28T15:07:00,2025-05-28T15:07:00,25
00113264,Ocean Avenue,2025-05-28,2025-05-28T15:12:00,2025-05-28T15:11:00,17
00115521,Jump Street,2025-05-28,2025-05-28T15:15:00,2025-05-28T15:24:00,2
00311532,Fury Road,2025-05-28,2025-05-28T15:22:00,2025-05-28T15:22:00,6
00662113,Cloverfield Lane,2025-05-28,2025-05-28T15:41:00,2025-05-28T15:42:00,9
00113147,Bradshaw Street,2025-05-28,2025-05-28T16:03:00,2025-05-28T16:00:00,16
00261521,Elm Street,2025-05-28,2025-05-28T16:07:00,2025-05-28T16:07:00,32
00113264,Ocean Avenue,2025-05-28,2025-05-28T16:12:00,2025-05-28T16:19:00,22
00115521,Jump Street,2025-05-28,2025-05-28T16:15:00,2025-05-28T16:21:00,17
00311532,Fury Road,2025-05-28,2025-05-28T16:22:00,2025-05-28T16:27:00,17
00662113,Cloverfield Lane,2025-05-28,2025-05-28T16:41:00,2025-05-28T16:39:00,4
00113147,Bradshaw Street,2025-05-28,2025-05-28T17:03:00,2025-05-28T17:00:00,21
00261521,Elm Street,2025-05-28,2025-05-28T17:07:00,none,0
00113264,Ocean Avenue,2025-05-28,2025-05-28T17:12:00,2025-05-28T17:16:00,30
00115521,Jump Street,2025-05-28,2025-05-28T17:15:00,2025-05-28T17:24:00,24
00311532,Fury Road,2025-05-28,2025-05-28T17:22:00,2025-05-28T17:27:00,16
00662113,Cloverfield Lane,2025-05-28,2025-05-28T17:41:00,2025-05-28T17:40:00,5
00113147,Bradshaw Street,2025-05-28,2025-05-28T18:03:00,2025-05-28T18:00:00,16
00261521,Elm Street,2025-05-28,2025-05-28T18:07:00,2025-05-28T18:09:00,51
00113264,Ocean Avenue,2025-05-28,2025-05-28T18:12:00,2025-05-28T18:15:00,30
00115521,Jump Street,2025-05-28,2025-05-28T18:15:00,2025-05-28T18:24:00,33
00311532,Fury Road,2025-05-28,2025-05-28T18:22:00,2025-05-28T18:25:00,11
00662113,Cloverfield Lane,2025-05-28,2025-05-28T18:41:00,2025-05-28T18:39:00,5
00113147,Bradshaw Street,2025-05-28,2025-05-28T19:03:00,2025-05-28T19:01:00,6
00261521,Elm Street,2025-05-28,2025-05-28T19:07:00,none,0
00113264,Ocean Avenue,2025-05-28,2025-05-28T19:12:00,2025-05-28T19:17:00,23
00115521,Jump Street,2025-05-28,2025-05-28T19:15:00,2025-05-28T19:21:00,15
00311532,Fury Road,2025-05-28,2025-05-28T19:22:00,2025-05-28T19:31:00,2
00662113,Cloverfield Lane,2025-05-28,2025-05-28T19:41:00,2025-05-28T19:40:00,1
00113147,Bradshaw Street,2025-05-28,2025-05-28T20:03:00,2025-05-28T19:59:00,8
00261521,Elm Street,2025-05-28,2025-05-28T20:07:00,2025-05-28T20:07:00,26
00113264,Ocean Avenue,2025-05-28,2025-05-28T20:12:00,2025-05-28T20:11:00,10
00115521,Jump Street,2025-05-28,2025-05-28T20:15:00,2025-05-28T20:24:00,11
00311532,Fury Road,2025-05-28,2025-05-28T20:22:00,2025-05-28T20:25:00,1
00662113,Cloverfield Lane,2025-05-28,2025-05-28T20:41:00,2025-05-28T20:40:00,0
00113147,Bradshaw Street,2025-05-28,2025-05-28T21:03:00,2025-05-28T21:03:00,5
00261521,Elm Street,2025-05-28,2025-05-28T21:07:00,2025-05-28T21:10:00,22
00113264,Ocean Avenue,2025-05-28,2025-05-28T21:12:00,2025-05-28T21:17:00,27
00115521,Jump Street,2025-05-28,2025-05-28T21:15:00,2025-05-28T21:24:00,8
00311532,Fury Road,2025-05-28,2025-05-28T21:22:00,2025-05-28T21:21:00,10
00662113,Cloverfield Lane,2025-05-28,2025-05-28T21:41:00,2025-05-28T21:39:00,8
00113147,Bradshaw Street,2025-05-29,2025-05-29T06:03:00,2025-05-29T06:00:00,20
00261521,Elm Street,2025-05-29,2025-05-29T06:07:00,2025-05-29T06:08:00,9
00113264,Ocean Avenue,2025-05-29,2025-05-29T06:12:00,2025-05-29T06:14:00,11
00115521,Jump Street,2025-05-29,2025-05-29T06:15:00,2025-05-29T06:23:00,17
00311532,Fury Road,2025-05-29,2025-05-29T06:22:00,2025-05-29T06:31:00,1
00662113,Cloverfield Lane,2025-05-29,2025-05-29T06:41:00,2025-05-29T06:38:00,8
00113147,Bradshaw Street,2025-05-29,2025-05-29T07:03:00,2025-05-29T07:00:00,22
00261521,Elm Street,2025-05-29,2025-05-29T07:07:00,2025-05-29T07:08:00,56
00113264,Ocean Avenue,2025-05-29,2025-05-29T07:12:00,2025-05-29T07:16:00,42
00115521,Jump Street,2025-05-29,2025-05-29T07:15:00,2025-05-29T07:26:00,11
00311532,Fury Road,2025-05-29,2025-05-29T07:22:00,2025-05-29T07:28:00,5
00662113,Cloverfield Lane,2025-05-29,2025-05-29T07:41:00,2025-05-29T07:40:00,7
00113147,Bradshaw Street,2025-05-29,2025-05-29T08:03:00,2025-05-29T07:59:00,19
00261521,Elm Street,2025-05-29,2025-05-29T08:07:00,2025-05-29T08:04:00,40
00113264,Ocean Avenue,2025-05-29,2025-05-29T08:12:00,2025-05-29T08:15:00,43
00115521,Jump Street,2025-05-29,2025-05-29T08:15:00,2025-05-29T08:24:00,24
00311532,Fury Road,2025-05-29,2025-05-29T08:22:00,2025-05-29T08:20:00,5
00662113,Cloverfield Lane,2025-05-29,2025-05-29T08:41:00,2025-05-29T08:39:00,1
00113147,Bradshaw Street,2025-05-29,2025-05-29T09:03:00,2025-05-29T09:02:00,22
00261521,Elm Street,2025-05-29,2025-05-29T09:07:00,2025-05-29T09:08:00,42
00113264,Ocean Avenue,2025-05-29,2025-05-29T09:12:00,2025-05-29T09:17:00,50
00115521,Jump Street,2025-05-29,2025-05-29T09:15:00,2025-05-29T09:25:00,32
00311532,Fury Road,2025-05-29,2025-05-29T09:22:00,2025-05-29T09:28:00,10
00662113,Cloverfield Lane,2025-05-29,2025-05-29T09:41:00,2025-05-29T09:41:00,0
00113147,Bradshaw Street,2025-05-29,2025-05-29T10:03:00,2025-05-29T10:01:00,14
00261521,Elm Street,2025-05-29,2025-05-29T10:07:00,2025-05-29T10:08:00,36
00113264,Ocean Avenue,2025-05-29,2025-05-29T10:12:00,2025-05-29T10:16:00,30
00115521,Jump Street,2025-05-29,2025-05-29T10:15:00,2025-05-29T10:20:00,24
00311532,Fury Road,2025-05-29,2025-05-29T10:22:00,2025-05-29T10:25:00,8
00662113,Cloverfield Lane,2025-05-29,2025-05-29T10:41:00,2025-05-29T10:40:00,6
00113147,Bradshaw Street,2025-05-29,2025-05-29T11:03:00,2025-05-29T10:59:00,18
00261521,Elm Street,2025-05-29,2025-05-29T11:07:00,2025-05-29T11:08:00,18
00113264,Ocean Avenue,2025-05-29,2025-05-29T11:12:00,2025-05-29T11:13:00,35
00115521,Jump Street,2025-05-29,2025-05-29T11:15:00,2025-05-29T11:21:00,16
00311532,Fury Road,2025-05-29,2025-05-29T11:22:00,2025-05-29T11:24:00,11
00662113,Cloverfield Lane,2025-05-29,2025-05-29T11:41:00,2025-05-29T11:43:00,12
00113147,Bradshaw Street,2025-05-29,2025-05-29T12:03:00,2025-05-29T11:59:00,5
00261521,Elm Street,2025-05-29,2025-05-29T12:07:00,2025-05-29T12:08:00,16
00113264,Ocean Avenue,2025-05-29,2025-05-29T12:12:00,2025-05-29T12:13:00,22
00115521,Jump Street,2025-05-29,2025-05-29T12:15:00,2025-05-29T12:21:00,21
00311532,Fury Road,2025-05-29,2025-05-29T12:22:00,2025-05-29T12:23:00,6
00662113,Cloverfield Lane,2025-05-29,2025-05-29T12:41:00,2025-05-29T12:37:00,12
00113147,Bradshaw Street,2025-05-29,2025-05-29T13:03:00,2025-05-29T13:01:00,7
00261521,Elm Street,2025-05-29,2025-05-29T13:07:00,2025-05-29T13:08:00,27
00113264,Ocean Avenue,2025-05-29,2025-05-29T13:12:00,2025-05-29T13:18:00,16
00115521,Jump Street,2025-05-29,2025-05-29T13:15:00,2025-05-29T13:27:00,10
00311532,Fury Road,2025-05-29,2025-05-29T13:22:00,2025-05-29T13:28:00,10
00662113,Cloverfield Lane,2025-05-29,2025-05-29T13:41:00,2025-05-29T13:39:00,12
00113147,Bradshaw Street,2025-05-29,2025-05-29T14:03:00,2025-05-29T14:02:00,21
00261521,Elm Street,2025-05-29,2025-05-29T14:07:00,2025-05-29T14:08:00,17
00113264,Ocean Avenue,2025-05-29,2025-05-29T14:12:00,2025-05-29T14:13:00,23
00115521,Jump Street,2025-05-29,2025-05-29T14:15:00,2025-05-29T14:21:00,18
00311532,Fury Road,2025-05-29,2025-05-29T14:22:00,2025-05-29T14:25:00,3
00662113,Cloverfield Lane,2025-05-29,2025-05-29T14:41:00,2025-05-29T14:39:00,6
00113147,Bradshaw Street,2025-05-29,2025-05-29T15:03:00,2025-05-29T15:00:00,26
00261521,Elm Street,2025-05-29,2025-05-29T15:07:00,2025-05-29T15:08:00,29
00113264,Ocean Avenue,2025-05-29,2025-05-29T15:12:00,2025-05-29T15:14:00,12
00115521,Jump Street,2025-05-29,2025-05-29T15:15:00,2025-05-29T15:25:00,15
00311532,Fury Road,2025-05-29,2025-05-29T15:22:00,2025-05-29T15:26:00,5
00662113,Cloverfield Lane,2025-05-29,2025-05-29T15:41:00,2025-05-29T15:37:00,3
00113147,Bradshaw Street,2025-05-29,2025-05-29T16:03:00,2025-05-29T16:02:00,19
00261521,Elm Street,2025-05-29,2025-05-29T16:07:00,2025-05-29T16:07:00,32
00113264,Ocean Avenue,2025-05-29,2025-05-29T16:12:00,2025-05-29T16:14:00,39
00115521,Jump Street,2025-05-29,2025-05-29T16:15:00,2025-05-29T16:23:00,32
00311532,Fury Road,2025-05-29,2025-05-29T16:22:00,2025-05-29T16:25:00,10
00662113,Cloverfield Lane,2025-05-29,2025-05-29T16:41:00,2025-05-29T16:38:00,10
00113147,Bradshaw Street,2025-05-29,2025-05-29T17:03:00,2025-05-29T16:58:00,9
00261521,Elm Street,2025-05-29,2025-05-29T17:07:00,2025-05-29T17:09:00,37
00113264,Ocean Avenue,2025-05-29,2025-05-29T17:12:00,2025-05-29T17:14:00,30
00115521,Jump Street,2025-05-29,2025-05-29T17:15:00,2025-05-29T17:23:00,39
00311532,Fury Road,2025-05-29,2025-05-29T17:22:00,2025-05-29T17:25:00,8
00662113,Cloverfield Lane,2025-05-29,2025-05-29T17:41:00,2025-05-29T17:38:00,11
00113147,Bradshaw Street,2025-05-29,2025-05-29T18:03:00,2025-05-29T18:01:00,10
00261521,Elm Street,2025-05-29,2025-05-29T18:07:00,2025-05-29T18:09:00,52
00113264,Ocean Avenue,2025-05-29,2025-05-29T18:12:00,2025-05-29T18:15:00,28
00115521,Jump Street,2025-05-29,2025-05-29T18:15:00,2025-05-29T18:24:00,23
00311532,Fury Road,2025-05-29,2025-05-29T18:22:00,2025-05-29T18:29:00,13
00662113,Cloverfield Lane,2025-05-29,2025-05-29T18:41:00,2025-05-29T18:40:00,4
00113147,Bradshaw Street,2025-05-29,2025-05-29T19:03:00,2025-05-29T18:59:00,15
00261521,Elm Street,2025-05-29,2025-05-29T19:07:00,2025-05-29T19:08:00,27
00113264,Ocean Avenue,2025-05-29,2025-05-29T19:12:00,2025-05-29T19:11:00,9
00115521,Jump Street,2025-05-29,2025-05-29T19:15:00,2025-05-29T19:22:00,16
00311532,Fury Road,2025-05-29,2025-05-29T19:22:00,2025-05-29T19:25:00,2
00662113,Cloverfield Lane,2025-05-29,2025-05-29T19:41:00,2025-05-29T19:39:00,12
00113147,Bradshaw Street,2025-05-29,2025-05-29T20:03:00,2025-05-29T19:59:00,16
00261521,Elm Street,2025-05-29,2025-05-29T20:07:00,2025-05-29T20:09:00,16
00113264,Ocean Avenue,2025-05-29,2025-05-29T20:12:00,2025-05-29T20:11:00,22
00115521,Jump Street,2025-05-29,2025-05-29T20:15:00,2025-05-29T20:25:00,12
00311532,Fury Road,2025-05-29,2025-05-29T20:22:00,2025-05-29T20:30:00,10
00662113,Cloverfield Lane,2025-05-29,2025-05-29T20:41:00,2025-05-29T20:37:00,8
00113147,Bradshaw Street,2025-05-29,2025-05-29T21:03:00,2025-05-29T21:02:00,13
00261521,Elm Street,2025-05-29,2025-05-29T21:07:00,2025-05-29T21:05:00,23
00113264,Ocean Avenue,2025-05-29,2025-05-29T21:12:00,2025-05-29T21:11:00,24
00115521,Jump Street,2025-05-29,2025-05-29T21:15:00,2025-05-29T21:19:00,14
00311532,Fury Road,2025-05-29,2025-05-29T21:22:00,2025-05-29T21:31:00,6
00662113,Cloverfield Lane,2025-05-29,2025-05-29T21:41:00,2025-05-29T21:39:00,7
00113147,Bradshaw Street,2025-05-30,2025-05-30T06:03:00,2025-05-30T05:59:00,11
00261521,Elm Street,2025-05-30,2025-05-30T06:07:00,2025-05-30T06:09:00,22
00113264,Ocean Avenue,2025-05-30,2025-05-30T06:12:00,2025-05-30T06:13:00,27
00115521,Jump Street,2025-05-30,2025-05-30T06:15:00,2025-05-30T06:23:00,8
00311532,Fury Road,2025-05-30,2025-05-30T06:22:00,2025-05-30T06:26:00,6
00662113,Cloverfield Lane,2025-05-30,2025-05-30T06:41:00,2025-05-30T06:40:00,6
00113147,Bradshaw Street,2025-05-30,2025-05-30T07:03:00,2025-05-30T07:01:00,16
00261521,Elm Street,2025-05-30,2025-05-30T07:07:00,2025-05-30T07:05:00,58
00113264,Ocean Avenue,2025-05-30,2025-05-30T07:12:00,2025-05-30T07:17:00,41
00115521,Jump Street,2025-05-30,2025-05-30T07:15:00,2025-05-30T07:25:00,28
00311532,Fury Road,2025-05-30,2025-05-30T07:22:00,2025-05-30T07:27:00,5
00662113,Cloverfield Lane,2025-05-30,2025-05-30T07:41:00,2025-05-30T07:40:00,6
00113147,Bradshaw Street,2025-05-30,2025-05-30T08:03:00,2025-05-30T08:02:00,18
00261521,Elm Street,2025-05-30,2025-05-30T08:07:00,2025-05-30T08:07:00,49
00113264,Ocean Avenue,2025-05-30,2025-05-30T08:12:00,2025-05-30T08:16:00,47
00115521,Jump Street,2025-05-30,2025-05-30T08:15:00,2025-05-30T08:27:00,26
00311532,Fury Road,2025-05-30,2025-05-30T08:22:00,2025-05-30T08:27:00,7
00662113,Cloverfield Lane,2025-05-30,2025-05-30T08:41:00,2025-05-30T08:37:00,5
00113147,Bradshaw Street,2025-05-30,2025-05-30T09:03:00,2025-05-30T08:59:00,22
00261521,Elm Street,2025-05-30,2025-05-30T09:07:00,2025-05-30T09:13:00,57
00113264,Ocean Avenue,2025-05-30,2025-05-30T09:12:00,2025-05-30T09:15:00,46
00115521,Jump Street,2025-05-30,2025-05-30T09:15:00,2025-05-30T09:26:00,26
00311532,Fury Road,2025-05-30,2025-05-30T09:22:00,2025-05-30T09:25:00,8
00662113,Cloverfield Lane,2025-05-30,2025-05-30T09:41:00,2025-05-30T09:39:00,3
00113147,Bradshaw Street,2025-05-30,2025-05-30T10:03:00,2025-05-30T09:59:00,13
00261521,Elm Street,2025-05-30,2025-05-30T10:07:00,2025-05-30T10:10:00,19
00113264,Ocean Avenue,2025-05-30,2025-05-30T10:12:00,2025-05-30T10:16:00,12
00115521,Jump Street,2025-05-30,2025-05-30T10:15:00,2025-05-30T10:24:00,15
00311532,Fury Road,2025-05-30,2025-05-30T10:22:00,2025-05-30T10:25:00,5
00662113,Cloverfield Lane,2025-05-30,2025-05-30T10:41:00,2025-05-30T10:39:00,12
00113147,Bradshaw Street,2025-05-30,2025-05-30T11:03:00,2025-05-30T11:01:00,11
00261521,Elm Street,2025-05-30,2025-05-30T11:07:00,2025-05-30T11:08:00,17
00113264,Ocean Avenue,2025-05-30,2025-05-30T11:12:00,2025-05-30T11:14:00,29
00115521,Jump Street,2025-05-30,2025-05-30T11:15:00,2025-05-30T11:22:00,21
00311532,Fury Road,2025-05-30,2025-05-30T11:22:00,2025-05-30T11:29:00,11
00662113,Cloverfield Lane,2025-05-30,2025-05-30T11:41:00,2025-05-30T11:40:00,13
00113147,Bradshaw Street,2025-05-30,2025-05-30T12:03:00,2025-05-30T12:01:00,16
00261521,Elm Street,2025-05-30,2025-05-30T12:07:00,2025-05-30T12:05:00,44
00113264,Ocean Avenue,2025-05-30,2025-05-30T12:12:00,2025-05-30T12:12:00,13
00115521,Jump Street,2025-05-30,2025-05-30T12:15:00,2025-05-30T12:26:00,24
00311532,Fury Road,2025-05-30,2025-05-30T12:22:00,2025-05-30T12:21:00,10
00662113,Cloverfield Lane,2025-05-30,2025-05-30T12:41:00,2025-05-30T12:41:00,8
00113147,Bradshaw Street,2025-05-30,2025-05-30T13:03:00,2025-05-30T13:01:00,19
00261521,Elm Street,2025-05-30,2025-05-30T13:07:00,2025-05-30T13:07:00,44
00113264,Ocean Avenue,2025-05-30,2025-05-30T13:12:00,2025-05-30T13:15:00,22
00115521,Jump Street,2025-05-30,2025-05-30T13:15:00,2025-05-30T13:22:00,7
00311532,Fury Road,2025-05-30,2025-05-30T13:22:00,2025-05-30T13:22:00,17
00662113,Cloverfield Lane,2025-05-30,2025-05-30T13:41:00,2025-05-30T13:40:00,5
00113147,Bradshaw Street,2025-05-30,2025-05-30T14:03:00,2025-05-30T14:00:00,18
00261521,Elm Street,2025-05-30,2025-05-30T14:07:00,2025-05-30T14:08:00,37
00113264,Ocean Avenue,2025-05-30,2025-05-30T14:12:00,2025-05-30T14:16:00,13
00115521,Jump Street,2025-05-30,2025-05-30T14:15:00,2025-05-30T14:26:00,19
00311532,Fury Road,2025-05-30,2025-05-30T14:22:00,2025-05-30T14:26:00,9
00662113,Cloverfield Lane,2025-05-30,2025-05-30T14:41:00,2025-05-30T14:39:00,1
00113147,Bradshaw Street,2025-05-30,2025-05-30T15:03:00,2025-05-30T15:01:00,10
00261521,Elm Street,2025-05-30,2025-05-30T15:07:00,2025-05-30T15:09:00,18
00113264,Ocean Avenue,2025-05-30,2025-05-30T15:12:00,2025-05-30T15:15:00,22
00115521,Jump Street,2025-05-30,2025-05-30T15:15:00,2025-05-30T15:21:00,18
00311532,Fury Road,2025-05-30,2025-05-30T15:22:00,2025-05-30T15:26:00,14
00662113,Cloverfield Lane,2025-05-30,2025-05-30T15:41:00,2025-05-30T15:42:00,9
00113147,Bradshaw Street,2025-05-30,2025-05-30T16:03:00,2025-05-30T16:00:00,22
00261521,Elm Street,2025-05-30,2025-05-30T16:07:00,2025-05-30T16:07:00,24
00113264,Ocean Avenue,2025-05-30,2025-05-30T16:12:00,2025-05-30T16:13:00,26
00115521,Jump Street,2025-05-30,2025-05-30T16:15:00,2025-05-30T16:21:00,38
00311532,Fury Road,2025-05-30,2025-05-30T16:22:00,2025-05-30T16:24:00,7
00662113,Cloverfield Lane,2025-05-30,2025-05-30T16:41:00,2025-05-30T16:39:00,6
00113147,Bradshaw Street,2025-05-30,2025-05-30T17:03:00,2025-05-30T16:59:00,19
00261521,Elm Street,2025-05-30,2025-05-30T17:07:00,2025-05-30T17:10:00,25
00113264,Ocean Avenue,2025-05-30,2025-05-30T17:12:00,2025-05-30T17:13:00,17
00115521,Jump Street,2025-05-30,2025-05-30T17:15:00,2025-05-30T17:20:00,33
00311532,Fury Road,2025-05-30,2025-05-30T17:22:00,2025-05-30T17:27:00,11
00662113,Cloverfield Lane,2025-05-30,2025-05-30T17:41:00,2025-05-30T17:40:00,5
00113147,Bradshaw Street,2025-05-30,2025-05-30T18:03:00,2025-05-30T18:01:00,15
00261521,Elm Street,2025-05-30,2025-05-30T18:07:00,2025-05-30T18:10:00,39
00113264,Ocean Avenue,2025-05-30,2025-05-30T18:12:00,2025-05-30T18:16:00,30
00115521,Jump Street,2025-05-30,2025-05-30T18:15:00,2025-05-30T18:22:00,47
00311532,Fury Road,2025-05-30,2025-05-30T18:22:00,2025-05-30T18:30:00,13
00662113,Cloverfield Lane,2025-05-30,2025-05-30T18:41:00,2025-05-30T18:41:00,2
00113147,Bradshaw Street,2025-05-30,2025-05-30T19:03:00,2025-05-30T18:59:00,12
00261521,Elm Street,2025-05-30,2025-05-30T19:07:00,2025-05-30T19:10:00,39
00113264,Ocean Avenue,2025-05-30,2025-05-30T19:12:00,2025-05-30T19:15:00,11
00115521,Jump Street,2025-05-30,2025-05-30T19:15:00,2025-05-30T19:25:00,11
00311532,Fury Road,2025-05-30,2025-05-30T19:22:00,2025-05-30T19:26:00,2
00662113,Cloverfield Lane,2025-05-30,2025-05-30T19:41:00,2025-05-30T19:39:00,0
00113147,Bradshaw Street,2025-05-30,2025-05-30T20:03:00,2025-05-30T20:01:00,14
00261521,Elm Street,2025-05-30,2025-05-30T20:07:00,2025-05-30T20:08:00,23
00113264,Ocean Avenue,2025-05-30,2025-05-30T20:12:00,2025-05-30T20:17:00,24
00115521,Jump Street,2025-05-30,2025-05-30T20:15:00,2025-05-30T20:22:00,11
00311532,Fury Road,2025-05-30,2025-05-30T20:22:00,2025-05-30T20:30:00,10
00662113,Cloverfield Lane,2025-05-30,2025-05-30T20:41:00,2025-05-30T20:39:00,0
00113147,Bradshaw Street,2025-05-30,2025-05-30T21:03:00,2025-05-30T20:59:00,15
00261521,Elm Street,2025-05-30,2025-05-30T21:07:00,2025-05-30T21:09:00,16
00113264,Ocean Avenue,2025-05-30,2025-05-30T21:12:00,2025-05-30T21:12:00,19
00115521,Jump Street,2025-05-30,2025-05-30T21:15:00,2025-05-30T21:25:00,14
00311532,Fury Road,2025-05-30,2025-05-30T21:22:00,2025-05-30T21:24:00,7
00662113,Cloverfield Lane,2025-05-30,2025-05-30T21:41:00,2025-05-30T21:43:00,5
00113147,Bradshaw Street,2025-05-31,2025-05-31T06:03:00,2025-05-31T05:58:00,2
00261521,Elm Street,2025-05-31,2025-05-31T06:07:00,2025-05-31T06:09:00,1
00113264,Ocean Avenue,2025-05-31,2025-05-31T06:12:00,2025-05-31T06:09:00,13
00115521,Jump Street,2025-05-31,2025-05-31T06:15:00,2025-05-31T06:20:00,11
00311532,Fury Road,2025-05-31,2025-05-31T06:22:00,2025-05-31T06:23:00,5
00662113,Cloverfield Lane,2025-05-31,2025-05-31T06:41:00,2025-05-31T06:41:00,3
00113147,Bradshaw Street,2025-05-31,2025-05-31T07:03:00,2025-05-31T06:59:00,23
00261521,Elm Street,2025-05-31,2025-05-31T07:07:00,2025-05-31T07:09:00,29
00113264,Ocean Avenue,2025-05-31,2025-05-31T07:12:00,2025-05-31T07:12:00,29
00115521,Jump Street,2025-05-31,2025-05-31T07:15:00,2025-05-31T07:23:00,17
00311532,Fury Road,2025-05-31,2025-05-31T07:22:00,2025-05-31T07:32:00,5
00662113,Cloverfield Lane,2025-05-31,2025-05-31T07:41:00,2025-05-31T07:42:00,3
00113147,Bradshaw Street,2025-05-31,2025-05-31T08:03:00,2025-05-31T07:58:00,18
00261521,Elm Street,2025-05-31,2025-05-31T08:07:00,2025-05-31T08:10:00,48
00113264,Ocean Avenue,2025-05-31,2025-05-31T08:12:00,2025-05-31T08:16:00,25
00115521,Jump Street,2025-05-31,2025-05-31T08:15:00,2025-05-31T08:24:00,12
00311532,Fury Road,2025-05-31,2025-05-31T08:22:00,2025-05-31T08:24:00,0
00662113,Cloverfield Lane,2025-05-31,2025-05-31T08:41:00,2025-05-31T08:41:00,1
00113147,Bradshaw Street,2025-05-31,2025-05-31T09:03:00,2025-05-31T09:00:00,3
00261521,Elm Street,2025-05-31,2025-05-31T09:07:00,2025-05-31T09:08:00,32
00113264,Ocean Avenue,2025-05-31,2025-05-31T09:12:00,2025-05-31T09:16:00,15
00115521,Jump Street,2025-05-31,2025-05-31T09:15:00,2025-05-31T09:27:00,16
00311532,Fury Road,2025-05-31,2025-05-31T09:22:00,2025-05-31T09:27:00,2
00662113,Cloverfield Lane,2025-05-31,2025-05-31T09:41:00,2025-05-31T09:39:00,0
00113147,Bradshaw Street,2025-05-31,2025-05-31T10:03:00,2025-05-31T09:59:00,5
00261521,Elm Street,2025-05-31,2025-05-31T10:07:00,2025-05-31T10:04:00,19
00113264,Ocean Avenue,2025-05-31,2025-05-31T10:12:00,2025-05-31T10:17:00,16
00115521,Jump Street,2025-05-31,2025-05-31T10:15:00,2025-05-31T10:25:00,21
00311532,Fury Road,2025-05-31,2025-05-31T10:22:00,2025-05-31T10:29:00,11
00662113,Cloverfield Lane,2025-05-31,2025-05-31T10:41:00,2025-05-31T10:37:00,4
00113147,Bradshaw Street,2025-05-31,2025-05-31T11:03:00,2025-05-31T11:01:00,4
00261521,Elm Street,2025-05-31,2025-05-31T11:07:00,2025-05-31T11:07:00,29
00113264,Ocean Avenue,2025-05-31,2025-05-31T11:12:00,2025-05-31T11:16:00,7
00115521,Jump Street,2025-05-31,2025-05-31T11:15:00,2025-05-31T11:22:00,16
00311532,Fury Road,2025-05-31,2025-05-31T11:22:00,2025-05-31T11:24:00,0
00662113,Cloverfield Lane,2025-05-31,2025-05-31T11:41:00,2025-05-31T11:42:00,6
00113147,Bradshaw Street,2025-05-31,2025-05-31T12:03:00,2025-05-31T12:00:00,1
00261521,Elm Street,2025-05-31,2025-05-31T12:07:00,2025-05-31T12:12:00,23
00113264,Ocean Avenue,2025-05-31,2025-05-31T12:12:00,2025-05-31T12:14:00,0
00115521,Jump Street,2025-05-31,2025-05-31T12:15:00,2025-05-31T12:23:00,15
00311532,Fury Road,2025-05-31,2025-05-31T12:22:00,2025-05-31T12:32:00,11
00662113,Cloverfield Lane,2025-05-31,2025-05-31T12:41:00,2025-05-31T12:38:00,3
00113147,Bradshaw Street,2025-05-31,2025-05-31T13:03:00,2025-05-31T12:59:00,15
00261521,Elm Street,2025-05-31,2025-05-31T13:07:00,none,0
00113264,Ocean Avenue,2025-05-31,2025-05-31T13:12:00,2025-05-31T13:16:00,2
00115521,Jump Street,2025-05-31,2025-05-31T13:15:00,2025-05-31T13:24:00,24
00311532,Fury Road,2025-05-31,2025-05-31T13:22:00,2025-05-31T13:28:00,10
00662113,Cloverfield Lane,2025-05-31,2025-05-31T13:41:00,2025-05-31T13:38:00,2
00113147,Bradshaw Street,2025-05-31,2025-05-31T14:03:00,2025-05-31T13:59:00,0
00261521,Elm Street,2025-05-31,2025-05-31T14:07:00,2025-05-31T14:07:00,22
00113264,Ocean Avenue,2025-05-31,2025-05-31T14:12:00,2025-05-31T14:10:00,12
00115521,Jump Street,2025-05-31,2025-05-31T14:15:00,2025-05-31T14:21:00,6
00311532,Fury Road,2025-05-31,2025-05-31T14:22:00,2025-05-31T14:22:00,0
00662113,Cloverfield Lane,2025-05-31,2025-05-31T14:41:00,2025-05-31T14:41:00,0
00113147,Bradshaw Street,2025-05-31,2025-05-31T15:03:00,2025-05-31T15:02:00,12
00261521,Elm Street,2025-05-31,2025-05-31T15:07:00,2025-05-31T15:12:00,24
00113264,Ocean Avenue,2025-05-31,2025-05-31T15:12:00,2025-05-31T15:16:00,15
00115521,Jump Street,2025-05-31,2025-05-31T15:15:00,2025-05-31T15:23:00,4
00311532,Fury Road,2025-05-31,2025-05-31T15:22:00,2025-05-31T15:29:00,6
00662113,Cloverfield Lane,2025-05-31,2025-05-31T15:41:00,2025-05-31T15:40:00,0
00113147,Bradshaw Street,2025-05-31,2025-05-31T16:03:00,2025-05-31T15:59:00,14
00261521,Elm Street,2025-05-31,2025-05-31T16:07:00,2025-05-31T16:07:00,21
00113264,Ocean Avenue,2025-05-31,2025-05-31T16:12:00,2025-05-31T16:13:00,28
00115521,Jump Street,2025-05-31,2025-05-31T16:15:00,2025-05-31T16:23:00,12
00311532,Fury Road,2025-05-31,2025-05-31T16:22:00,2025-05-31T16:25:00,7
00662113,Cloverfield Lane,2025-05-31,2025-05-31T16:41:00,2025-05-31T16:39:00,6
00113147,Bradshaw Street,2025-05-31,2025-05-31T17:03:00,2025-05-31T16:59:00,13
00261521,Elm Street,2025-05-31,2025-05-31T17:07:00,2025-05-31T17:06:00,0
00113264,Ocean Avenue,2025-05-31,2025-05-31T17:12:00,2025-05-31T17:15:00,11
00115521,Jump Street,2025-05-31,2025-05-31T17:15:00,2025-05-31T17:22:00,15
00311532,Fury Road,2025-05-31,2025-05-31T17:22:00,2025-05-31T17:28:00,0
00662113,Cloverfield Lane,2025-05-31,2025-05-31T17:41:00,2025-05-31T17:39:00,3
00113147,Bradshaw Street,2025-05-31,2025-05-31T18:03:00,2025-05-31T18:03:00,18
00261521,Elm Street,2025-05-31,2025-05-31T18:07:00,2025-05-31T18:09:00,33
00113264,Ocean Avenue,2025-05-31,2025-05-31T18:12:00,2025-05-31T18:19:00,15
00115521,Jump Street,2025-05-31,2025-05-31T18:15:00,2025-05-31T18:19:00,23
00311532,Fury Road,2025-05-31,2025-05-31T18:22:00,2025-05-31T18:30:00,11
00662113,Cloverfield Lane,2025-05-31,2025-05-31T18:41:00,2025-05-31T18:38:00,1
00113147,Bradshaw Street,2025-05-31,2025-05-31T19:03:00,2025-05-31T19:00:00,8
00261521,Elm Street,2025-05-31,2025-05-31T19:07:00,2025-05-31T19:05:00,23
00113264,Ocean Avenue,2025-05-31,2025-05-31T19:12:00,2025-05-31T19:16:00,9
00115521,Jump Street,2025-05-31,2025-05-31T19:15:00,2025-05-31T19:24:00,6
00311532,Fury Road,2025-05-31,2025-05-31T19:22:00,2025-05-31T19:29:00,4
00662113,Cloverfield Lane,2025-05-31,2025-05-31T19:41:00,2025-05-31T19:40:00,2
00113147,Bradshaw Street,2025-05-31,2025-05-31T20:03:00,2025-05-31T19:59:00,7
00261521,Elm Street,2025-05-31,2025-05-31T20:07:00,2025-05-31T20:09:00,3
00113264,Ocean Avenue,2025-05-31,2025-05-31T20:12:00,2025-05-31T20:17:00,15
00115521,Jump Street,2025-05-31,2025-05-31T20:15:00,2025-05-31T20:22:00,23
00311532,Fury Road,2025-05-31,2025-05-31T20:22:00,2025-05-31T20:32:00,8
00662113,Cloverfield Lane,2025-05-31,2025-05-31T20:41:00,2025-05-31T20:42:00,5
00113147,Bradshaw Street,2025-05-31,2025-05-31T21:03:00,2025-05-31T20:59:00,11
00261521,Elm Street,2025-05-31,2025-05-31T21:07:00,2025-05-31T21:11:00,27
00113264,Ocean Avenue,2025-05-31,2025-05-31T21:12:00,2025-05-31T21:14:00,27
00115521,Jump Street,2025-05-31,2025-05-31T21:15:00,2025-05-31T21:25:00,10
00311532,Fury Road,2025-05-31,2025-05-31T21:22:00,2025-05-31T21:26:00,0
00662113,Cloverfield Lane,2025-05-31,2025-05-31T21:41:00,2025-05-31T21:41:00,8
00113147,Bradshaw Street,2025-06-01,2025-06-01T06:03:00,2025-06-01T05:59:00,5
00261521,Elm Street,2025-06-01,2025-06-01T06:07:00,2025-06-01T06:07:00,0
00113264,Ocean Avenue,2025-06-01,2025-06-01T06:12:00,2025-06-01T06:12:00,14
00115521,Jump Street,2025-06-01,2025-06-01T06:15:00,2025-06-01T06:23:00,3
00311532,Fury Road,2025-06-01,2025-06-01T06:22:00,2025-06-01T06:28:00,5
00662113,Cloverfield Lane,2025-06-01,2025-06-01T06:41:00,2025-06-01T06:40:00,0
00113147,Bradshaw Street,2025-06-01,2025-06-01T07:03:00,2025-06-01T06:56:00,20
00261521,Elm Street,2025-06-01,2025-06-01T07:07:00,2025-06-01T07:04:00,45
00113264,Ocean Avenue,2025-06-01,2025-06-01T07:12:00,2025-06-01T07:13:00,19
00115521,Jump Street,2025-06-01,2025-06-01T07:15:00,2025-06-01T07:21:00,17
00311532,Fury Road,2025-06-01,2025-06-01T07:22:00,2025-06-01T07:26:00,15
00662113,Cloverfield Lane,2025-06-01,2025-06-01T07:41:00,2025-06-01T07:41:00,0
00113147,Bradshaw Street,2025-06-01,2025-06-01T08:03:00,2025-06-01T08:01:00,5
00261521,Elm Street,2025-06-01,2025-06-01T08:07:00,2025-06-01T08:10:00,35
00113264,Ocean Avenue,2025-06-01,2025-06-01T08:12:00,2025-06-01T08:15:00,22
00115521,Jump Street,2025-06-01,2025-06-01T08:15:00,2025-06-01T08:22:00,9
00311532,Fury Road,2025-06-01,2025-06-01T08:22:00,2025-06-01T08:27:00,4
00662113,Cloverfield Lane,2025-06-01,2025-06-01T08:41:00,2025-06-01T08:40:00,5
00113147,Bradshaw Street,2025-06-01,2025-06-01T09:03:00,2025-06-01T09:00:00,10
00261521,Elm Street,2025-06-01,2025-06-01T09:07:00,2025-06-01T09:06:00,27
00113264,Ocean Avenue,2025-06-01,2025-06-01T09:12:00,2025-06-01T09:13:00,19
00115521,Jump Street,2025-06-01,2025-06-01T09:15:00,2025-06-01T09:25:00,0
00311532,Fury Road,2025-06-01,2025-06-01T09:22:00,2025-06-01T09:30:00,3
00662113,Cloverfield Lane,2025-06-01,2025-06-01T09:41:00,2025-06-01T09:42:00,6
00113147,Bradshaw Street,2025-06-01,2025-06-01T10:03:00,2025-06-01T10:01:00,4
00261521,Elm Street,2025-06-01,2025-06-01T10:07:00,2025-06-01T10:04:00,32
00113264,Ocean Avenue,2025-06-01,2025-06-01T10:12:00,2025-06-01T10:15:00,6
00115521,Jump Street,2025-06-01,2025-06-01T10:15:00,2025-06-01T10:25:00,11
00311532,Fury Road,2025-06-01,2025-06-01T10:22:00,2025-06-01T10:27:00,4
00662113,Cloverfield Lane,2025-06-01,2025-06-01T10:41:00,2025-06-01T10:39:00,0
00113147,Bradshaw Street,2025-06-01,2025-06-01T11:03:00,2025-06-01T11:00:00,7
00261521,Elm Street,2025-06-01,2025-06-01T11:07:00,2025-06-01T11:09:00,0
00113264,Ocean Avenue,2025-06-01,2025-06-01T11:12:00,2025-06-01T11:16:00,22
00115521,Jump Street,2025-06-01,2025-06-01T11:15:00,2025-06-01T11:23:00,6
00311532,Fury Road,2025-06-01,2025-06-01T11:22:00,2025-06-01T11:27:00,9
00662113,Cloverfield Lane,2025-06-01,2025-06-01T11:41:00,2025-06-01T11:41:00,2
00113147,Bradshaw Street,2025-06-01,2025-06-01T12:03:00,2025-06-01T12:01:00,9
00261521,Elm Street,2025-06-01,2025-06-01T12:07:00,2025-06-01T12:08:00,9
00113264,Ocean Avenue,2025-06-01,2025-06-01T12:12:00,2025-06-01T12:15:00,5
00115521,Jump Street,2025-06-01,2025-06-01T12:15:00,2025-06-01T12:20:00,5
00311532,Fury Road,2025-06-01,2025-06-01T12:22:00,2025-06-01T12:27:00,5
00662113,Cloverfield Lane,2025-06-01,2025-06-01T12:41:00,2025-06-01T12:40:00,3
00113147,Bradshaw Street,2025-06-01,2025-06-01T13:03:00,2025-06-01T12:59:00,10
00261521,Elm Street,2025-06-01,2025-06-01T13:07:00,2025-06-01T13:10:00,13
00113264,Ocean Avenue,2025-06-01,2025-06-01T13:12:00,2025-06-01T13:11:00,19
00115521,Jump Street,2025-06-01,2025-06-01T13:15:00,2025-06-01T13:23:00,5
00311532,Fury Road,2025-06-01,2025-06-01T13:22:00,2025-06-01T13:29:00,2
00662113,Cloverfield Lane,2025-06-01,2025-06-01T13:41:00,2025-06-01T13:40:00,0
00113147,Bradshaw Street,2025-06-01,2025-06-01T14:03:00,2025-06-01T14:00:00,9
00261521,Elm Street,2025-06-01,2025-06-01T14:07:00,2025-06-01T14:06:00,17
00113264,Ocean Avenue,2025-06-01,2025-06-01T14:12:00,2025-06-01T14:17:00,4
00115521,Jump Street,2025-06-01,2025-06-01T14:15:00,2025-06-01T14:25:00,7
00311532,Fury Road,2025-06-01,2025-06-01T14:22:00,2025-06-01T14:32:00,2
00662113,Cloverfield Lane,2025-06-01,2025-06-01T14:41:00,2025-06-01T14:41:00,6
00113147,Bradshaw Street,2025-06-01,2025-06-01T15:03:00,2025-06-01T15:01:00,7
00261521,Elm Street,2025-06-01,2025-06-01T15:07:00,2025-06-01T15:07:00,23
00113264,Ocean Avenue,2025-06-01,2025-06-01T15:12:00,2025-06-01T15:15:00,19
00115521,Jump Street,2025-06-01,2025-06-01T15:15:00,2025-06-01T15:23:00,7
00311532,Fury Road,2025-06-01,2025-06-01T15:22:00,2025-06-01T15:30:00,11
00662113,Cloverfield Lane,2025-06-01,2025-06-01T15:41:00,2025-06-01T15:38:00,0
00113147,Bradshaw Street,2025-06-01,2025-06-01T16:03:00,2025-06-01T15:57:00,14
00261521,Elm Street,2025-06-01,2025-06-01T16:07:00,2025-06-01T16:05:00,25
00113264,Ocean Avenue,2025-06-01,2025-06-01T16:12:00,2025-06-01T16:16:00,19
00115521,Jump Street,2025-06-01,2025-06-01T16:15:00,2025-06-01T16:23:00,19
00311532,Fury Road,2025-06-01,2025-06-01T16:22:00,2025-06-01T16:28:00,10
00662113,Cloverfield Lane,2025-06-01,2025-06-01T16:41:00,2025-06-01T16:40:00,7
00113147,Bradshaw Street,2025-06-01,2025-06-01T17:03:00,2025-06-01T17:02:00,0
00261521,Elm Street,2025-06-01,2025-06-01T17:07:00,2025-06-01T17:09:00,42
00113264,Ocean Avenue,2025-06-01,2025-06-01T17:12:00,2025-06-01T17:19:00,23
00115521,Jump Street,2025-06-01,2025-06-01T17:15:00,2025-06-01T17:25:00,9
00311532,Fury Road,2025-06-01,2025-06-01T17:22:00,2025-06-01T17:26:00,6
00662113,Cloverfield Lane,2025-06-01,2025-06-01T17:41:00,2025-06-01T17:42:00,7
00113147,Bradshaw Street,2025-06-01,2025-06-01T18:03:00,2025-06-01T17:58:00,18
00261521,Elm Street,2025-06-01,2025-06-01T18:07:00,2025-06-01T18:06:00,28
00113264,Ocean Avenue,2025-06-01,2025-06-01T18:12:00,2025-06-01T18:15:00,36
00115521,Jump Street,2025-06-01,2025-06-01T18:15:00,2025-06-01T18:21:00,13
00311532,Fury Road,2025-06-01,2025-06-01T18:22:00,2025-06-01T18:29:00,12
00662113,Cloverfield Lane,2025-06-01,2025-06-01T18:41:00,2025-06-01T18:39:00,1
00113147,Bradshaw Street,2025-06-01,2025-06-01T19:03:00,2025-06-01T19:01:00,12
00261521,Elm Street,2025-06-01,2025-06-01T19:07:00,2025-06-01T19:09:00,18
00113264,Ocean Avenue,2025-06-01,2025-06-01T19:12:00,2025-06-01T19:15:00,19
00115521,Jump Street,2025-06-01,2025-06-01T19:15:00,2025-06-01T19:22:00,19
00311532,Fury Road,2025-06-01,2025-06-01T19:22:00,2025-06-01T19:25:00,10
00662113,Cloverfield Lane,2025-06-01,2025-06-01T19:41:00,2025-06-01T19:38:00,2
00113147,Bradshaw Street,2025-06-01,2025-06-01T20:03:00,2025-06-01T20:00:00,11
00261521,Elm Street,2025-06-01,2025-06-01T20:07:00,2025-06-01T20:09:00,14
00113264,Ocean Avenue,2025-06-01,2025-06-01T20:12:00,2025-06-01T20:15:00,12
00115521,Jump Street,2025-06-01,2025-06-01T20:15:00,2025-06-01T20:27:00,0
00311532,Fury Road,2025-06-01,2025-06-01T20:22:00,2025-06-01T20:25:00,4
00662113,Cloverfield Lane,2025-06-01,2025-06-01T20:41:00,2025-06-01T20:39:00,4
00113147,Bradshaw Street,2025-06-01,2025-06-01T21:03:00,2025-06-01T20:59:00,0
00261521,Elm Street,2025-06-01,2025-06-01T21:07:00,2025-06-01T21:06:00,16
00113264,Ocean Avenue,2025-06-01,2025-06-01T21:12:00,2025-06-01T21:12:00,20
00115521,Jump Street,2025-06-01,2025-06-01T21:15:00,2025-06-01T21:22:00,8
00311532,Fury Road,2025-06-01,2025-06-01T21:22:00,2025-06-01T21:26:00,7
00662113,Cloverfield Lane,2025-06-01,2025-06-01T21:41:00,2025-06-01T21:40:00,6
00113147,Bradshaw Street,2025-06-02,2025-06-02T06:03:00,2025-06-02T06:01:00,8
00261521,Elm Street,2025-06-02,2025-06-02T06:07:00,none,0
00113264,Ocean Avenue,2025-06-02,2025-06-02T06:12:00,2025-06-02T06:14:00,10
00115521,Jump Street,2025-06-02,2025-06-02T06:15:00,2025-06-02T06:21:00,15
00311532,Fury Road,2025-06-02,2025-06-02T06:22:00,2025-06-02T06:27:00,6
00662113,Cloverfield Lane,2025-06-02,2025-06-02T06:41:00,2025-06-02T06:38:00,6
00113147,Bradshaw Street,2025-06-02,2025-06-02T07:03:00,2025-06-02T07:01:00,22
00261521,Elm Street,2025-06-02,2025-06-02T07:07:00,2025-06-02T07:07:00,56
00113264,Ocean Avenue,2025-06-02,2025-06-02T07:12:00,2025-06-02T07:18:00,39
00115521,Jump Street,2025-06-02,2025-06-02T07:15:00,2025-06-02T07:24:00,33
00311532,Fury Road,2025-06-02,2025-06-02T07:22:00,2025-06-02T07:22:00,10
00662113,Cloverfield Lane,2025-06-02,2025-06-02T07:41:00,2025-06-02T07:41:00,8
00113147,Bradshaw Street,2025-06-02,2025-06-02T08:03:00,2025-06-02T07:57:00,21
00261521,Elm Street,2025-06-02,2025-06-02T08:07:00,2025-06-02T08:07:00,52
00113264,Ocean Avenue,2025-06-02,2025-06-02T08:12:00,2025-06-02T08:14:00,35
00115521,Jump Street,2025-06-02,2025-06-02T08:15:00,2025-06-02T08:25:00,24
00311532,Fury Road,2025-06-02,2025-06-02T08:22:00,2025-06-02T08:26:00,8
00662113,Cloverfield Lane,2025-06-02,2025-06-02T08:41:00,2025-06-02T08:39:00,7
00113147,Bradshaw Street,2025-06-02,2025-06-02T09:03:00,2025-06-02T09:02:00,17
00261521,Elm Street,2025-06-02,2025-06-02T09:07:00,2025-06-02T09:12:00,54
00113264,Ocean Avenue,2025-06-02,2025-06-02T09:12:00,2025-06-02T09:18:00,44
00115521,Jump Street,2025-06-02,2025-06-02T09:15:00,2025-06-02T09:21:00,21
00311532,Fury Road,2025-06-02,2025-06-02T09:22:00,2025-06-02T09:28:00,7
00662113,Cloverfield Lane,2025-06-02,2025-06-02T09:41:00,2025-06-02T09:38:00,10
00113147,Bradshaw Street,2025-06-02,2025-06-02T10:03:00,2025-06-02T10:00:00,12
00261521,Elm Street,2025-06-02,2025-06-02T10:07:00,2025-06-02T10:04:00,26
00113264,Ocean Avenue,2025-06-02,2025-06-02T10:12:00,2025-06-02T10:17:00,37
00115521,Jump Street,2025-06-02,2025-06-02T10:15:00,2025-06-02T10:25:00,25
00311532,Fury Road,2025-06-02,2025-06-02T10:22:00,2025-06-02T10:26:00,12
00662113,Cloverfield Lane,2025-06-02,2025-06-02T10:41:00,2025-06-02T10:38:00,7
00113147,Bradshaw Street,2025-06-02,2025-06-02T11:03:00,2025-06-02T11:00:00,15
00261521,Elm Street,2025-06-02,2025-06-02T11:07:00,2025-06-02T11:06:00,11
00113264,Ocean Avenue,2025-06-02,2025-06-02T11:12:00,2025-06-02T11:16:00,11
00115521,Jump Street,2025-06-02,2025-06-02T11:15:00,2025-06-02T11:24:00,14
00311532,Fury Road,2025-06-02,2025-06-02T11:22:00,2025-06-02T11:27:00,9
00662113,Cloverfield Lane,2025-06-02,2025-06-02T11:41:00,2025-06-02T11:39:00,11
00113147,Bradshaw Street,2025-06-02,2025-06-02T12:03:00,2025-06-02T12:00:00,17
00261521,Elm Street,2025-06-02,2025-06-02T12:07:00,2025-06-02T12:08:00,16
00113264,Ocean Avenue,2025-06-02,2025-06-02T12:12:00,2025-06-02T12:15:00,23
00115521,Jump Street,2025-06-02,2025-06-02T12:15:00,2025-06-02T12:23:00,19
00311532,Fury Road,2025-06-02,2025-06-02T12:22:00,2025-06-02T12:28:00,7
00662113,Cloverfield Lane,2025-06-02,2025-06-02T12:41:00,2025-06-02T12:40:00,7
00113147,Bradshaw Street,2025-06-02,2025-06-02T13:03:00,2025-06-02T12:59:00,12
00261521,Elm Street,2025-06-02,2025-06-02T13:07:00,2025-06-02T13:07:00,30
00113264,Ocean Avenue,2025-06-02,2025-06-02T13:12:00,2025-06-02T13:14:00,19
00115521,Jump Street,2025-06-02,2025-06-02T13:15:00,2025-06-02T13:25:00,16
00311532,Fury Road,2025-06-02,2025-06-02T13:22:00,2025-06-02T13:25:00,13
00662113,Cloverfield Lane,2025-06-02,2025-06-02T13:41:00,2025-06-02T13:39:00,14
00113147,Bradshaw Street,2025-06-02,2025-06-02T14:03:00,2025-06-02T14:01:00,18
00261521,Elm Street,2025-06-02,2025-06-02T14:07:00,2025-06-02T14:11:00,46
00113264,Ocean Avenue,2025-06-02,2025-06-02T14:12:00,2025-06-02T14:16:00,24
00115521,Jump Street,2025-06-02,2025-06-02T14:15:00,2025-06-02T14:21:00,15
00311532,Fury Road,2025-06-02,2025-06-02T14:22:00,2025-06-02T14:22:00,5
00662113,Cloverfield Lane,2025-06-02,2025-06-02T14:41:00,2025-06-02T14:39:00,7
00113147,Bradshaw Street,2025-06-02,2025-06-02T15:03:00,2025-06-02T14:58:00,15
00261521,Elm Street,2025-06-02,2025-06-02T15:07:00,2025-06-02T15:12:00,11
00113264,Ocean Avenue,2025-06-02,2025-06-02T15:12:00,2025-06-02T15:15:00,30
00115521,Jump Street,2025-06-02,2025-06-02T15:15:00,2025-06-02T15:23:00,11
00311532,Fury Road,2025-06-02,2025-06-02T15:22:00,2025-06-02T15:25:00,9
00662113,Cloverfield Lane,2025-06-02,2025-06-02T15:41:00,2025-06-02T15:39:00,4
00113147,Bradshaw Street,2025-06-02,2025-06-02T16:03:00,2025-06-02T16:00:00,9
00261521,Elm Street,2025-06-02,2025-06-02T16:07:00,2025-06-02T16:09:00,34
00113264,Ocean Avenue,2025-06-02,2025-06-02T16:12:00,2025-06-02T16:16:00,38
00115521,Jump Street,2025-06-02,2025-06-02T16:15:00,2025-06-02T16:25:00,39
00311532,Fury Road,2025-06-02,2025-06-02T16:22:00,2025-06-02T16:29:00,18
00662113,Cloverfield Lane,2025-06-02,2025-06-02T16:41:00,2025-06-02T16:40:00,6
00113147,Bradshaw Street,2025-06-02,2025-06-02T17:03:00,2025-06-02T17:01:00,11
00261521,Elm Street,2025-06-02,2025-06-02T17:07:00,2025-06-02T17:06:00,49
00113264,Ocean Avenue,2025-06-02,2025-06-02T17:12:00,2025-06-02T17:15:00,40
00115521,Jump Street,2025-06-02,2025-06-02T17:15:00,2025-06-02T17:24:00,46
00311532,Fury Road,2025-06-02,2025-06-02T17:22:00,2025-06-02T17:27:00,11
00662113,Cloverfield Lane,2025-06-02,2025-06-02T17:41:00,2025-06-02T17:39:00,11
00113147,Bradshaw Street,2025-06-02,2025-06-02T18:03:00,2025-06-02T18:02:00,26
00261521,Elm Street,2025-06-02,2025-06-02T18:07:00,2025-06-02T18:08:00,57
00113264,Ocean Avenue,2025-06-02,2025-06-02T18:12:00,2025-06-02T18:14:00,27
00115521,Jump Street,2025-06-02,2025-06-02T18:15:00,2025-06-02T18:25:00,34
00311532,Fury Road,2025-06-02,2025-06-02T18:22:00,2025-06-02T18:27:00,10
00662113,Cloverfield Lane,2025-06-02,2025-06-02T18:41:00,2025-06-02T18:38:00,8
00113147,Bradshaw Street,2025-06-02,2025-06-02T19:03:00,2025-06-02T18:55:00,11
00261521,Elm Street,2025-06-02,2025-06-02T19:07:00,2025-06-02T19:06:00,28
00113264,Ocean Avenue,2025-06-02,2025-06-02T19:12:00,2025-06-02T19:16:00,25
00115521,Jump Street,2025-06-02,2025-06-02T19:15:00,2025-06-02T19:24:00,23
00311532,Fury Road,2025-06-02,2025-06-02T19:22:00,2025-06-02T19:25:00,4
00662113,Cloverfield Lane,2025-06-02,2025-06-02T19:41:00,2025-06-02T19:41:00,6
00113147,Bradshaw Street,2025-06-02,2025-06-02T20:03:00,2025-06-02T20:00:00,9
00261521,Elm Street,2025-06-02,2025-06-02T20:07:00,2025-06-02T20:10:00,34
00113264,Ocean Avenue,2025-06-02,2025-06-02T20:12:00,2025-06-02T20:14:00,27
00115521,Jump Street,2025-06-02,2025-06-02T20:15:00,2025-06-02T20:25:00,34
00311532,Fury Road,2025-06-02,2025-06-02T20:22:00,2025-06-02T20:27:00,7
00662113,Cloverfield Lane,2025-06-02,2025-06-02T20:41:00,2025-06-02T20:42:00,5
00113147,Bradshaw Street,2025-06-02,2025-06-02T21:03:00,2025-06-02T20:59:00,7
00261521,Elm Street,2025-06-02,2025-06-02T21:07:00,2025-06-02T21:10:00,22
00113264,Ocean Avenue,2025-06-02,2025-06-02T21:12:00,2025-06-02T21:12:00,28
00115521,Jump Street,2025-06-02,2025-06-02T21:15:00,2025-06-02T21:23:00,14
00311532,Fury Road,2025-06-02,2025-06-02T21:22:00,2025-06-02T21:23:00,5
00662113,Cloverfield Lane,2025-06-02,2025-06-02T21:41:00,2025-06-02T21:43:00,2
00113147,Bradshaw Street,2025-06-03,2025-06-03T06:03:00,2025-06-03T06:00:00,8
00261521,Elm Street,2025-06-03,2025-06-03T06:07:00,2025-06-03T06:07:00,20
00113264,Ocean Avenue,2025-06-03,2025-06-03T06:12:00,2025-06-03T06:12:00,15
00115521,Jump Street,2025-06-03,2025-06-03T06:15:00,2025-06-03T06:25:00,0
00311532,Fury Road,2025-06-03,2025-06-03T06:22:00,2025-06-03T06:27:00,2
00662113,Cloverfield Lane,2025-06-03,2025-06-03T06:41:00,2025-06-03T06:39:00,4
00113147,Bradshaw Street,2025-06-03,2025-06-03T07:03:00,2025-06-03T07:00:00,25
00261521,Elm Street,2025-06-03,2025-06-03T07:07:00,2025-06-03T07:07:00,54
00113264,Ocean Avenue,2025-06-03,2025-06-03T07:12:00,2025-06-03T07:16:00,45
00115521,Jump Street,2025-06-03,2025-06-03T07:15:00,2025-06-03T07:21:00,14
00311532,Fury Road,2025-06-03,2025-06-03T07:22:00,2025-06-03T07:24:00,23
00662113,Cloverfield Lane,2025-06-03,2025-06-03T07:41:00,2025-06-03T07:39:00,12
00113147,Bradshaw Street,2025-06-03,2025-06-03T08:03:00,2025-06-03T07:59:00,21
00261521,Elm Street,2025-06-03,2025-06-03T08:07:00,2025-06-03T08:07:00,60
00113264,Ocean Avenue,2025-06-03,2025-06-03T08:12:00,2025-06-03T08:14:00,41
00115521,Jump Street,2025-06-03,2025-06-03T08:15:00,2025-06-03T08:22:00,22
00311532,Fury Road,2025-06-03,2025-06-03T08:22:00,2025-06-03T08:29:00,16
00662113,Cloverfield Lane,2025-06-03,2025-06-03T08:41:00,2025-06-03T08:39:00,2
00113147,Bradshaw Street,2025-06-03,2025-06-03T09:03:00,2025-06-03T09:01:00,18
00261521,Elm Street,2025-06-03,2025-06-03T09:07:00,2025-06-03T09:07:00,50
00113264,Ocean Avenue,2025-06-03,2025-06-03T09:12:00,2025-06-03T09:13:00,50
00115521,Jump Street,2025-06-03,2025-06-03T09:15:00,2025-06-03T09:23:00,30
00311532,Fury Road,2025-06-03,2025-06-03T09:22:00,2025-06-03T09:26:00,8
00662113,Cloverfield Lane,2025-06-03,2025-06-03T09:41:00,2025-06-03T09:40:00,8
00113147,Bradshaw Street,2025-06-03,2025-06-03T10:03:00,2025-06-03T10:00:00,5
00261521,Elm Street,2025-06-03,2025-06-03T10:07:00,2025-06-03T10:10:00,27
00113264,Ocean Avenue,2025-06-03,2025-06-03T10:12:00,2025-06-03T10:14:00,8
00115521,Jump Street,2025-06-03,2025-06-03T10:15:00,2025-06-03T10:27:00,16
00311532,Fury Road,2025-06-03,2025-06-03T10:22:00,2025-06-03T10:25:00,9
00662113,Cloverfield Lane,2025-06-03,2025-06-03T10:41:00,2025-06-03T10:41:00,4
00113147,Bradshaw Street,2025-06-03,2025-06-03T11:03:00,2025-06-03T11:01:00,13
00261521,Elm Street,2025-06-03,2025-06-03T11:07:00,2025-06-03T11:09:00,19
00113264,Ocean Avenue,2025-06-03,2025-06-03T11:12:00,2025-06-03T11:15:00,23
00115521,Jump Street,2025-06-03,2025-06-03T11:15:00,2025-06-03T11:25:00,18
00311532,Fury Road,2025-06-03,2025-06-03T11:22:00,2025-06-03T11:27:00,9
00662113,Cloverfield Lane,2025-06-03,2025-06-03T11:41:00,2025-06-03T11:36:00,7
00113147,Bradshaw Street,2025-06-03,2025-06-03T12:03:00,2025-06-03T12:00:00,14
00261521,Elm Street,2025-06-03,2025-06-03T12:07:00,2025-06-03T12:06:00,37
00113264,Ocean Avenue,2025-06-03,2025-06-03T12:12:00,2025-06-03T12:15:00,28
00115521,Jump Street,2025-06-03,2025-06-03T12:15:00,2025-06-03T12:23:00,21
00311532,Fury Road,2025-06-03,2025-06-03T12:22:00,2025-06-03T12:28:00,13
00662113,Cloverfield Lane,2025-06-03,2025-06-03T12:41:00,2025-06-03T12:38:00,8
00113147,Bradshaw Street,2025-06-03,2025-06-03T13:03:00,2025-06-03T13:01:00,8
00261521,Elm Street,2025-06-03,2025-06-03T13:07:00,2025-06-03T13:09:00,32
00113264,Ocean Avenue,2025-06-03,2025-06-03T13:12:00,2025-06-03T13:19:00,14
00115521,Jump Street,2025-06-03,2025-06-03T13:15:00,2025-06-03T13:23:00,14
00311532,Fury Road,2025-06-03,2025-06-03T13:22:00,2025-06-03T13:29:00,11
00662113,Cloverfield Lane,2025-06-03,2025-06-03T13:41:00,2025-06-03T13:41:00,12
00113147,Bradshaw Street,2025-06-03,2025-06-03T14:03:00,2025-06-03T14:01:00,12
00261521,Elm Street,2025-06-03,2025-06-03T14:07:00,2025-06-03T14:04:00,16
00113264,Ocean Avenue,2025-06-03,2025-06-03T14:12:00,2025-06-03T14:14:00,28
00115521,Jump Street,2025-06-03,2025-06-03T14:15:00,2025-06-03T14:25:00,19
00311532,Fury Road,2025-06-03,2025-06-03T14:22:00,2025-06-03T14:26:00,3
00662113,Cloverfield Lane,2025-06-03,2025-06-03T14:41:00,2025-06-03T14:40:00,1
00113147,Bradshaw Street,2025-06-03,2025-06-03T15:03:00,2025-06-03T15:00:00,11
00261521,Elm Street,2025-06-03,2025-06-03T15:07:00,2025-06-03T15:09:00,21
00113264,Ocean Avenue,2025-06-03,2025-06-03T15:12:00,2025-06-03T15:15:00,6
00115521,Jump Street,2025-06-03,2025-06-03T15:15:00,2025-06-03T15:26:00,19
00311532,Fury Road,2025-06-03,2025-06-03T15:22:00,2025-06-03T15:23:00,5
00662113,Cloverfield Lane,2025-06-03,2025-06-03T15:41:00,2025-06-03T15:41:00,4
00113147,Bradshaw Street,2025-06-03,2025-06-03T16:03:00,2025-06-03T15:59:00,9
00261521,Elm Street,2025-06-03,2025-06-03T16:07:00,2025-06-03T16:12:00,38
00113264,Ocean Avenue,2025-06-03,2025-06-03T16:12:00,2025-06-03T16:13:00,19
00115521,Jump Street,2025-06-03,2025-06-03T16:15:00,2025-06-03T16:24:00,40
00311532,Fury Road,2025-06-03,2025-06-03T16:22:00,2025-06-03T16:26:00,12
00662113,Cloverfield Lane,2025-06-03,2025-06-03T16:41:00,2025-06-03T16:39:00,10
00113147,Bradshaw Street,2025-06-03,2025-06-03T17:03:00,2025-06-03T17:00:00,29
00261521,Elm Street,2025-06-03,2025-06-03T17:07:00,none,0
00113264,Ocean Avenue,2025-06-03,2025-06-03T17:12:00,2025-06-03T17:17:00,20
00115521,Jump Street,2025-06-03,2025-06-03T17:15:00,2025-06-03T17:24:00,22
00311532,Fury Road,2025-06-03,2025-06-03T17:22:00,2025-06-03T17:31:00,16
00662113,Cloverfield Lane,2025-06-03,2025-06-03T17:41:00,2025-06-03T17:42:00,7
00113147,Bradshaw Street,2025-06-03,2025-06-03T18:03:00,2025-06-03T18:01:00,21
00261521,Elm Street,2025-06-03,2025-06-03T18:07:00,2025-06-03T18:09:00,40
00113264,Ocean Avenue,2025-06-03,2025-06-03T18:12:00,2025-06-03T18:13:00,26
00115521,Jump Street,2025-06-03,2025-06-03T18:15:00,2025-06-03T18:27:00,41
00311532,Fury Road,2025-06-03,2025-06-03T18:22:00,2025-06-03T18:31:00,3
00662113,Cloverfield Lane,2025-06-03,2025-06-03T18:41:00,2025-06-03T18:37:00,6
00113147,Bradshaw Street,2025-06-03,2025-06-03T19:03:00,2025-06-03T19:00:00,29
00261521,Elm Street,2025-06-03,2025-06-03T19:07:00,2025-06-03T19:06:00,26
00113264,Ocean Avenue,2025-06-03,2025-06-03T19:12:00,2025-06-03T19:12:00,14
00115521,Jump Street,2025-06-03,2025-06-03T19:15:00,2025-06-03T19:24:00,18
00311532,Fury Road,2025-06-03,2025-06-03T19:22:00,2025-06-03T19:26:00,4
00662113,Cloverfield Lane,2025-06-03,2025-06-03T19:41:00,2025-06-03T19:39:00,3
00113147,Bradshaw Street,2025-06-03,2025-06-03T20:03:00,2025-06-03T20:00:00,12
00261521,Elm Street,2025-06-03,2025-06-03T20:07:00,2025-06-03T20:12:00,16
00113264,Ocean Avenue,2025-06-03,2025-06-03T20:12:00,2025-06-03T20:11:00,28
00115521,Jump Street,2025-06-03,2025-06-03T20:15:00,2025-06-03T20:20:00,19
00311532,Fury Road,2025-06-03,2025-06-03T20:22:00,2025-06-03T20:25:00,6
00662113,Cloverfield Lane,2025-06-03,2025-06-03T20:41:00,2025-06-03T20:40:00,10
00113147,Bradshaw Street,2025-06-03,2025-06-03T21:03:00,2025-06-03T21:02:00,9
00261521,Elm Street,2025-06-03,2025-06-03T21:07:00,2025-06-03T21:10:00,25
00113264,Ocean Avenue,2025-06-03,2025-06-03T21:12:00,2025-06-03T21:16:00,14
00115521,Jump Street,2025-06-03,2025-06-03T21:15:00,2025-06-03T21:20:00,19
00311532,Fury Road,2025-06-03,2025-06-03T21:22:00,2025-06-03T21:25:00,6
00662113,Cloverfield Lane,2025-06-03,2025-06-03T21:41:00,2025-06-03T21:42:00,11
00113147,Bradshaw Street,2025-06-04,2025-06-04T06:03:00,2025-06-04T06:00:00,18
00261521,Elm Street,2025-06-04,2025-06-04T06:07:00,2025-06-04T06:10:00,20
00113264,Ocean Avenue,2025-06-04,2025-06-04T06:12:00,2025-06-04T06:16:00,22
00115521,Jump Street,2025-06-04,2025-06-04T06:15:00,2025-06-04T06:23:00,14
00311532,Fury Road,2025-06-04,2025-06-04T06:22:00,2025-06-04T06:26:00,6
00662113,Cloverfield Lane,2025-06-04,2025-06-04T06:41:00,2025-06-04T06:40:00,10
00113147,Bradshaw Street,2025-06-04,2025-06-04T07:03:00,2025-06-04T07:06:00,25
00261521,Elm Street,2025-06-04,2025-06-04T07:07:00,2025-06-04T07:10:00,50
00113264,Ocean Avenue,2025-06-04,2025-06-04T07:12:00,2025-06-04T07:16:00,35
00115521,Jump Street,2025-06-04,2025-06-04T07:15:00,2025-06-04T07:24:00,13
00311532,Fury Road,2025-06-04,2025-06-04T07:22:00,2025-06-04T07:25:00,14
00662113,Cloverfield Lane,2025-06-04,2025-06-04T07:41:00,2025-06-04T07:41:00,4
00113147,Bradshaw Street,2025-06-04,2025-06-04T08:03:00,2025-06-04T08:00:00,26
00261521,Elm Street,2025-06-04,2025-06-04T08:07:00,2025-06-04T08:09:00,43
00113264,Ocean Avenue,2025-06-04,2025-06-04T08:12:00,2025-06-04T08:17:00,47
00115521,Jump Street,2025-06-04,2025-06-04T08:15:00,2025-06-04T08:22:00,15
00311532,Fury Road,2025-06-04,2025-06-04T08:22:00,2025-06-04T08:29:00,11
00662113,Cloverfield Lane,2025-06-04,2025-06-04T08:41:00,2025-06-04T08:40:00,4
00113147,Bradshaw Street,2025-06-04,2025-06-04T09:03:00,2025-06-04T08:59:00,18
00261521,Elm Street,2025-06-04,2025-06-04T09:07:00,2025-06-04T09:04:00,60
00113264,Ocean Avenue,2025-06-04,2025-06-04T09:12:00,2025-06-04T09:16:00,43
00115521,Jump Street,2025-06-04,2025-06-04T09:15:00,2025-06-04T09:25:00,25
00311532,Fury Road,2025-06-04,2025-06-04T09:22:00,2025-06-04T09:27:00,9
00662113,Cloverfield Lane,2025-06-04,2025-06-04T09:41:00,2025-06-04T09:39:00,10
00113147,Bradshaw Street,2025-06-04,2025-06-04T10:03:00,2025-06-04T10:02:00,10
00261521,Elm Street,2025-06-04,2025-06-04T10:07:00,2025-06-04T10:09:00,41
00113264,Ocean Avenue,2025-06-04,2025-06-04T10:12:00,2025-06-04T10:15:00,11
00115521,Jump Street,2025-06-04,2025-06-04T10:15:00,2025-06-04T10:22:00,16
00311532,Fury Road,2025-06-04,2025-06-04T10:22:00,2025-06-04T10:28:00,12
00662113,Cloverfield Lane,2025-06-04,2025-06-04T10:41:00,2025-06-04T10:39:00,5
00113147,Bradshaw Street,2025-06-04,2025-06-04T11:03:00,2025-06-04T10:58:00,8
00261521,Elm Street,2025-06-04,2025-06-04T11:07:00,2025-06-04T11:08:00,15
00113264,Ocean Avenue,2025-06-04,2025-06-04T11:12:00,2025-06-04T11:12:00,21
00115521,Jump Street,2025-06-04,2025-06-04T11:15:00,2025-06-04T11:25:00,28
00311532,Fury Road,2025-06-04,2025-06-04T11:22:00,2025-06-04T11:25:00,15
00662113,Cloverfield Lane,2025-06-04,2025-06-04T11:41:00,2025-06-04T11:41:00,2
00113147,Bradshaw Street,2025-06-04,2025-06-04T12:03:00,2025-06-04T12:00:00,13
00261521,Elm Street,2025-06-04,2025-06-04T12:07:00,2025-06-04T12:09:00,4
00113264,Ocean Avenue,2025-06-04,2025-06-04T12:12:00,2025-06-04T12:14:00,27
00115521,Jump Street,2025-06-04,2025-06-04T12:15:00,2025-06-04T12:24:00,20
00311532,Fury Road,2025-06-04,2025-06-04T12:22:00,2025-06-04T12:27:00,11
00662113,Cloverfield Lane,2025-06-04,2025-06-04T12:41:00,2025-06-04T12:39:00,9
00113147,Bradshaw Street,2025-06-04,2025-06-04T13:03:00,2025-06-04T13:03:00,18
00261521,Elm Street,2025-06-04,2025-06-04T13:07:00,none,0
00113264,Ocean Avenue,2025-06-04,2025-06-04T13:12:00,2025-06-04T13:13:00,15
00115521,Jump Street,2025-06-04,2025-06-04T13:15:00,2025-06-04T13:25:00,21
00311532,Fury Road,2025-06-04,2025-06-04T13:22:00,2025-06-04T13:25:00,7
00662113,Cloverfield Lane,2025-06-04,2025-06-04T13:41:00,2025-06-04T13:38:00,7
00113147,Bradshaw Street,2025-06-04,2025-06-04T14:03:00,2025-06-04T14:01:00,14
00261521,Elm Street,2025-06-04,2025-06-04T14:07:00,2025-06-04T14:07:00,32
00113264,Ocean Avenue,2025-06-04,2025-06-04T14:12:00,2025-06-04T14:15:00,16
00115521,Jump Street,2025-06-04,2025-06-04T14:15:00,2025-06-04T14:22:00,18
00311532,Fury Road,2025-06-04,2025-06-04T14:22:00,2025-06-04T14:24:00,8
00662113,Cloverfield Lane,2025-06-04,2025-06-04T14:41:00,2025-06-04T14:40:00,9
00113147,Bradshaw Street,2025-06-04,2025-06-04T15:03:00,2025-06-04T14:59:00,8
00261521,Elm Street,2025-06-04,2025-06-04T15:07:00,2025-06-04T15:06:00,14
00113264,Ocean Avenue,2025-06-04,2025-06-04T15:12:00,2025-06-04T15:14:00,37
00115521,Jump Street,2025-06-04,2025-06-04T15:15:00,2025-06-04T15:23:00,19
00311532,Fury Road,2025-06-04,2025-06-04T15:22:00,2025-06-04T15:28:00,8
00662113,Cloverfield Lane,2025-06-04,2025-06-04T15:41:00,2025-06-04T15:37:00,8
00113147,Bradshaw Street,2025-06-04,2025-06-04T16:03:00,2025-06-04T16:00:00,27
00261521,Elm Street,2025-06-04,2025-06-04T16:07:00,2025-06-04T16:10:00,31
00113264,Ocean Avenue,2025-06-04,2025-06-04T16:12:00,2025-06-04T16:13:00,36
00115521,Jump Street,2025-06-04,2025-06-04T16:15:00,2025-06-04T16:25:00,30
00311532,Fury Road,2025-06-04,2025-06-04T16:22:00,2025-06-04T16:27:00,13
00662113,Cloverfield Lane,2025-06-04,2025-06-04T16:41:00,2025-06-04T16:39:00,7
00113147,Bradshaw Street,2025-06-04,2025-06-04T17:03:00,2025-06-04T16:56:00,19
00261521,Elm Street,2025-06-04,2025-06-04T17:07:00,2025-06-04T17:10:00,28
00113264,Ocean Avenue,2025-06-04,2025-06-04T17:12:00,2025-06-04T17:16:00,38
00115521,Jump Street,2025-06-04,2025-06-04T17:15:00,2025-06-04T17:24:00,44
00311532,Fury Road,2025-06-04,2025-06-04T17:22:00,2025-06-04T17:29:00,15
00662113,Cloverfield Lane,2025-06-04,2025-06-04T17:41:00,2025-06-04T17:40:00,7
00113147,Bradshaw Street,2025-06-04,2025-06-04T18:03:00,2025-06-04T18:01:00,13
00261521,Elm Street,2025-06-04,2025-06-04T18:07:00,2025-06-04T18:09:00,53
00113264,Ocean Avenue,2025-06-04,2025-06-04T18:12:00,2025-06-04T18:17:00,30
00115521,Jump Street,2025-06-04,2025-06-04T18:15:00,2025-06-04T18:24:00,36
00311532,Fury Road,2025-06-04,2025-06-04T18:22:00,2025-06-04T18:28:00,7
00662113,Cloverfield Lane,2025-06-04,2025-06-04T18:41:00,2025-06-04T18:40:00,5
00113147,Bradshaw Street,2025-06-04,2025-06-04T19:03:00,2025-06-04T18:59:00,11
00261521,Elm Street,2025-06-04,2025-06-04T19:07:00,2025-06-04T19:06:00,18
00113264,Ocean Avenue,2025-06-04,2025-06-04T19:12:00,2025-06-04T19:14:00,16
00115521,Jump Street,2025-06-04,2025-06-04T19:15:00,2025-06-04T19:25:00,15
00311532,Fury Road,2025-06-04,2025-06-04T19:22:00,2025-06-04T19:30:00,11
00662113,Cloverfield Lane,2025-06-04,2025-06-04T19:41:00,2025-06-04T19:40:00,2
00113147,Bradshaw Street,2025-06-04,2025-06-04T20:03:00,2025-06-04T20:00:00,5
00261521,Elm Street,2025-06-04,2025-06-04T20:07:00,2025-06-04T20:07:00,26
00113264,Ocean Avenue,2025-06-04,2025-06-04T20:12:00,2025-06-04T20:18:00,6
00115521,Jump Street,2025-06-04,2025-06-04T20:15:00,2025-06-04T20:24:00,15
00311532,Fury Road,2025-06-04,2025-06-04T20:22:00,2025-06-04T20:27:00,8
00662113,Cloverfield Lane,2025-06-04,2025-06-04T20:41:00,2025-06-04T20:39:00,7
00113147,Bradshaw Street,2025-06-04,2025-06-04T21:03:00,2025-06-04T21:02:00,0
00261521,Elm Street,2025-06-04,2025-06-04T21:07:00,2025-06-04T21:10:00,20
00113264,Ocean Avenue,2025-06-04,2025-06-04T21:12:00,2025-06-04T21:15:00,7
00115521,Jump Street,2025-06-04,2025-06-04T21:15:00,2025-06-04T21:23:00,11
00311532,Fury Road,2025-06-04,2025-06-04T21:22:00,2025-06-04T21:30:00,2
00662113,Cloverfield Lane,2025-06-04,2025-06-04T21:41:00,2025-06-04T21:38:00,10
00113147,Bradshaw Street,2025-06-05,2025-06-05T06:03:00,2025-06-05T05:57:00,12
00261521,Elm Street,2025-06-05,2025-06-05T06:07:00,2025-06-05T06:09:00,9
00113264,Ocean Avenue,2025-06-05,2025-06-05T06:12:00,2025-06-05T06:10:00,23
00115521,Jump Street,2025-06-05,2025-06-05T06:15:00,2025-06-05T06:24:00,3
00311532,Fury Road,2025-06-05,2025-06-05T06:22:00,2025-06-05T06:29:00,5
00662113,Cloverfield Lane,2025-06-05,2025-06-05T06:41:00,2025-06-05T06:37:00,3
00113147,Bradshaw Street,2025-06-05,2025-06-05T07:03:00,2025-06-05T07:01:00,26
00261521,Elm Street,2025-06-05,2025-06-05T07:07:00,2025-06-05T07:08:00,60
00113264,Ocean Avenue,2025-06-05,2025-06-05T07:12:00,2025-06-05T07:16:00,46
00115521,Jump Street,2025-06-05,2025-06-05T07:15:00,2025-06-05T07:26:00,26
00311532,Fury Road,2025-06-05,2025-06-05T07:22:00,2025-06-05T07:24:00,5
00662113,Cloverfield Lane,2025-06-05,2025-06-05T07:41:00,2025-06-05T07:40:00,9
00113147,Bradshaw Street,2025-06-05,2025-06-05T08:03:00,2025-06-05T08:01:00,18
00261521,Elm Street,2025-06-05,2025-06-05T08:07:00,2025-06-05T08:08:00,57
00113264,Ocean Avenue,2025-06-05,2025-06-05T08:12:00,2025-06-05T08:17:00,29
00115521,Jump Street,2025-06-05,2025-06-05T08:15:00,2025-06-05T08:25:00,13
00311532,Fury Road,2025-06-05,2025-06-05T08:22:00,2025-06-05T08:29:00,8
00662113,Cloverfield Lane,2025-06-05,2025-06-05T08:41:00,2025-06-05T08:38:00,7
00113147,Bradshaw Street,2025-06-05,2025-06-05T09:03:00,2025-06-05T08:57:00,34
00261521,Elm Street,2025-06-05,2025-06-05T09:07:00,2025-06-05T09:08:00,60
00113264,Ocean Avenue,2025-06-05,2025-06-05T09:12:00,2025-06-05T09:17:00,29
00115521,Jump Street,2025-06-05,2025-06-05T09:15:00,2025-06-05T09:20:00,23
00311532,Fury Road,2025-06-05,2025-06-05T09:22:00,2025-06-05T09:22:00,10
00662113,Cloverfield Lane,2025-06-05,2025-06-05T09:41:00,2025-06-05T09:39:00,2
00113147,Bradshaw Street,2025-06-05,2025-06-05T10:03:00,2025-06-05T10:00:00,9
00261521,Elm Street,2025-06-05,2025-06-05T10:07:00,2025-06-05T10:08:00,34
00113264,Ocean Avenue,2025-06-05,2025-06-05T10:12:00,2025-06-05T10:15:00,7
00115521,Jump Street,2025-06-05,2025-06-05T10:15:00,2025-06-05T10:25:00,16
00311532,Fury Road,2025-06-05,2025-06-05T10:22:00,2025-06-05T10:29:00,2
00662113,Cloverfield Lane,2025-06-05,2025-06-05T10:41:00,2025-06-05T10:39:00,7
00113147,Bradshaw Street,2025-06-05,2025-06-05T11:03:00,2025-06-05T11:02:00,14
00261521,Elm Street,2025-06-05,2025-06-05T11:07:00,2025-06-05T11:06:00,31
00113264,Ocean Avenue,2025-06-05,2025-06-05T11:12:00,2025-06-05T11:19:00,26
00115521,Jump Street,2025-06-05,2025-06-05T11:15:00,2025-06-05T11:26:00,15
00311532,Fury Road,2025-06-05,2025-06-05T11:22:00,2025-06-05T11:28:00,13
00662113,Cloverfield Lane,2025-06-05,2025-06-05T11:41:00,2025-06-05T11:40:00,9
00113147,Bradshaw Street,2025-06-05,2025-06-05T12:03:00,2025-06-05T12:01:00,3
00261521,Elm Street,2025-06-05,2025-06-05T12:07:00,2025-06-05T12:08:00,41
00113264,Ocean Avenue,2025-06-05,2025-06-05T12:12:00,2025-06-05T12:16:00,13
00115521,Jump Street,2025-06-05,2025-06-05T12:15:00,2025-06-05T12:19:00,13
00311532,Fury Road,2025-06-05,2025-06-05T12:22:00,2025-06-05T12:31:00,11
00662113,Cloverfield Lane,2025-06-05,2025-06-05T12:41:00,2025-06-05T12:40:00,7
00113147,Bradshaw Street,2025-06-05,2025-06-05T13:03:00,2025-06-05T13:00:00,10
00261521,Elm Street,2025-06-05,2025-06-05T13:07:00,2025-06-05T13:05:00,42
00113264,Ocean Avenue,2025-06-05,2025-06-05T13:12:00,2025-06-05T13:17:00,13
00115521,Jump Street,2025-06-05,2025-06-05T13:15:00,2025-06-05T13:25:00,21
00311532,Fury Road,2025-06-05,2025-06-05T13:22:00,2025-06-05T13:30:00,6
00662113,Cloverfield Lane,2025-06-05,2025-06-05T13:41:00,2025-06-05T13:39:00,13
00113147,Bradshaw Street,2025-06-05,2025-06-05T14:03:00,2025-06-05T14:00:00,22
00261521,Elm Street,2025-06-05,2025-06-05T14:07:00,2025-06-05T14:11:00,28
00113264,Ocean Avenue,2025-06-05,2025-06-05T14:12:00,2025-06-05T14:14:00,19
00115521,Jump Street,2025-06-05,2025-06-05T14:15:00,2025-06-05T14:22:00,10
00311532,Fury Road,2025-06-05,2025-06-05T14:22:00,2025-06-05T14:31:00,5
00662113,Cloverfield Lane,2025-06-05,2025-06-05T14:41:00,2025-06-05T14:39:00,14
00113147,Bradshaw Street,2025-06-05,2025-06-05T15:03:00,2025-06-05T15:01:00,17
00261521,Elm Street,2025-06-05,2025-06-05T15:07:00,2025-06-05T15:09:00,35
00113264,Ocean Avenue,2025-06-05,2025-06-05T15:12:00,2025-06-05T15:13:00,22
00115521,Jump Street,2025-06-05,2025-06-05T15:15:00,2025-06-05T15:27:00,27
00311532,Fury Road,2025-06-05,2025-06-05T15:22:00,2025-06-05T15:24:00,7
00662113,Cloverfield Lane,2025-06-05,2025-06-05T15:41:00,2025-06-05T15:38:00,4
00113147,Bradshaw Street,2025-06-05,2025-06-05T16:03:00,2025-06-05T16:00:00,19
00261521,Elm Street,2025-06-05,2025-06-05T16:07:00,2025-06-05T16:06:00,38
00113264,Ocean Avenue,2025-06-05,2025-06-05T16:12:00,2025-06-05T16:15:00,27
00115521,Jump Street,2025-06-05,2025-06-05T16:15:00,2025-06-05T16:23:00,50
00311532,Fury Road,2025-06-05,2025-06-05T16:22:00,2025-06-05T16:27:00,11
00662113,Cloverfield Lane,2025-06-05,2025-06-05T16:41:00,2025-06-05T16:40:00,7
00113147,Bradshaw Street,2025-06-05,2025-06-05T17:03:00,2025-06-05T17:00:00,21
00261521,Elm Street,2025-06-05,2025-06-05T17:07:00,2025-06-05T17:09:00,40
00113264,Ocean Avenue,2025-06-05,2025-06-05T17:12:00,2025-06-05T17:19:00,28
00115521,Jump Street,2025-06-05,2025-06-05T17:15:00,2025-06-05T17:25:00,26
00311532,Fury Road,2025-06-05,2025-06-05T17:22:00,2025-06-05T17:26:00,7
00662113,Cloverfield Lane,2025-06-05,2025-06-05T17:41:00,2025-06-05T17:42:00,1
00113147,Bradshaw Street,2025-06-05,2025-06-05T18:03:00,2025-06-05T17:59:00,12
00261521,Elm Street,2025-06-05,2025-06-05T18:07:00,2025-06-05T18:09:00,45
00113264,Ocean Avenue,2025-06-05,2025-06-05T18:12:00,2025-06-05T18:12:00,20
00115521,Jump Street,2025-06-05,2025-06-05T18:15:00,2025-06-05T18:23:00,29
00311532,Fury Road,2025-06-05,2025-06-05T18:22:00,2025-06-05T18:27:00,13
00662113,Cloverfield Lane,2025-06-05,2025-06-05T18:41:00,2025-06-05T18:39:00,8
00113147,Bradshaw Street,2025-06-05,2025-06-05T19:03:00,2025-06-05T19:01:00,15
00261521,Elm Street,2025-06-05,2025-06-05T19:07:00,2025-06-05T19:11:00,20
00113264,Ocean Avenue,2025-06-05,2025-06-05T19:12:00,2025-06-05T19:13:00,29
00115521,Jump Street,2025-06-05,2025-06-05T19:15:00,2025-06-05T19:22:00,20
00311532,Fury Road,2025-06-05,2025-06-05T19:22:00,2025-06-05T19:24:00,0
00662113,Cloverfield Lane,2025-06-05,2025-06-05T19:41:00,2025-06-05T19:39:00,3
00113147,Bradshaw Street,2025-06-05,2025-06-05T20:03:00,2025-06-05T20:01:00,5
00261521,Elm Street,2025-06-05,2025-06-05T20:07:00,2025-06-05T20:06:00,23
00113264,Ocean Avenue,2025-06-05,2025-06-05T20:12:00,2025-06-05T20:18:00,30
00115521,Jump Street,2025-06-05,2025-06-05T20:15:00,2025-06-05T20:25:00,18
00311532,Fury Road,2025-06-05,2025-06-05T20:22:00,2025-06-05T20:29:00,9
00662113,Cloverfield Lane,2025-06-05,2025-06-05T20:41:00,2025-06-05T20:42:00,7
00113147,Bradshaw Street,2025-06-05,2025-06-05T21:03:00,2025-06-05T20:59:00,16
00261521,Elm Street,2025-06-05,2025-06-05T21:07:00,2025-06-05T21:09:00,8
00113264,Ocean Avenue,2025-06-05,2025-06-05T21:12:00,2025-06-05T21:14:00,18
00115521,Jump Street,2025-06-05,2025-06-05T21:15:00,2025-06-05T21:25:00,9
00311532,Fury Road,2025-06-05,2025-06-05T21:22:00,2025-06-05T21:23:00,7
00662113,Cloverfield Lane,2025-06-05,2025-06-05T21:41:00,2025-06-05T21:40:00,8
00113147,Bradshaw Street,2025-06-06,2025-06-06T06:03:00,2025-06-06T06:01:00,14
00261521,Elm Street,2025-06-06,2025-06-06T06:07:00,2025-06-06T06:08:00,15
00113264,Ocean Avenue,2025-06-06,2025-06-06T06:12:00,2025-06-06T06:15:00,6
00115521,Jump Street,2025-06-06,2025-06-06T06:15:00,2025-06-06T06:27:00,10
00311532,Fury Road,2025-06-06,2025-06-06T06:22:00,2025-06-06T06:28:00,9
00662113,Cloverfield Lane,2025-06-06,2025-06-06T06:41:00,2025-06-06T06:40:00,8
00113147,Bradshaw Street,2025-06-06,2025-06-06T07:03:00,2025-06-06T06:59:00,30
00261521,Elm Street,2025-06-06,2025-06-06T07:07:00,none,0
00113264,Ocean Avenue,2025-06-06,2025-06-06T07:12:00,2025-06-06T07:15:00,45
00115521,Jump Street,2025-06-06,2025-06-06T07:15:00,2025-06-06T07:28:00,22
00311532,Fury Road,2025-06-06,2025-06-06T07:22:00,2025-06-06T07:29:00,14
00662113,Cloverfield Lane,2025-06-06,2025-06-06T07:41:00,2025-06-06T07:38:00,9
00113147,Bradshaw Street,2025-06-06,2025-06-06T08:03:00,2025-06-06T08:00:00,23
00261521,Elm Street,2025-06-06,2025-06-06T08:07:00,2025-06-06T08:06:00,60
00113264,Ocean Avenue,2025-06-06,2025-06-06T08:12:00,2025-06-06T08:14:00,31
00115521,Jump Street,2025-06-06,2025-06-06T08:15:00,2025-06-06T08:26:00,10
00311532,Fury Road,2025-06-06,2025-06-06T08:22:00,2025-06-06T08:25:00,8
00662113,Cloverfield Lane,2025-06-06,2025-06-06T08:41:00,2025-06-06T08:37:00,10
00113147,Bradshaw Street,2025-06-06,2025-06-06T09:03:00,2025-06-06T09:03:00,26
00261521,Elm Street,2025-06-06,2025-06-06T09:07:00,2025-06-06T09:08:00,49
00113264,Ocean Avenue,2025-06-06,2025-06-06T09:12:00,2025-06-06T09:11:00,35
00115521,Jump Street,2025-06-06,2025-06-06T09:15:00,2025-06-06T09:24:00,23
00311532,Fury Road,2025-06-06,2025-06-06T09:22:00,2025-06-06T09:26:00,11
00662113,Cloverfield Lane,2025-06-06,2025-06-06T09:41:00,2025-06-06T09:41:00,11
00113147,Bradshaw Street,2025-06-06,2025-06-06T10:03:00,2025-06-06T09:57:00,18
00261521,Elm Street,2025-06-06,2025-06-06T10:07:00,2025-06-06T10:11:00,31
00113264,Ocean Avenue,2025-06-06,2025-06-06T10:12:00,2025-06-06T10:19:00,2
00115521,Jump Street,2025-06-06,2025-06-06T10:15:00,2025-06-06T10:27:00,17
00311532,Fury Road,2025-06-06,2025-06-06T10:22:00,2025-06-06T10:25:00,8
00662113,Cloverfield Lane,2025-06-06,2025-06-06T10:41:00,2025-06-06T10:40:00,3
00113147,Bradshaw Street,2025-06-06,2025-06-06T11:03:00,2025-06-06T10:57:00,23
00261521,Elm Street,2025-06-06,2025-06-06T11:07:00,2025-06-06T11:04:00,30
00113264,Ocean Avenue,2025-06-06,2025-06-06T11:12:00,2025-06-06T11:17:00,28
00115521,Jump Street,2025-06-06,2025-06-06T11:15:00,2025-06-06T11:23:00,16
00311532,Fury Road,2025-06-06,2025-06-06T11:22:00,2025-06-06T11:23:00,6
00662113,Cloverfield Lane,2025-06-06,2025-06-06T11:41:00,2025-06-06T11:38:00,4
00113147,Bradshaw Street,2025-06-06,2025-06-06T12:03:00,2025-06-06T11:57:00,6
00261521,Elm Street,2025-06-06,2025-06-06T12:07:00,2025-06-06T12:07:00,34
00113264,Ocean Avenue,2025-06-06,2025-06-06T12:12:00,2025-06-06T12:15:00,22
00115521,Jump Street,2025-06-06,2025-06-06T12:15:00,2025-06-06T12:25:00,16
00311532,Fury Road,2025-06-06,2025-06-06T12:22:00,2025-06-06T12:26:00,8
00662113,Cloverfield Lane,2025-06-06,2025-06-06T12:41:00,2025-06-06T12:39:00,12
00113147,Bradshaw Street,2025-06-06,2025-06-06T13:03:00,2025-06-06T13:03:00,20
00261521,Elm Street,2025-06-06,2025-06-06T13:07:00,2025-06-06T13:07:00,45
00113264,Ocean Avenue,2025-06-06,2025-06-06T13:12:00,2025-06-06T13:13:00,18
00115521,Jump Street,2025-06-06,2025-06-06T13:15:00,2025-06-06T13:25:00,15
00311532,Fury Road,2025-06-06,2025-06-06T13:22:00,2025-06-06T13:27:00,5
00662113,Cloverfield Lane,2025-06-06,2025-06-06T13:41:00,2025-06-06T13:42:00,6
00113147,Bradshaw Street,2025-06-06,2025-06-06T14:03:00,2025-06-06T13:59:00,11
00261521,Elm Street,2025-06-06,2025-06-06T14:07:00,2025-06-06T14:06:00,42
00113264,Ocean Avenue,2025-06-06,2025-06-06T14:12:00,2025-06-06T14:11:00,24
00115521,Jump Street,2025-06-06,2025-06-06T14:15:00,2025-06-06T14:24:00,33
00311532,Fury Road,2025-06-06,2025-06-06T14:22:00,2025-06-06T14:33:00,5
00662113,Cloverfield Lane,2025-06-06,2025-06-06T14:41:00,2025-06-06T14:38:00,10
00113147,Bradshaw Street,2025-06-06,2025-06-06T15:03:00,2025-06-06T15:02:00,17
00261521,Elm Street,2025-06-06,2025-06-06T15:07:00,none,0
00113264,Ocean Avenue,2025-06-06,2025-06-06T15:12:00,2025-06-06T15:13:00,8
00115521,Jump Street,2025-06-06,2025-06-06T15:15:00,2025-06-06T15:21:00,15
00311532,Fury Road,2025-06-06,2025-06-06T15:22:00,2025-06-06T15:28:00,3
00662113,Cloverfield Lane,2025-06-06,2025-06-06T15:41:00,2025-06-06T15:40:00,9
00113147,Bradshaw Street,2025-06-06,2025-06-06T16:03:00,2025-06-06T15:58:00,13
00261521,Elm Street,2025-06-06,2025-06-06T16:07:00,2025-06-06T16:09:00,30
00113264,Ocean Avenue,2025-06-06,2025-06-06T16:12:00,2025-06-06T16:15:00,47
00115521,Jump Street,2025-06-06,2025-06-06T16:15:00,2025-06-06T16:27:00,40
00311532,Fury Road,2025-06-06,2025-06-06T16:22:00,2025-06-06T16:23:00,17
00662113,Cloverfield Lane,2025-06-06,2025-06-06T16:41:00,2025-06-06T16:39:00,5
00113147,Bradshaw Street,2025-06-06,2025-06-06T17:03:00,2025-06-06T16:59:00,12
00261521,Elm Street,2025-06-06,2025-06-06T17:07:00,2025-06-06T17:10:00,47
00113264,Ocean Avenue,2025-06-06,2025-06-06T17:12:00,2025-06-06T17:14:00,28
00115521,Jump Street,2025-06-06,2025-06-06T17:15:00,2025-06-06T17:19:00,34
00311532,Fury Road,2025-06-06,2025-06-06T17:22:00,2025-06-06T17:30:00,13
00662113,Cloverfield Lane,2025-06-06,2025-06-06T17:41:00,2025-06-06T17:41:00,4
00113147,Bradshaw Street,2025-06-06,2025-06-06T18:03:00,2025-06-06T18:01:00,14
00261521,Elm Street,2025-06-06,2025-06-06T18:07:00,2025-06-06T18:09:00,54
00113264,Ocean Avenue,2025-06-06,2025-06-06T18:12:00,2025-06-06T18:17:00,29
00115521,Jump Street,2025-06-06,2025-06-06T18:15:00,2025-06-06T18:23:00,49
00311532,Fury Road,2025-06-06,2025-06-06T18:22:00,2025-06-06T18:26:00,16
00662113,Cloverfield Lane,2025-06-06,2025-06-06T18:41:00,2025-06-06T18:40:00,10
00113147,Bradshaw Street,2025-06-06,2025-06-06T19:03:00,2025-06-06T19:00:00,10
00261521,Elm Street,2025-06-06,2025-06-06T19:07:00,2025-06-06T19:11:00,36
00113264,Ocean Avenue,2025-06-06,2025-06-06T19:12:00,2025-06-06T19:13:00,14
00115521,Jump Street,2025-06-06,2025-06-06T19:15:00,2025-06-06T19:22:00,8
00311532,Fury Road,2025-06-06,2025-06-06T19:22:00,2025-06-06T19:27:00,6
00662113,Cloverfield Lane,2025-06-06,2025-06-06T19:41:00,2025-06-06T19:40:00,4
00113147,Bradshaw Street,2025-06-06,2025-06-06T20:03:00,2025-06-06T19:58:00,9
00261521,Elm Street,2025-06-06,2025-06-06T20:07:00,2025-06-06T20:08:00,34
00113264,Ocean Avenue,2025-06-06,2025-06-06T20:12:00,2025-06-06T20:15:00,10
00115521,Jump Street,2025-06-06,2025-06-06T20:15:00,2025-06-06T20:26:00,10
00311532,Fury Road,2025-06-06,2025-06-06T20:22:00,2025-06-06T20:23:00,4
00662113,Cloverfield Lane,2025-06-06,2025-06-06T20:41:00,2025-06-06T20:39:00,2
00113147,Bradshaw Street,2025-06-06,2025-06-06T21:03:00,2025-06-06T21:00:00,19
00261521,Elm Street,2025-06-06,2025-06-06T21:07:00,2025-06-06T21:11:00,24
00113264,Ocean Avenue,2025-06-06,2025-06-06T21:12:00,2025-06-06T21:15:00,7
00115521,Jump Street,2025-06-06,2025-06-06T21:15:00,2025-06-06T21:23:00,9
00311532,Fury Road,2025-06-06,2025-06-06T21:22:00,2025-06-06T21:27:00,5
00662113,Cloverfield Lane,2025-06-06,2025-06-06T21:41:00,2025-06-06T21:40:00,5
00113147,Bradshaw Street,2025-06-07,2025-06-07T06:03:00,2025-06-07T06:00:00,1
00261521,Elm Street,2025-06-07,2025-06-07T06:07:00,2025-06-07T06:08:00,0
00113264,Ocean Avenue,2025-06-07,2025-06-07T06:12:00,2025-06-07T06:18:00,4
00115521,Jump Street,2025-06-07,2025-06-07T06:15:00,2025-06-07T06:27:00,21
00311532,Fury Road,2025-06-07,2025-06-07T06:22:00,2025-06-07T06:25:00,0
00662113,Cloverfield Lane,2025-06-07,2025-06-07T06:41:00,2025-06-07T06:43:00,1
00113147,Bradshaw Street,2025-06-07,2025-06-07T07:03:00,2025-06-07T07:00:00,21
00261521,Elm Street,2025-06-07,2025-06-07T07:07:00,2025-06-07T07:10:00,27
00113264,Ocean Avenue,2025-06-07,2025-06-07T07:12:00,2025-06-07T07:14:00,24
00115521,Jump Street,2025-06-07,2025-06-07T07:15:00,2025-06-07T07:20:00,14
00311532,Fury Road,2025-06-07,2025-06-07T07:22:00,2025-06-07T07:30:00,6
00662113,Cloverfield Lane,2025-06-07,2025-06-07T07:41:00,2025-06-07T07:43:00,3
00113147,Bradshaw Street,2025-06-07,2025-06-07T08:03:00,2025-06-07T08:02:00,15
00261521,Elm Street,2025-06-07,2025-06-07T08:07:00,2025-06-07T08:10:00,33
00113264,Ocean Avenue,2025-06-07,2025-06-07T08:12:00,2025-06-07T08:14:00,23
00115521,Jump Street,2025-06-07,2025-06-07T08:15:00,2025-06-07T08:25:00,5
00311532,Fury Road,2025-06-07,2025-06-07T08:22:00,2025-06-07T08:21:00,7
00662113,Cloverfield Lane,2025-06-07,2025-06-07T08:41:00,2025-06-07T08:38:00,4
00113147,Bradshaw Street,2025-06-07,2025-06-07T09:03:00,2025-06-07T09:01:00,18
00261521,Elm Street,2025-06-07,2025-06-07T09:07:00,2025-06-07T09:07:00,43
00113264,Ocean Avenue,2025-06-07,2025-06-07T09:12:00,2025-06-07T09:16:00,32
00115521,Jump Street,2025-06-07,2025-06-07T09:15:00,2025-06-07T09:23:00,32
00311532,Fury Road,2025-06-07,2025-06-07T09:22:00,2025-06-07T09:28:00,8
00662113,Cloverfield Lane,2025-06-07,2025-06-07T09:41:00,2025-06-07T09:39:00,5
00113147,Bradshaw Street,2025-06-07,2025-06-07T10:03:00,2025-06-07T10:02:00,0
00261521,Elm Street,2025-06-07,2025-06-07T10:07:00,2025-06-07T10:07:00,0
00113264,Ocean Avenue,2025-06-07,2025-06-07T10:12:00,2025-06-07T10:13:00,6
00115521,Jump Street,2025-06-07,2025-06-07T10:15:00,2025-06-07T10:23:00,18
00311532,Fury Road,2025-06-07,2025-06-07T10:22:00,2025-06-07T10:29:00,12
00662113,Cloverfield Lane,2025-06-07,2025-06-07T10:41:00,2025-06-07T10:38:00,9
00113147,Bradshaw Street,2025-06-07,2025-06-07T11:03:00,2025-06-07T10:58:00,3
00261521,Elm Street,2025-06-07,2025-06-07T11:07:00,2025-06-07T11:08:00,15
00113264,Ocean Avenue,2025-06-07,2025-06-07T11:12:00,2025-06-07T11:15:00,18
00115521,Jump Street,2025-06-07,2025-06-07T11:15:00,2025-06-07T11:21:00,13
00311532,Fury Road,2025-06-07,2025-06-07T11:22:00,2025-06-07T11:25:00,4
00662113,Cloverfield Lane,2025-06-07,2025-06-07T11:41:00,2025-06-07T11:41:00,6
00113147,Bradshaw Street,2025-06-07,2025-06-07T12:03:00,2025-06-07T11:59:00,26
00261521,Elm Street,2025-06-07,2025-06-07T12:07:00,2025-06-07T12:08:00,19
00113264,Ocean Avenue,2025-06-07,2025-06-07T12:12:00,2025-06-07T12:09:00,24
00115521,Jump Street,2025-06-07,2025-06-07T12:15:00,2025-06-07T12:23:00,15
00311532,Fury Road,2025-06-07,2025-06-07T12:22:00,2025-06-07T12:28:00,0
00662113,Cloverfield Lane,2025-06-07,2025-06-07T12:41:00,2025-06-07T12:42:00,2
00113147,Bradshaw Street,2025-06-07,2025-06-07T13:03:00,2025-06-07T12:59:00,13
00261521,Elm Street,2025-06-07,2025-06-07T13:07:00,2025-06-07T13:08:00,26
00113264,Ocean Avenue,2025-06-07,2025-06-07T13:12:00,2025-06-07T13:11:00,21
00115521,Jump Street,2025-06-07,2025-06-07T13:15:00,2025-06-07T13:25:00,6
00311532,Fury Road,2025-06-07,2025-06-07T13:22:00,2025-06-07T13:26:00,4
00662113,Cloverfield Lane,2025-06-07,2025-06-07T13:41:00,2025-06-07T13:38:00,4
00113147,Bradshaw Street,2025-06-07,2025-06-07T14:03:00,2025-06-07T14:00:00,8
00261521,Elm Street,2025-06-07,2025-06-07T14:07:00,2025-06-07T14:07:00,4
00113264,Ocean Avenue,2025-06-07,2025-06-07T14:12:00,2025-06-07T14:15:00,10
00115521,Jump Street,2025-06-07,2025-06-07T14:15:00,2025-06-07T14:24:00,5
00311532,Fury Road,2025-06-07,2025-06-07T14:22:00,2025-06-07T14:27:00,7
00662113,Cloverfield Lane,2025-06-07,2025-06-07T14:41:00,2025-06-07T14:42:00,6
00113147,Bradshaw Street,2025-06-07,2025-06-07T15:03:00,2025-06-07T15:00:00,4
00261521,Elm Street,2025-06-07,2025-06-07T15:07:00,none,0
00113264,Ocean Avenue,2025-06-07,2025-06-07T15:12:00,2025-06-07T15:11:00,24
00115521,Jump Street,2025-06-07,2025-06-07T15:15:00,2025-06-07T15:24:00,11
00311532,Fury Road,2025-06-07,2025-06-07T15:22:00,2025-06-07T15:27:00,3
00662113,Cloverfield Lane,2025-06-07,2025-06-07T15:41:00,2025-06-07T15:40:00,4
00113147,Bradshaw Street,2025-06-07,2025-06-07T16:03:00,2025-06-07T15:59:00,12
00261521,Elm Street,2025-06-07,2025-06-07T16:07:00,2025-06-07T16:07:00,27
00113264,Ocean Avenue,2025-06-07,2025-06-07T16:12:00,2025-06-07T16:13:00,17
00115521,Jump Street,2025-06-07,2025-06-07T16:15:00,2025-06-07T16:24:00,14
00311532,Fury Road,2025-06-07,2025-06-07T16:22:00,2025-06-07T16:24:00,8
00662113,Cloverfield Lane,2025-06-07,2025-06-07T16:41:00,2025-06-07T16:38:00,5
00113147,Bradshaw Street,2025-06-07,2025-06-07T17:03:00,2025-06-07T17:01:00,5
00261521,Elm Street,2025-06-07,2025-06-07T17:07:00,2025-06-07T17:07:00,26
00113264,Ocean Avenue,2025-06-07,2025-06-07T17:12:00,2025-06-07T17:16:00,30
00115521,Jump Street,2025-06-07,2025-06-07T17:15:00,2025-06-07T17:24:00,23
00311532,Fury Road,2025-06-07,2025-06-07T17:22:00,2025-06-07T17:29:00,6
00662113,Cloverfield Lane,2025-06-07,2025-06-07T17:41:00,2025-06-07T17:39:00,0
00113147,Bradshaw Street,2025-06-07,2025-06-07T18:03:00,2025-06-07T18:00:00,6
00261521,Elm Street,2025-06-07,2025-06-07T18:07:00,2025-06-07T18:12:00,16
00113264,Ocean Avenue,2025-06-07,2025-06-07T18:12:00,2025-06-07T18:16:00,19
00115521,Jump Street,2025-06-07,2025-06-07T18:15:00,2025-06-07T18:20:00,22
00311532,Fury Road,2025-06-07,2025-06-07T18:22:00,2025-06-07T18:26:00,15
00662113,Cloverfield Lane,2025-06-07,2025-06-07T18:41:00,2025-06-07T18:40:00,6
00113147,Bradshaw Street,2025-06-07,2025-06-07T19:03:00,2025-06-07T19:00:00,11
00261521,Elm Street,2025-06-07,2025-06-07T19:07:00,2025-06-07T19:09:00,1
00113264,Ocean Avenue,2025-06-07,2025-06-07T19:12:00,2025-06-07T19:14:00,13
00115521,Jump Street,2025-06-07,2025-06-07T19:15:00,2025-06-07T19:25:00,7
00311532,Fury Road,2025-06-07,2025-06-07T19:22:00,2025-06-07T19:28:00,8
00662113,Cloverfield Lane,2025-06-07,2025-06-07T19:41:00,2025-06-07T19:40:00,7
00113147,Bradshaw Street,2025-06-07,2025-06-07T20:03:00,2025-06-07T20:01:00,7
00261521,Elm Street,2025-06-07,2025-06-07T20:07:00,2025-06-07T20:10:00,4
00113264,Ocean Avenue,2025-06-07,2025-06-07T20:12:00,2025-06-07T20:17:00,21
00115521,Jump Street,2025-06-07,2025-06-07T20:15:00,2025-06-07T20:26:00,12
00311532,Fury Road,2025-06-07,2025-06-07T20:22:00,2025-06-07T20:26:00,9
00662113,Cloverfield Lane,2025-06-07,2025-06-07T20:41:00,2025-06-07T20:38:00,2
00113147,Bradshaw Street,2025-06-07,2025-06-07T21:03:00,2025-06-07T21:00:00,6
00261521,Elm Street,2025-06-07,2025-06-07T21:07:00,2025-06-07T21:09:00,6
00113264,Ocean Avenue,2025-06-07,2025-06-07T21:12:00,2025-06-07T21:17:00,16
00115521,Jump Street,2025-06-07,2025-06-07T21:15:00,2025-06-07T21:25:00,5
00311532,Fury Road,2025-06-07,2025-06-07T21:22:00,2025-06-07T21:28:00,2
00662113,Cloverfield Lane,2025-06-07,2025-06-07T21:41:00,2025-06-07T21:41:00,4
00113147,Bradshaw Street,2025-06-08,2025-06-08T06:03:00,2025-06-08T05:59:00,0
00261521,Elm Street,2025-06-08,2025-06-08T06:07:00,2025-06-08T06:12:00,15
00113264,Ocean Avenue,2025-06-08,2025-06-08T06:12:00,2025-06-08T06:14:00,11
00115521,Jump Street,2025-06-08,2025-06-08T06:15:00,2025-06-08T06:27:00,15
00311532,Fury Road,2025-06-08,2025-06-08T06:22:00,2025-06-08T06:26:00,2
00662113,Cloverfield Lane,2025-06-08,2025-06-08T06:41:00,2025-06-08T06:39:00,8
00113147,Bradshaw Street,2025-06-08,2025-06-08T07:03:00,2025-06-08T07:00:00,22
00261521,Elm Street,2025-06-08,2025-06-08T07:07:00,2025-06-08T07:09:00,34
00113264,Ocean Avenue,2025-06-08,2025-06-08T07:12:00,2025-06-08T07:14:00,29
00115521,Jump Street,2025-06-08,2025-06-08T07:15:00,2025-06-08T07:26:00,0
00311532,Fury Road,2025-06-08,2025-06-08T07:22:00,2025-06-08T07:26:00,13
00662113,Cloverfield Lane,2025-06-08,2025-06-08T07:41:00,2025-06-08T07:39:00,0
00113147,Bradshaw Street,2025-06-08,2025-06-08T08:03:00,2025-06-08T08:02:00,5
00261521,Elm Street,2025-06-08,2025-06-08T08:07:00,2025-06-08T08:06:00,60
00113264,Ocean Avenue,2025-06-08,2025-06-08T08:12:00,2025-06-08T08:19:00,7
00115521,Jump Street,2025-06-08,2025-06-08T08:15:00,2025-06-08T08:27:00,20
00311532,Fury Road,2025-06-08,2025-06-08T08:22:00,2025-06-08T08:25:00,5
00662113,Cloverfield Lane,2025-06-08,2025-06-08T08:41:00,2025-06-08T08:41:00,0
00113147,Bradshaw Street,2025-06-08,2025-06-08T09:03:00,2025-06-08T09:00:00,15
00261521,Elm Street,2025-06-08,2025-06-08T09:07:00,2025-06-08T09:09:00,22
00113264,Ocean Avenue,2025-06-08,2025-06-08T09:12:00,2025-06-08T09:18:00,33
00115521,Jump Street,2025-06-08,2025-06-08T09:15:00,2025-06-08T09:23:00,20
00311532,Fury Road,2025-06-08,2025-06-08T09:22:00,2025-06-08T09:30:00,3
00662113,Cloverfield Lane,2025-06-08,2025-06-08T09:41:00,2025-06-08T09:41:00,5
00113147,Bradshaw Street,2025-06-08,2025-06-08T10:03:00,2025-06-08T10:00:00,11
00261521,Elm Street,2025-06-08,2025-06-08T10:07:00,2025-06-08T10:07:00,16
00113264,Ocean Avenue,2025-06-08,2025-06-08T10:12:00,2025-06-08T10:13:00,21
00115521,Jump Street,2025-06-08,2025-06-08T10:15:00,2025-06-08T10:22:00,0
00311532,Fury Road,2025-06-08,2025-06-08T10:22:00,2025-06-08T10:28:00,2
00662113,Cloverfield Lane,2025-06-08,2025-06-08T10:41:00,2025-06-08T10:41:00,6
00113147,Bradshaw Street,2025-06-08,2025-06-08T11:03:00,2025-06-08T10:59:00,8
00261521,Elm Street,2025-06-08,2025-06-08T11:07:00,2025-06-08T11:07:00,14
00113264,Ocean Avenue,2025-06-08,2025-06-08T11:12:00,2025-06-08T11:15:00,7
00115521,Jump Street,2025-06-08,2025-06-08T11:15:00,2025-06-08T11:22:00,16
00311532,Fury Road,2025-06-08,2025-06-08T11:22:00,2025-06-08T11:28:00,4
00662113,Cloverfield Lane,2025-06-08,2025-06-08T11:41:00,2025-06-08T11:40:00,3
00113147,Bradshaw Street,2025-06-08,2025-06-08T12:03:00,2025-06-08T11:58:00,12
00261521,Elm Street,2025-06-08,2025-06-08T12:07:00,2025-06-08T12:06:00,21
00113264,Ocean Avenue,2025-06-08,2025-06-08T12:12:00,2025-06-08T12:14:00,22
00115521,Jump Street,2025-06-08,2025-06-08T12:15:00,2025-06-08T12:27:00,4
00311532,Fury Road,2025-06-08,2025-06-08T12:22:00,2025-06-08T12:32:00,2
00662113,Cloverfield Lane,2025-06-08,2025-06-08T12:41:00,2025-06-08T12:37:00,11
00113147,Bradshaw Street,2025-06-08,2025-06-08T13:03:00,2025-06-08T12:59:00,10
00261521,Elm Street,2025-06-08,2025-06-08T13:07:00,2025-06-08T13:08:00,21
00113264,Ocean Avenue,2025-06-08,2025-06-08T13:12:00,2025-06-08T13:14:00,17
00115521,Jump Street,2025-06-08,2025-06-08T13:15:00,2025-06-08T13:25:00,12
00311532,Fury Road,2025-06-08,2025-06-08T13:22:00,2025-06-08T13:25:00,0
00662113,Cloverfield Lane,2025-06-08,2025-06-08T13:41:00,2025-06-08T13:43:00,0
00113147,Bradshaw Street,2025-06-08,2025-06-08T14:03:00,2025-06-08T14:02:00,4
00261521,Elm Street,2025-06-08,2025-06-08T14:07:00,2025-06-08T14:07:00,6
00113264,Ocean Avenue,2025-06-08,2025-06-08T14:12:00,2025-06-08T14:15:00,12
00115521,Jump Street,2025-06-08,2025-06-08T14:15:00,2025-06-08T14:27:00,8
00311532,Fury Road,2025-06-08,2025-06-08T14:22:00,2025-06-08T14:34:00,0
00662113,Cloverfield Lane,2025-06-08,2025-06-08T14:41:00,2025-06-08T14:40:00,6
00113147,Bradshaw Street,2025-06-08,2025-06-08T15:03:00,2025-06-08T15:01:00,14
00261521,Elm Street,2025-06-08,2025-06-08T15:07:00,2025-06-08T15:10:00,14
00113264,Ocean Avenue,2025-06-08,2025-06-08T15:12:00,2025-06-08T15:13:00,2
00115521,Jump Street,2025-06-08,2025-06-08T15:15:00,2025-06-08T15:24:00,0
00311532,Fury Road,2025-06-08,2025-06-08T15:22:00,2025-06-08T15:30:00,5
00662113,Cloverfield Lane,2025-06-08,2025-06-08T15:41:00,2025-06-08T15:40:00,7
00113147,Bradshaw Street,2025-06-08,2025-06-08T16:03:00,2025-06-08T16:00:00,10
00261521,Elm Street,2025-06-08,2025-06-08T16:07:00,2025-06-08T16:06:00,18
00113264,Ocean Avenue,2025-06-08,2025-06-08T16:12:00,2025-06-08T16:16:00,27
00115521,Jump Street,2025-06-08,2025-06-08T16:15:00,2025-06-08T16:24:00,25
00311532,Fury Road,2025-06-08,2025-06-08T16:22:00,none,0
00662113,Cloverfield Lane,2025-06-08,2025-06-08T16:41:00,2025-06-08T16:39:00,8
00113147,Bradshaw Street,2025-06-08,2025-06-08T17:03:00,2025-06-08T17:00:00,16
00261521,Elm Street,2025-06-08,2025-06-08T17:07:00,2025-06-08T17:12:00,22
00113264,Ocean Avenue,2025-06-08,2025-06-08T17:12:00,2025-06-08T17:16:00,17
00115521,Jump Street,2025-06-08,2025-06-08T17:15:00,2025-06-08T17:25:00,17
00311532,Fury Road,2025-06-08,2025-06-08T17:22:00,2025-06-08T17:27:00,9
00662113,Cloverfield Lane,2025-06-08,2025-06-08T17:41:00,2025-06-08T17:39:00,2
00113147,Bradshaw Street,2025-06-08,2025-06-08T18:03:00,2025-06-08T18:01:00,4
00261521,Elm Street,2025-06-08,2025-06-08T18:07:00,2025-06-08T18:09:00,22
00113264,Ocean Avenue,2025-06-08,2025-06-08T18:12:00,2025-06-08T18:13:00,22
00115521,Jump Street,2025-06-08,2025-06-08T18:15:00,2025-06-08T18:27:00,30
00311532,Fury Road,2025-06-08,2025-06-08T18:22:00,2025-06-08T18:26:00,12
00662113,Cloverfield Lane,2025-06-08,2025-06-08T18:41:00,2025-06-08T18:37:00,4
00113147,Bradshaw Street,2025-06-08,2025-06-08T19:03:00,2025-06-08T18:59:00,9
00261521,Elm Street,2025-06-08,2025-06-08T19:07:00,2025-06-08T19:05:00,16
00113264,Ocean Avenue,2025-06-08,2025-06-08T19:12:00,2025-06-08T19:16:00,7
00115521,Jump Street,2025-06-08,2025-06-08T19:15:00,2025-06-08T19:23:00,20
00311532,Fury Road,2025-06-08,2025-06-08T19:22:00,2025-06-08T19:26:00,2
00662113,Cloverfield Lane,2025-06-08,2025-06-08T19:41:00,2025-06-08T19:38:00,1
00113147,Bradshaw Street,2025-06-08,2025-06-08T20:03:00,2025-06-08T20:00:00,11
00261521,Elm Street,2025-06-08,2025-06-08T20:07:00,2025-06-08T20:09:00,8
00113264,Ocean Avenue,2025-06-08,2025-06-08T20:12:00,2025-06-08T20:18:00,16
00115521,Jump Street,2025-06-08,2025-06-08T20:15:00,2025-06-08T20:21:00,27
00311532,Fury Road,2025-06-08,2025-06-08T20:22:00,2025-06-08T20:28:00,0
00662113,Cloverfield Lane,2025-06-08,2025-06-08T20:41:00,2025-06-08T20:40:00,7
00113147,Bradshaw Street,2025-06-08,2025-06-08T21:03:00,2025-06-08T21:00:00,14
00261521,Elm Street,2025-06-08,2025-06-08T21:07:00,2025-06-08T21:07:00,2
00113264,Ocean Avenue,2025-06-08,2025-06-08T21:12:00,2025-06-08T21:18:00,17
00115521,Jump Street,2025-06-08,2025-06-08T21:15:00,2025-06-08T21:26:00,12
00311532,Fury Road,2025-06-08,2025-06-08T21:22:00,2025-06-08T21:27:00,9
00662113,Cloverfield Lane,2025-06-08,2025-06-08T21:41:00,2025-06-08T21:42:00,1
00113147,Bradshaw Street,2025-06-09,2025-06-09T06:03:00,2025-06-09T06:00:00,0
00261521,Elm Street,2025-06-09,2025-06-09T06:07:00,2025-06-09T06:11:00,4
00113264,Ocean Avenue,2025-06-09,2025-06-09T06:12:00,2025-06-09T06:16:00,23
00115521,Jump Street,2025-06-09,2025-06-09T06:15:00,2025-06-09T06:21:00,8
00311532,Fury Road,2025-06-09,2025-06-09T06:22:00,2025-06-09T06:25:00,2
00662113,Cloverfield Lane,2025-06-09,2025-06-09T06:41:00,2025-06-09T06:41:00,4
00113147,Bradshaw Street,2025-06-09,2025-06-09T07:03:00,2025-06-09T07:01:00,19
00261521,Elm Street,2025-06-09,2025-06-09T07:07:00,2025-06-09T07:04:00,60
00113264,Ocean Avenue,2025-06-09,2025-06-09T07:12:00,2025-06-09T07:17:00,31
00115521,Jump Street,2025-06-09,2025-06-09T07:15:00,2025-06-09T07:21:00,15
00311532,Fury Road,2025-06-09,2025-06-09T07:22:00,2025-06-09T07:29:00,10
00662113,Cloverfield Lane,2025-06-09,2025-06-09T07:41:00,2025-06-09T07:36:00,0
00113147,Bradshaw Street,2025-06-09,2025-06-09T08:03:00,2025-06-09T08:03:00,30
00261521,Elm Street,2025-06-09,2025-06-09T08:07:00,2025-06-09T08:10:00,55
00113264,Ocean Avenue,2025-06-09,2025-06-09T08:12:00,2025-06-09T08:14:00,39
00115521,Jump Street,2025-06-09,2025-06-09T08:15:00,2025-06-09T08:21:00,29
00311532,Fury Road,2025-06-09,2025-06-09T08:22:00,2025-06-09T08:27:00,11
00662113,Cloverfield Lane,2025-06-09,2025-06-09T08:41:00,2025-06-09T08:39:00,11
00113147,Bradshaw Street,2025-06-09,2025-06-09T09:03:00,2025-06-09T08:59:00,34
00261521,Elm Street,2025-06-09,2025-06-09T09:07:00,2025-06-09T09:08:00,53
00113264,Ocean Avenue,2025-06-09,2025-06-09T09:12:00,2025-06-09T09:15:00,32
00115521,Jump Street,2025-06-09,2025-06-09T09:15:00,2025-06-09T09:26:00,19
00311532,Fury Road,2025-06-09,2025-06-09T09:22:00,2025-06-09T09:25:00,13
00662113,Cloverfield Lane,2025-06-09,2025-06-09T09:41:00,2025-06-09T09:38:00,7
00113147,Bradshaw Street,2025-06-09,2025-06-09T10:03:00,2025-06-09T09:59:00,22
00261521,Elm Street,2025-06-09,2025-06-09T10:07:00,2025-06-09T10:08:00,21
00113264,Ocean Avenue,2025-06-09,2025-06-09T10:12:00,2025-06-09T10:17:00,27
00115521,Jump Street,2025-06-09,2025-06-09T10:15:00,2025-06-09T10:23:00,12
00311532,Fury Road,2025-06-09,2025-06-09T10:22:00,2025-06-09T10:27:00,7
00662113,Cloverfield Lane,2025-06-09,2025-06-09T10:41:00,2025-06-09T10:39:00,13
00113147,Bradshaw Street,2025-06-09,2025-06-09T11:03:00,2025-06-09T10:58:00,15
00261521,Elm Street,2025-06-09,2025-06-09T11:07:00,2025-06-09T11:10:00,19
00113264,Ocean Avenue,2025-06-09,2025-06-09T11:12:00,2025-06-09T11:15:00,30
00115521,Jump Street,2025-06-09,2025-06-09T11:15:00,2025-06-09T11:22:00,7
00311532,Fury Road,2025-06-09,2025-06-09T11:22:00,2025-06-09T11:29:00,5
00662113,Cloverfield Lane,2025-06-09,2025-06-09T11:41:00,2025-06-09T11:38:00,2
00113147,Bradshaw Street,2025-06-09,2025-06-09T12:03:00,2025-06-09T12:01:00,21
00261521,Elm Street,2025-06-09,2025-06-09T12:07:00,2025-06-09T12:09:00,17
00113264,Ocean Avenue,2025-06-09,2025-06-09T12:12:00,2025-06-09T12:11:00,23
00115521,Jump Street,2025-06-09,2025-06-09T12:15:00,2025-06-09T12:24:00,14
00311532,Fury Road,2025-06-09,2025-06-09T12:22:00,2025-06-09T12:26:00,16
00662113,Cloverfield Lane,2025-06-09,2025-06-09T12:41:00,2025-06-09T12:38:00,10
00113147,Bradshaw Street,2025-06-09,2025-06-09T13:03:00,2025-06-09T12:59:00,13
00261521,Elm Street,2025-06-09,2025-06-09T13:07:00,none,0
00113264,Ocean Avenue,2025-06-09,2025-06-09T13:12:00,2025-06-09T13:16:00,12
00115521,Jump Street,2025-06-09,2025-06-09T13:15:00,2025-06-09T13:22:00,17
00311532,Fury Road,2025-06-09,2025-06-09T13:22:00,2025-06-09T13:24:00,13
00662113,Cloverfield Lane,2025-06-09,2025-06-09T13:41:00,2025-06-09T13:39:00,6
00113147,Bradshaw Street,2025-06-09,2025-06-09T14:03:00,2025-06-09T13:56:00,16
00261521,Elm Street,2025-06-09,2025-06-09T14:07:00,2025-06-09T14:06:00,29
00113264,Ocean Avenue,2025-06-09,2025-06-09T14:12:00,2025-06-09T14:17:00,21
00115521,Jump Street,2025-06-09,2025-06-09T14:15:00,2025-06-09T14:24:00,20
00311532,Fury Road,2025-06-09,2025-06-09T14:22:00,2025-06-09T14:28:00,3
00662113,Cloverfield Lane,2025-06-09,2025-06-09T14:41:00,2025-06-09T14:39:00,9
00113147,Bradshaw Street,2025-06-09,2025-06-09T15:03:00,2025-06-09T15:00:00,25
00261521,Elm Street,2025-06-09,2025-06-09T15:07:00,2025-06-09T15:08:00,16
00113264,Ocean Avenue,2025-06-09,2025-06-09T15:12:00,2025-06-09T15:19:00,22
00115521,Jump Street,2025-06-09,2025-06-09T15:15:00,2025-06-09T15:25:00,20
00311532,Fury Road,2025-06-09,2025-06-09T15:22:00,2025-06-09T15:25:00,14
00662113,Cloverfield Lane,2025-06-09,2025-06-09T15:41:00,2025-06-09T15:41:00,3
00113147,Bradshaw Street,2025-06-09,2025-06-09T16:03:00,2025-06-09T16:02:00,24
00261521,Elm Street,2025-06-09,2025-06-09T16:07:00,2025-06-09T16:07:00,40
00113264,Ocean Avenue,2025-06-09,2025-06-09T16:12:00,2025-06-09T16:16:00,34
00115521,Jump Street,2025-06-09,2025-06-09T16:15:00,2025-06-09T16:25:00,29
00311532,Fury Road,2025-06-09,2025-06-09T16:22:00,2025-06-09T16:27:00,13
00662113,Cloverfield Lane,2025-06-09,2025-06-09T16:41:00,2025-06-09T16:37:00,3
00113147,Bradshaw Street,2025-06-09,2025-06-09T17:03:00,2025-06-09T16:58:00,16
00261521,Elm Street,2025-06-09,2025-06-09T17:07:00,2025-06-09T17:10:00,41
00113264,Ocean Avenue,2025-06-09,2025-06-09T17:12:00,2025-06-09T17:11:00,24
00115521,Jump Street,2025-06-09,2025-06-09T17:15:00,2025-06-09T17:22:00,32
00311532,Fury Road,2025-06-09,2025-06-09T17:22:00,2025-06-09T17:28:00,14
00662113,Cloverfield Lane,2025-06-09,2025-06-09T17:41:00,2025-06-09T17:40:00,9
00113147,Bradshaw Street,2025-06-09,2025-06-09T18:03:00,2025-06-09T17:58:00,9
00261521,Elm Street,2025-06-09,2025-06-09T18:07:00,2025-06-09T18:09:00,41
00113264,Ocean Avenue,2025-06-09,2025-06-09T18:12:00,2025-06-09T18:14:00,22
00115521,Jump Street,2025-06-09,2025-06-09T18:15:00,2025-06-09T18:25:00,40
00311532,Fury Road,2025-06-09,2025-06-09T18:22:00,2025-06-09T18:22:00,19
00662113,Cloverfield Lane,2025-06-09,2025-06-09T18:41:00,2025-06-09T18:41:00,2
00113147,Bradshaw Street,2025-06-09,2025-06-09T19:03:00,2025-06-09T18:58:00,7
00261521,Elm Street,2025-06-09,2025-06-09T19:07:00,2025-06-09T19:06:00,34
00113264,Ocean Avenue,2025-06-09,2025-06-09T19:12:00,2025-06-09T19:11:00,22
00115521,Jump Street,2025-06-09,2025-06-09T19:15:00,2025-06-09T19:23:00,9
00311532,Fury Road,2025-06-09,2025-06-09T19:22:00,2025-06-09T19:27:00,5
00662113,Cloverfield Lane,2025-06-09,2025-06-09T19:41:00,2025-06-09T19:37:00,8
00113147,Bradshaw Street,2025-06-09,2025-06-09T20:03:00,2025-06-09T20:00:00,7
00261521,Elm Street,2025-06-09,2025-06-09T20:07:00,2025-06-09T20:07:00,19
00113264,Ocean Avenue,2025-06-09,2025-06-09T20:12:00,2025-06-09T20:15:00,1
00115521,Jump Street,2025-06-09,2025-06-09T20:15:00,2025-06-09T20:22:00,3
00311532,Fury Road,2025-06-09,2025-06-09T20:22:00,2025-06-09T20:29:00,14
00662113,Cloverfield Lane,2025-06-09,2025-06-09T20:41:00,2025-06-09T20:40:00,7
00113147,Bradshaw Street,2025-06-09,2025-06-09T21:03:00,2025-06-09T21:01:00,10
00261521,Elm Street,2025-06-09,2025-06-09T21:07:00,2025-06-09T21:07:00,28
00113264,Ocean Avenue,2025-06-09,2025-06-09T21:12:00,2025-06-09T21:15:00,21
00115521,Jump Street,2025-06-09,2025-06-09T21:15:00,2025-06-09T21:26:00,4
00311532,Fury Road,2025-06-09,2025-06-09T21:22:00,2025-06-09T21:28:00,8
00662113,Cloverfield Lane,2025-06-09,2025-06-09T21:41:00,2025-06-09T21:40:00,6
00113147,Bradshaw Street,2025-06-10,2025-06-10T06:03:00,2025-06-10T06:00:00,13
00261521,Elm Street,2025-06-10,2025-06-10T06:07:00,2025-06-10T06:06:00,4
00113264,Ocean Avenue,2025-06-10,2025-06-10T06:12:00,2025-06-10T06:16:00,12
00115521,Jump Street,2025-06-10,2025-06-10T06:15:00,2025-06-10T06:24:00,15
00311532,Fury Road,2025-06-10,2025-06-10T06:22:00,2025-06-10T06:24:00,6
00662113,Cloverfield Lane,2025-06-10,2025-06-10T06:41:00,2025-06-10T06:39:00,0
00113147,Bradshaw Street,2025-06-10,2025-06-10T07:03:00,2025-06-10T07:00:00,24
00261521,Elm Street,2025-06-10,2025-06-10T07:07:00,none,0
00113264,Ocean Avenue,2025-06-10,2025-06-10T07:12:00,2025-06-10T07:13:00,53
00115521,Jump Street,2025-06-10,2025-06-10T07:15:00,2025-06-10T07:25:00,15
00311532,Fury Road,2025-06-10,2025-06-10T07:22:00,2025-06-10T07:30:00,12
00662113,Cloverfield Lane,2025-06-10,2025-06-10T07:41:00,2025-06-10T07:38:00,5
00113147,Bradshaw Street,2025-06-10,2025-06-10T08:03:00,2025-06-10T07:59:00,34
00261521,Elm Street,2025-06-10,2025-06-10T08:07:00,2025-06-10T08:07:00,60
00113264,Ocean Avenue,2025-06-10,2025-06-10T08:12:00,2025-06-10T08:17:00,39
00115521,Jump Street,2025-06-10,2025-06-10T08:15:00,2025-06-10T08:23:00,19
00311532,Fury Road,2025-06-10,2025-06-10T08:22:00,2025-06-10T08:24:00,9
00662113,Cloverfield Lane,2025-06-10,2025-06-10T08:41:00,2025-06-10T08:39:00,8
00113147,Bradshaw Street,2025-06-10,2025-06-10T09:03:00,2025-06-10T09:01:00,25
00261521,Elm Street,2025-06-10,2025-06-10T09:07:00,2025-06-10T09:10:00,55
00113264,Ocean Avenue,2025-06-10,2025-06-10T09:12:00,2025-06-10T09:14:00,37
00115521,Jump Street,2025-06-10,2025-06-10T09:15:00,2025-06-10T09:26:00,23
00311532,Fury Road,2025-06-10,2025-06-10T09:22:00,2025-06-10T09:26:00,13
00662113,Cloverfield Lane,2025-06-10,2025-06-10T09:41:00,2025-06-10T09:40:00,10
00113147,Bradshaw Street,2025-06-10,2025-06-10T10:03:00,2025-06-10T10:03:00,12
00261521,Elm Street,2025-06-10,2025-06-10T10:07:00,2025-06-10T10:09:00,30
00113264,Ocean Avenue,2025-06-10,2025-06-10T10:12:00,2025-06-10T10:18:00,17
00115521,Jump Street,2025-06-10,2025-06-10T10:15:00,2025-06-10T10:23:00,20
00311532,Fury Road,2025-06-10,2025-06-10T10:22:00,2025-06-10T10:25:00,8
00662113,Cloverfield Lane,2025-06-10,2025-06-10T10:41:00,2025-06-10T10:38:00,3
00113147,Bradshaw Street,2025-06-10,2025-06-10T11:03:00,2025-06-10T11:00:00,14
00261521,Elm Street,2025-06-10,2025-06-10T11:07:00,2025-06-10T11:08:00,23
00113264,Ocean Avenue,2025-06-10,2025-06-10T11:12:00,2025-06-10T11:13:00,15
00115521,Jump Street,2025-06-10,2025-06-10T11:15:00,2025-06-10T11:21:00,22
00311532,Fury Road,2025-06-10,2025-06-10T11:22:00,2025-06-10T11:30:00,2
00662113,Cloverfield Lane,2025-06-10,2025-06-10T11:41:00,2025-06-10T11:40:00,8
00113147,Bradshaw Street,2025-06-10,2025-06-10T12:03:00,2025-06-10T11:57:00,15
00261521,Elm Street,2025-06-10,2025-06-10T12:07:00,2025-06-10T12:08:00,36
00113264,Ocean Avenue,2025-06-10,2025-06-10T12:12:00,2025-06-10T12:12:00,25
00115521,Jump Street,2025-06-10,2025-06-10T12:15:00,2025-06-10T12:28:00,19
00311532,Fury Road,2025-06-10,2025-06-10T12:22:00,2025-06-10T12:27:00,13
00662113,Cloverfield Lane,2025-06-10,2025-06-10T12:41:00,2025-06-10T12:38:00,5
00113147,Bradshaw Street,2025-06-10,2025-06-10T13:03:00,2025-06-10T12:58:00,19
00261521,Elm Street,2025-06-10,2025-06-10T13:07:00,2025-06-10T13:10:00,8
00113264,Ocean Avenue,2025-06-10,2025-06-10T13:12:00,2025-06-10T13:11:00,15
00115521,Jump Street,2025-06-10,2025-06-10T13:15:00,2025-06-10T13:23:00,14
00311532,Fury Road,2025-06-10,2025-06-10T13:22:00,2025-06-10T13:30:00,19
00662113,Cloverfield Lane,2025-06-10,2025-06-10T13:41:00,2025-06-10T13:40:00,5
00113147,Bradshaw Street,2025-06-10,2025-06-10T14:03:00,2025-06-10T14:01:00,1
00261521,Elm Street,2025-06-10,2025-06-10T14:07:00,2025-06-10T14:06:00,34
00113264,Ocean Avenue,2025-06-10,2025-06-10T14:12:00,2025-06-10T14:13:00,29
00115521,Jump Street,2025-06-10,2025-06-10T14:15:00,2025-06-10T14:24:00,12
00311532,Fury Road,2025-06-10,2025-06-10T14:22:00,2025-06-10T14:30:00,12
00662113,Cloverfield Lane,2025-06-10,2025-06-10T14:41:00,2025-06-10T14:41:00,3
00113147,Bradshaw Street,2025-06-10,2025-06-10T15:03:00,2025-06-10T15:03:00,6
00261521,Elm Street,2025-06-10,2025-06-10T15:07:00,2025-06-10T15:07:00,48
00113264,Ocean Avenue,2025-06-10,2025-06-10T15:12:00,2025-06-10T15:11:00,30
00115521,Jump Street,2025-06-10,2025-06-10T15:15:00,2025-06-10T15:24:00,13
00311532,Fury Road,2025-06-10,2025-06-10T15:22:00,2025-06-10T15:27:00,3
00662113,Cloverfield Lane,2025-06-10,2025-06-10T15:41:00,2025-06-10T15:40:00,7
00113147,Bradshaw Street,2025-06-10,2025-06-10T16:03:00,2025-06-10T16:04:00,17
00261521,Elm Street,2025-06-10,2025-06-10T16:07:00,2025-06-10T16:04:00,53
00113264,Ocean Avenue,2025-06-10,2025-06-10T16:12:00,2025-06-10T16:18:00,26
00115521,Jump Street,2025-06-10,2025-06-10T16:15:00,2025-06-10T16:24:00,27
00311532,Fury Road,2025-06-10,2025-06-10T16:22:00,2025-06-10T16:26:00,15
00662113,Cloverfield Lane,2025-06-10,2025-06-10T16:41:00,2025-06-10T16:40:00,0
00113147,Bradshaw Street,2025-06-10,2025-06-10T17:03:00,2025-06-10T17:00:00,15
00261521,Elm Street,2025-06-10,2025-06-10T17:07:00,2025-06-10T17:07:00,43
00113264,Ocean Avenue,2025-06-10,2025-06-10T17:12:00,2025-06-10T17:15:00,30
00115521,Jump Street,2025-06-10,2025-06-10T17:15:00,2025-06-10T17:22:00,26
00311532,Fury Road,2025-06-10,2025-06-10T17:22:00,2025-06-10T17:24:00,16
00662113,Cloverfield Lane,2025-06-10,2025-06-10T17:41:00,2025-06-10T17:39:00,7
00113147,Bradshaw Street,2025-06-10,2025-06-10T18:03:00,2025-06-10T18:00:00,33
00261521,Elm Street,2025-06-10,2025-06-10T18:07:00,2025-06-10T18:07:00,49
00113264,Ocean Avenue,2025-06-10,2025-06-10T18:12:00,2025-06-10T18:15:00,45
00115521,Jump Street,2025-06-10,2025-06-10T18:15:00,2025-06-10T18:25:00,45
00311532,Fury Road,2025-06-10,2025-06-10T18:22:00,2025-06-10T18:28:00,11
00662113,Cloverfield Lane,2025-06-10,2025-06-10T18:41:00,2025-06-10T18:38:00,10
00113147,Bradshaw Street,2025-06-10,2025-06-10T19:03:00,2025-06-10T18:58:00,13
00261521,Elm Street,2025-06-10,2025-06-10T19:07:00,2025-06-10T19:07:00,17
00113264,Ocean Avenue,2025-06-10,2025-06-10T19:12:00,2025-06-10T19:17:00,20
00115521,Jump Street,2025-06-10,2025-06-10T19:15:00,2025-06-10T19:25:00,25
00311532,Fury Road,2025-06-10,2025-06-10T19:22:00,2025-06-10T19:24:00,0
00662113,Cloverfield Lane,2025-06-10,2025-06-10T19:41:00,2025-06-10T19:40:00,10
00113147,Bradshaw Street,2025-06-10,2025-06-10T20:03:00,2025-06-10T20:00:00,5
00261521,Elm Street,2025-06-10,2025-06-10T20:07:00,2025-06-10T20:06:00,0
00113264,Ocean Avenue,2025-06-10,2025-06-10T20:12:00,2025-06-10T20:16:00,9
00115521,Jump Street,2025-06-10,2025-06-10T20:15:00,2025-06-10T20:26:00,16
00311532,Fury Road,2025-06-10,2025-06-10T20:22:00,2025-06-10T20:23:00,1
00662113,Cloverfield Lane,2025-06-10,2025-06-10T20:41:00,2025-06-10T20:39:00,7
00113147,Bradshaw Street,2025-06-10,2025-06-10T21:03:00,2025-06-10T20:58:00,4
00261521,Elm Street,2025-06-10,2025-06-10T21:07:00,2025-06-10T21:10:00,19
00113264,Ocean Avenue,2025-06-10,2025-06-10T21:12:00,2025-06-10T21:14:00,29
00115521,Jump Street,2025-06-10,2025-06-10T21:15:00,2025-06-10T21:24:00,14
00311532,Fury Road,2025-06-10,2025-06-10T21:22:00,2025-06-10T21:29:00,10
00662113,Cloverfield Lane,2025-06-10,2025-06-10T21:41:00,2025-06-10T21:40:00,4
00113147,Bradshaw Street,2025-06-11,2025-06-11T06:03:00,2025-06-11T06:00:00,5
00261521,Elm Street,2025-06-11,2025-06-11T06:07:00,2025-06-11T06:08:00,12
00113264,Ocean Avenue,2025-06-11,2025-06-11T06:12:00,2025-06-11T06:19:00,19
00115521,Jump Street,2025-06-11,2025-06-11T06:15:00,2025-06-11T06:26:00,5
00311532,Fury Road,2025-06-11,2025-06-11T06:22:00,2025-06-11T06:27:00,10
00662113,Cloverfield Lane,2025-06-11,2025-06-11T06:41:00,2025-06-11T06:42:00,7
00113147,Bradshaw Street,2025-06-11,2025-06-11T07:03:00,2025-06-11T07:03:00,25
00261521,Elm Street,2025-06-11,2025-06-11T07:07:00,2025-06-11T07:06:00,44
00113264,Ocean Avenue,2025-06-11,2025-06-11T07:12:00,2025-06-11T07:12:00,43
00115521,Jump Street,2025-06-11,2025-06-11T07:15:00,2025-06-11T07:26:00,25
00311532,Fury Road,2025-06-11,2025-06-11T07:22:00,2025-06-11T07:26:00,9
00662113,Cloverfield Lane,2025-06-11,2025-06-11T07:41:00,2025-06-11T07:41:00,6
00113147,Bradshaw Street,2025-06-11,2025-06-11T08:03:00,2025-06-11T07:58:00,28
00261521,Elm Street,2025-06-11,2025-06-11T08:07:00,2025-06-11T08:07:00,58
00113264,Ocean Avenue,2025-06-11,2025-06-11T08:12:00,2025-06-11T08:12:00,53
00115521,Jump Street,2025-06-11,2025-06-11T08:15:00,2025-06-11T08:27:00,21
00311532,Fury Road,2025-06-11,2025-06-11T08:22:00,2025-06-11T08:29:00,9
00662113,Cloverfield Lane,2025-06-11,2025-06-11T08:41:00,2025-06-11T08:40:00,7
00113147,Bradshaw Street,2025-06-11,2025-06-11T09:03:00,2025-06-11T08:57:00,21
00261521,Elm Street,2025-06-11,2025-06-11T09:07:00,2025-06-11T09:09:00,47
00113264,Ocean Avenue,2025-06-11,2025-06-11T09:12:00,2025-06-11T09:16:00,51
00115521,Jump Street,2025-06-11,2025-06-11T09:15:00,2025-06-11T09:23:00,35
00311532,Fury Road,2025-06-11,2025-06-11T09:22:00,2025-06-11T09:24:00,5
00662113,Cloverfield Lane,2025-06-11,2025-06-11T09:41:00,2025-06-11T09:40:00,5
00113147,Bradshaw Street,2025-06-11,2025-06-11T10:03:00,2025-06-11T10:00:00,17
00261521,Elm Street,2025-06-11,2025-06-11T10:07:00,2025-06-11T10:09:00,14
00113264,Ocean Avenue,2025-06-11,2025-06-11T10:12:00,2025-06-11T10:13:00,17
00115521,Jump Street,2025-06-11,2025-06-11T10:15:00,2025-06-11T10:26:00,20
00311532,Fury Road,2025-06-11,2025-06-11T10:22:00,2025-06-11T10:29:00,10
00662113,Cloverfield Lane,2025-06-11,2025-06-11T10:41:00,2025-06-11T10:41:00,5
00113147,Bradshaw Street,2025-06-11,2025-06-11T11:03:00,2025-06-11T11:00:00,19
00261521,Elm Street,2025-06-11,2025-06-11T11:07:00,2025-06-11T11:09:00,14
00113264,Ocean Avenue,2025-06-11,2025-06-11T11:12:00,2025-06-11T11:16:00,21
00115521,Jump Street,2025-06-11,2025-06-11T11:15:00,2025-06-11T11:25:00,25
00311532,Fury Road,2025-06-11,2025-06-11T11:22:00,2025-06-11T11:27:00,14
00662113,Cloverfield Lane,2025-06-11,2025-06-11T11:41:00,2025-06-11T11:43:00,3
00113147,Bradshaw Street,2025-06-11,2025-06-11T12:03:00,2025-06-11T12:01:00,14
00261521,Elm Street,2025-06-11,2025-06-11T12:07:00,2025-06-11T12:10:00,23
00113264,Ocean Avenue,2025-06-11,2025-06-11T12:12:00,2025-06-11T12:17:00,21
00115521,Jump Street,2025-06-11,2025-06-11T12:15:00,2025-06-11T12:22:00,18
00311532,Fury Road,2025-06-11,2025-06-11T12:22:00,2025-06-11T12:25:00,21
00662113,Cloverfield Lane,2025-06-11,2025-06-11T12:41:00,2025-06-11T12:40:00,7
00113147,Bradshaw Street,2025-06-11,2025-06-11T13:03:00,2025-06-11T12:58:00,18
00261521,Elm Street,2025-06-11,2025-06-11T13:07:00,2025-06-11T13:08:00,33
00113264,Ocean Avenue,2025-06-11,2025-06-11T13:12:00,2025-06-11T13:13:00,19
00115521,Jump Street,2025-06-11,2025-06-11T13:15:00,2025-06-11T13:24:00,25
00311532,Fury Road,2025-06-11,2025-06-11T13:22:00,2025-06-11T13:27:00,10
00662113,Cloverfield Lane,2025-06-11,2025-06-11T13:41:00,2025-06-11T13:38:00,8
00113147,Bradshaw Street,2025-06-11,2025-06-11T14:03:00,2025-06-11T14:00:00,6
00261521,Elm Street,2025-06-11,2025-06-11T14:07:00,2025-06-11T14:12:00,27
00113264,Ocean Avenue,2025-06-11,2025-06-11T14:12:00,2025-06-11T14:19:00,24
00115521,Jump Street,2025-06-11,2025-06-11T14:15:00,2025-06-11T14:22:00,24
00311532,Fury Road,2025-06-11,2025-06-11T14:22:00,2025-06-11T14:26:00,6
00662113,Cloverfield Lane,2025-06-11,2025-06-11T14:41:00,2025-06-11T14:39:00,6
00113147,Bradshaw Street,2025-06-11,2025-06-11T15:03:00,2025-06-11T15:00:00,10
00261521,Elm Street,2025-06-11,2025-06-11T15:07:00,2025-06-11T15:06:00,13
00113264,Ocean Avenue,2025-06-11,2025-06-11T15:12:00,2025-06-11T15:15:00,10
00115521,Jump Street,2025-06-11,2025-06-11T15:15:00,2025-06-11T15:27:00,32
00311532,Fury Road,2025-06-11,2025-06-11T15:22:00,2025-06-11T15:30:00,6
00662113,Cloverfield Lane,2025-06-11,2025-06-11T15:41:00,2025-06-11T15:40:00,10
00113147,Bradshaw Street,2025-06-11,2025-06-11T16:03:00,2025-06-11T15:58:00,14
00261521,Elm Street,2025-06-11,2025-06-11T16:07:00,2025-06-11T16:05:00,32
00113264,Ocean Avenue,2025-06-11,2025-06-11T16:12:00,2025-06-11T16:14:00,44
00115521,Jump Street,2025-06-11,2025-06-11T16:15:00,2025-06-11T16:23:00,34
00311532,Fury Road,2025-06-11,2025-06-11T16:22:00,2025-06-11T16:23:00,15
00662113,Cloverfield Lane,2025-06-11,2025-06-11T16:41:00,2025-06-11T16:39:00,5
00113147,Bradshaw Street,2025-06-11,2025-06-11T17:03:00,2025-06-11T17:01:00,13
00261521,Elm Street,2025-06-11,2025-06-11T17:07:00,none,0
00113264,Ocean Avenue,2025-06-11,2025-06-11T17:12:00,2025-06-11T17:11:00,20
00115521,Jump Street,2025-06-11,2025-06-11T17:15:00,2025-06-11T17:25:00,31
00311532,Fury Road,2025-06-11,2025-06-11T17:22:00,2025-06-11T17:27:00,9
00662113,Cloverfield Lane,2025-06-11,2025-06-11T17:41:00,2025-06-11T17:41:00,8
00113147,Bradshaw Street,2025-06-11,2025-06-11T18:03:00,2025-06-11T18:01:00,22
00261521,Elm Street,2025-06-11,2025-06-11T18:07:00,2025-06-11T18:11:00,35
00113264,Ocean Avenue,2025-06-11,2025-06-11T18:12:00,2025-06-11T18:15:00,33
00115521,Jump Street,2025-06-11,2025-06-11T18:15:00,2025-06-11T18:22:00,35
00311532,Fury Road,2025-06-11,2025-06-11T18:22:00,2025-06-11T18:30:00,10
00662113,Cloverfield Lane,2025-06-11,2025-06-11T18:41:00,2025-06-11T18:39:00,3
00113147,Bradshaw Street,2025-06-11,2025-06-11T19:03:00,2025-06-11T19:00:00,11
00261521,Elm Street,2025-06-11,2025-06-11T19:07:00,2025-06-11T19:11:00,19
00113264,Ocean Avenue,2025-06-11,2025-06-11T19:12:00,2025-06-11T19:13:00,23
00115521,Jump Street,2025-06-11,2025-06-11T19:15:00,2025-06-11T19:23:00,18
00311532,Fury Road,2025-06-11,2025-06-11T19:22:00,2025-06-11T19:25:00,9
00662113,Cloverfield Lane,2025-06-11,2025-06-11T19:41:00,2025-06-11T19:42:00,5
00113147,Bradshaw Street,2025-06-11,2025-06-11T20:03:00,2025-06-11T20:01:00,25
00261521,Elm Street,2025-06-11,2025-06-11T20:07:00,2025-06-11T20:09:00,29
00113264,Ocean Avenue,2025-06-11,2025-06-11T20:12:00,2025-06-11T20:13:00,19
00115521,Jump Street,2025-06-11,2025-06-11T20:15:00,2025-06-11T20:23:00,10
00311532,Fury Road,2025-06-11,2025-06-11T20:22:00,2025-06-11T20:24:00,6
00662113,Cloverfield Lane,2025-06-11,2025-06-11T20:41:00,2025-06-11T20:40:00,2
00113147,Bradshaw Street,2025-06-11,2025-06-11T21:03:00,2025-06-11T20:58:00,12
00261521,Elm Street,2025-06-11,2025-06-11T21:07:00,2025-06-11T21:10:00,32
00113264,Ocean Avenue,2025-06-11,2025-06-11T21:12:00,2025-06-11T21:15:00,19
00115521,Jump Street,2025-06-11,2025-06-11T21:15:00,2025-06-11T21:24:00,18
00311532,Fury Road,2025-06-11,2025-06-11T21:22:00,2025-06-11T21:27:00,7
00662113,Cloverfield Lane,2025-06-11,2025-06-11T21:41:00,2025-06-11T21:40:00,3
00113147,Bradshaw Street,2025-06-12,2025-06-12T06:03:00,2025-06-12T06:00:00,13
00261521,Elm Street,2025-06-12,2025-06-12T06:07:00,2025-06-12T06:08:00,17
00113264,Ocean Avenue,2025-06-12,2025-06-12T06:12:00,2025-06-12T06:18:00,11
00115521,Jump Street,2025-06-12,2025-06-12T06:15:00,2025-06-12T06:26:00,17
00311532,Fury Road,2025-06-12,2025-06-12T06:22:00,2025-06-12T06:27:00,1
00662113,Cloverfield Lane,2025-06-12,2025-06-12T06:41:00,2025-06-12T06:39:00,2
00113147,Bradshaw Street,2025-06-12,2025-06-12T07:03:00,2025-06-12T07:00:00,23
00261521,Elm Street,2025-06-12,2025-06-12T07:07:00,2025-06-12T07:11:00,59
00113264,Ocean Avenue,2025-06-12,2025-06-12T07:12:00,2025-06-12T07:14:00,35
00115521,Jump Street,2025-06-12,2025-06-12T07:15:00,2025-06-12T07:29:00,30
00311532,Fury Road,2025-06-12,2025-06-12T07:22:00,2025-06-12T07:29:00,9
00662113,Cloverfield Lane,2025-06-12,2025-06-12T07:41:00,2025-06-12T07:40:00,8
00113147,Bradshaw Street,2025-06-12,2025-06-12T08:03:00,2025-06-12T08:04:00,16
00261521,Elm Street,2025-06-12,2025-06-12T08:07:00,2025-06-12T08:07:00,47
00113264,Ocean Avenue,2025-06-12,2025-06-12T08:12:00,2025-06-12T08:15:00,41
00115521,Jump Street,2025-06-12,2025-06-12T08:15:00,2025-06-12T08:24:00,28
00311532,Fury Road,2025-06-12,2025-06-12T08:22:00,2025-06-12T08:28:00,6
00662113,Cloverfield Lane,2025-06-12,2025-06-12T08:41:00,2025-06-12T08:40:00,4
00113147,Bradshaw Street,2025-06-12,2025-06-12T09:03:00,2025-06-12T09:00:00,20
00261521,Elm Street,2025-06-12,2025-06-12T09:07:00,2025-06-12T09:10:00,44
00113264,Ocean Avenue,2025-06-12,2025-06-12T09:12:00,2025-06-12T09:17:00,34
00115521,Jump Street,2025-06-12,2025-06-12T09:15:00,2025-06-12T09:22:00,41
00311532,Fury Road,2025-06-12,2025-06-12T09:22:00,2025-06-12T09:27:00,10
00662113,Cloverfield Lane,2025-06-12,2025-06-12T09:41:00,2025-06-12T09:41:00,2
00113147,Bradshaw Street,2025-06-12,2025-06-12T10:03:00,2025-06-12T10:00:00,20
00261521,Elm Street,2025-06-12,2025-06-12T10:07:00,2025-06-12T10:08:00,34
00113264,Ocean Avenue,2025-06-12,2025-06-12T10:12:00,2025-06-12T10:17:00,21
00115521,Jump Street,2025-06-12,2025-06-12T10:15:00,2025-06-12T10:25:00,2
00311532,Fury Road,2025-06-12,2025-06-12T10:22:00,2025-06-12T10:24:00,4
00662113,Cloverfield Lane,2025-06-12,2025-06-12T10:41:00,2025-06-12T10:42:00,9
00113147,Bradshaw Street,2025-06-12,2025-06-12T11:03:00,2025-06-12T11:01:00,16
00261521,Elm Street,2025-06-12,2025-06-12T11:07:00,2025-06-12T11:08:00,27
00113264,Ocean Avenue,2025-06-12,2025-06-12T11:12:00,2025-06-12T11:15:00,30
00115521,Jump Street,2025-06-12,2025-06-12T11:15:00,2025-06-12T11:24:00,6
00311532,Fury Road,2025-06-12,2025-06-12T11:22:00,2025-06-12T11:26:00,7
00662113,Cloverfield Lane,2025-06-12,2025-06-12T11:41:00,2025-06-12T11:39:00,9
00113147,Bradshaw Street,2025-06-12,2025-06-12T12:03:00,2025-06-12T11:59:00,16
00261521,Elm Street,2025-06-12,2025-06-12T12:07:00,2025-06-12T12:11:00,40
00113264,Ocean Avenue,2025-06-12,2025-06-12T12:12:00,2025-06-12T12:13:00,26
00115521,Jump Street,2025-06-12,2025-06-12T12:15:00,2025-06-12T12:26:00,14
00311532,Fury Road,2025-06-12,2025-06-12T12:22:00,2025-06-12T12:26:00,8
00662113,Cloverfield Lane,2025-06-12,2025-06-12T12:41:00,2025-06-12T12:38:00,8
00113147,Bradshaw Street,2025-06-12,2025-06-12T13:03:00,2025-06-12T12:58:00,17
00261521,Elm Street,2025-06-12,2025-06-12T13:07:00,2025-06-12T13:09:00,32
00113264,Ocean Avenue,2025-06-12,2025-06-12T13:12:00,2025-06-12T13:13:00,23
00115521,Jump Street,2025-06-12,2025-06-12T13:15:00,2025-06-12T13:28:00,15
00311532,Fury Road,2025-06-12,2025-06-12T13:22:00,2025-06-12T13:26:00,12
00662113,Cloverfield Lane,2025-06-12,2025-06-12T13:41:00,2025-06-12T13:40:00,8
00113147,Bradshaw Street,2025-06-12,2025-06-12T14:03:00,2025-06-12T13:59:00,14
00261521,Elm Street,2025-06-12,2025-06-12T14:07:00,2025-06-12T14:06:00,42
00113264,Ocean Avenue,2025-06-12,2025-06-12T14:12:00,2025-06-12T14:16:00,14
00115521,Jump Street,2025-06-12,2025-06-12T14:15:00,2025-06-12T14:22:00,21
00311532,Fury Road,2025-06-12,2025-06-12T14:22:00,2025-06-12T14:29:00,15
00662113,Cloverfield Lane,2025-06-12,2025-06-12T14:41:00,2025-06-12T14:39:00,11
00113147,Bradshaw Street,2025-06-12,2025-06-12T15:03:00,2025-06-12T14:59:00,12
00261521,Elm Street,2025-06-12,2025-06-12T15:07:00,2025-06-12T15:06:00,23
00113264,Ocean Avenue,2025-06-12,2025-06-12T15:12:00,2025-06-12T15:16:00,28
00115521,Jump Street,2025-06-12,2025-06-12T15:15:00,2025-06-12T15:24:00,27
00311532,Fury Road,2025-06-12,2025-06-12T15:22:00,2025-06-12T15:28:00,12
00662113,Cloverfield Lane,2025-06-12,2025-06-12T15:41:00,2025-06-12T15:38:00,11
00113147,Bradshaw Street,2025-06-12,2025-06-12T16:03:00,2025-06-12T16:01:00,16
00261521,Elm Street,2025-06-12,2025-06-12T16:07:00,2025-06-12T16:09:00,47
00113264,Ocean Avenue,2025-06-12,2025-06-12T16:12:00,2025-06-12T16:16:00,45
00115521,Jump Street,2025-06-12,2025-06-12T16:15:00,2025-06-12T16:25:00,35
00311532,Fury Road,2025-06-12,2025-06-12T16:22:00,2025-06-12T16:27:00,15
00662113,Cloverfield Lane,2025-06-12,2025-06-12T16:41:00,2025-06-12T16:41:00,7
00113147,Bradshaw Street,2025-06-12,2025-06-12T17:03:00,2025-06-12T16:59:00,23
00261521,Elm Street,2025-06-12,2025-06-12T17:07:00,2025-06-12T17:09:00,43
00113264,Ocean Avenue,2025-06-12,2025-06-12T17:12:00,2025-06-12T17:14:00,25
00115521,Jump Street,2025-06-12,2025-06-12T17:15:00,2025-06-12T17:26:00,34
00311532,Fury Road,2025-06-12,2025-06-12T17:22:00,2025-06-12T17:24:00,6
00662113,Cloverfield Lane,2025-06-12,2025-06-12T17:41:00,2025-06-12T17:39:00,3
00113147,Bradshaw Street,2025-06-12,2025-06-12T18:03:00,2025-06-12T18:01:00,8
00261521,Elm Street,2025-06-12,2025-06-12T18:07:00,2025-06-12T18:02:00,51
00113264,Ocean Avenue,2025-06-12,2025-06-12T18:12:00,2025-06-12T18:18:00,31
00115521,Jump Street,2025-06-12,2025-06-12T18:15:00,2025-06-12T18:25:00,32
00311532,Fury Road,2025-06-12,2025-06-12T18:22:00,2025-06-12T18:26:00,12
00662113,Cloverfield Lane,2025-06-12,2025-06-12T18:41:00,2025-06-12T18:41:00,7
00113147,Bradshaw Street,2025-06-12,2025-06-12T19:03:00,2025-06-12T19:02:00,4
00261521,Elm Street,2025-06-12,2025-06-12T19:07:00,2025-06-12T19:07:00,7
00113264,Ocean Avenue,2025-06-12,2025-06-12T19:12:00,2025-06-12T19:14:00,23
00115521,Jump Street,2025-06-12,2025-06-12T19:15:00,2025-06-12T19:25:00,15
00311532,Fury Road,2025-06-12,2025-06-12T19:22:00,2025-06-12T19:21:00,11
00662113,Cloverfield Lane,2025-06-12,2025-06-12T19:41:00,2025-06-12T19:41:00,7
00113147,Bradshaw Street,2025-06-12,2025-06-12T20:03:00,2025-06-12T19:59:00,11
00261521,Elm Street,2025-06-12,2025-06-12T20:07:00,2025-06-12T20:10:00,15
00113264,Ocean Avenue,2025-06-12,2025-06-12T20:12:00,2025-06-12T20:16:00,19
00115521,Jump Street,2025-06-12,2025-06-12T20:15:00,2025-06-12T20:23:00,24
00311532,Fury Road,2025-06-12,2025-06-12T20:22:00,2025-06-12T20:28:00,13
00662113,Cloverfield Lane,2025-06-12,2025-06-12T20:41:00,2025-06-12T20:39:00,9
00113147,Bradshaw Street,2025-06-12,2025-06-12T21:03:00,2025-06-12T21:00:00,4
00261521,Elm Street,2025-06-12,2025-06-12T21:07:00,2025-06-12T21:08:00,17
00113264,Ocean Avenue,2025-06-12,2025-06-12T21:12:00,2025-06-12T21:16:00,23
00115521,Jump Street,2025-06-12,2025-06-12T21:15:00,2025-06-12T21:24:00,26
00311532,Fury Road,2025-06-12,2025-06-12T21:22:00,2025-06-12T21:29:00,8
00662113,Cloverfield Lane,2025-06-12,2025-06-12T21:41:00,2025-06-12T21:39:00,0
00113147,Bradshaw Street,2025-06-13,2025-06-13T06:03:00,2025-06-13T06:00:00,2
00261521,Elm Street,2025-06-13,2025-06-13T06:07:00,2025-06-13T06:07:00,15
00113264,Ocean Avenue,2025-06-13,2025-06-13T06:12:00,2025-06-13T06:15:00,1
00115521,Jump Street,2025-06-13,2025-06-13T06:15:00,2025-06-13T06:24:00,5
00311532,Fury Road,2025-06-13,2025-06-13T06:22:00,2025-06-13T06:26:00,5
00662113,Cloverfield Lane,2025-06-13,2025-06-13T06:41:00,2025-06-13T06:41:00,5
00113147,Bradshaw Street,2025-06-13,2025-06-13T07:03:00,2025-06-13T06:58:00,20
00261521,Elm Street,2025-06-13,2025-06-13T07:07:00,2025-06-13T07:08:00,28
00113264,Ocean Avenue,2025-06-13,2025-06-13T07:12:00,2025-06-13T07:16:00,36
00115521,Jump Street,2025-06-13,2025-06-13T07:15:00,2025-06-13T07:24:00,24
00311532,Fury Road,2025-06-13,2025-06-13T07:22:00,2025-06-13T07:28:00,12
00662113,Cloverfield Lane,2025-06-13,2025-06-13T07:41:00,2025-06-13T07:39:00,3
00113147,Bradshaw Street,2025-06-13,2025-06-13T08:03:00,2025-06-13T07:59:00,19
00261521,Elm Street,2025-06-13,2025-06-13T08:07:00,2025-06-13T08:05:00,44
00113264,Ocean Avenue,2025-06-13,2025-06-13T08:12:00,2025-06-13T08:15:00,49
00115521,Jump Street,2025-06-13,2025-06-13T08:15:00,2025-06-13T08:26:00,36
00311532,Fury Road,2025-06-13,2025-06-13T08:22:00,2025-06-13T08:28:00,10
00662113,Cloverfield Lane,2025-06-13,2025-06-13T08:41:00,2025-06-13T08:39:00,3
00113147,Bradshaw Street,2025-06-13,2025-06-13T09:03:00,2025-06-13T08:59:00,24
00261521,Elm Street,2025-06-13,2025-06-13T09:07:00,2025-06-13T09:06:00,59
00113264,Ocean Avenue,2025-06-13,2025-06-13T09:12:00,2025-06-13T09:18:00,35
00115521,Jump Street,2025-06-13,2025-06-13T09:15:00,2025-06-13T09:22:00,22
00311532,Fury Road,2025-06-13,2025-06-13T09:22:00,2025-06-13T09:31:00,15
00662113,Cloverfield Lane,2025-06-13,2025-06-13T09:41:00,2025-06-13T09:40:00,4
00113147,Bradshaw Street,2025-06-13,2025-06-13T10:03:00,2025-06-13T09:58:00,21
00261521,Elm Street,2025-06-13,2025-06-13T10:07:00,2025-06-13T10:07:00,2
00113264,Ocean Avenue,2025-06-13,2025-06-13T10:12:00,2025-06-13T10:16:00,26
00115521,Jump Street,2025-06-13,2025-06-13T10:15:00,2025-06-13T10:28:00,11
00311532,Fury Road,2025-06-13,2025-06-13T10:22:00,2025-06-13T10:30:00,3
00662113,Cloverfield Lane,2025-06-13,2025-06-13T10:41:00,2025-06-13T10:43:00,9
00113147,Bradshaw Street,2025-06-13,2025-06-13T11:03:00,2025-06-13T10:59:00,27
00261521,Elm Street,2025-06-13,2025-06-13T11:07:00,2025-06-13T11:08:00,22
00113264,Ocean Avenue,2025-06-13,2025-06-13T11:12:00,2025-06-13T11:17:00,28
00115521,Jump Street,2025-06-13,2025-06-13T11:15:00,2025-06-13T11:25:00,25
00311532,Fury Road,2025-06-13,2025-06-13T11:22:00,2025-06-13T11:27:00,10
00662113,Cloverfield Lane,2025-06-13,2025-06-13T11:41:00,2025-06-13T11:38:00,5
00113147,Bradshaw Street,2025-06-13,2025-06-13T12:03:00,2025-06-13T11:59:00,16
00261521,Elm Street,2025-06-13,2025-06-13T12:07:00,2025-06-13T12:09:00,18
00113264,Ocean Avenue,2025-06-13,2025-06-13T12:12:00,2025-06-13T12:16:00,28
00115521,Jump Street,2025-06-13,2025-06-13T12:15:00,2025-06-13T12:27:00,17
00311532,Fury Road,2025-06-13,2025-06-13T12:22:00,2025-06-13T12:29:00,7
00662113,Cloverfield Lane,2025-06-13,2025-06-13T12:41:00,2025-06-13T12:38:00,9
00113147,Bradshaw Street,2025-06-13,2025-06-13T13:03:00,2025-06-13T13:01:00,17
00261521,Elm Street,2025-06-13,2025-06-13T13:07:00,2025-06-13T13:10:00,46
00113264,Ocean Avenue,2025-06-13,2025-06-13T13:12:00,2025-06-13T13:14:00,17
00115521,Jump Street,2025-06-13,2025-06-13T13:15:00,2025-06-13T13:25:00,14
00311532,Fury Road,2025-06-13,2025-06-13T13:22:00,2025-06-13T13:27:00,11
00662113,Cloverfield Lane,2025-06-13,2025-06-13T13:41:00,2025-06-13T13:39:00,8
00113147,Bradshaw Street,2025-06-13,2025-06-13T14:03:00,2025-06-13T14:00:00,13
00261521,Elm Street,2025-06-13,2025-06-13T14:07:00,2025-06-13T14:10:00,47
00113264,Ocean Avenue,2025-06-13,2025-06-13T14:12:00,2025-06-13T14:16:00,34
00115521,Jump Street,2025-06-13,2025-06-13T14:15:00,2025-06-13T14:23:00,19
00311532,Fury Road,2025-06-13,2025-06-13T14:22:00,2025-06-13T14:23:00,10
00662113,Cloverfield Lane,2025-06-13,2025-06-13T14:41:00,2025-06-13T14:41:00,4
00113147,Bradshaw Street,2025-06-13,2025-06-13T15:03:00,2025-06-13T14:59:00,9
00261521,Elm Street,2025-06-13,2025-06-13T15:07:00,2025-06-13T15:09:00,28
00113264,Ocean Avenue,2025-06-13,2025-06-13T15:12:00,2025-06-13T15:14:00,15
00115521,Jump Street,2025-06-13,2025-06-13T15:15:00,2025-06-13T15:22:00,20
00311532,Fury Road,2025-06-13,2025-06-13T15:22:00,2025-06-13T15:24:00,13
00662113,Cloverfield Lane,2025-06-13,2025-06-13T15:41:00,2025-06-13T15:39:00,5
00113147,Bradshaw Street,2025-06-13,2025-06-13T16:03:00,2025-06-13T16:01:00,12
00261521,Elm Street,2025-06-13,2025-06-13T16:07:00,2025-06-13T16:09:00,56
00113264,Ocean Avenue,2025-06-13,2025-06-13T16:12:00,2025-06-13T16:14:00,31
00115521,Jump Street,2025-06-13,2025-06-13T16:15:00,2025-06-13T16:21:00,22
00311532,Fury Road,2025-06-13,2025-06-13T16:22:00,2025-06-13T16:26:00,12
00662113,Cloverfield Lane,2025-06-13,2025-06-13T16:41:00,2025-06-13T16:37:00,4
00113147,Bradshaw Street,2025-06-13,2025-06-13T17:03:00,2025-06-13T17:01:00,15
00261521,Elm Street,2025-06-13,2025-06-13T17:07:00,2025-06-13T17:09:00,39
00113264,Ocean Avenue,2025-06-13,2025-06-13T17:12:00,2025-06-13T17:16:00,27
00115521,Jump Street,2025-06-13,2025-06-13T17:15:00,2025-06-13T17:27:00,24
00311532,Fury Road,2025-06-13,2025-06-13T17:22:00,2025-06-13T17:34:00,10
00662113,Cloverfield Lane,2025-06-13,2025-06-13T17:41:00,2025-06-13T17:43:00,5
00113147,Bradshaw Street,2025-06-13,2025-06-13T18:03:00,2025-06-13T18:01:00,12
00261521,Elm Street,2025-06-13,2025-06-13T18:07:00,2025-06-13T18:11:00,34
00113264,Ocean Avenue,2025-06-13,2025-06-13T18:12:00,2025-06-13T18:18:00,25
00115521,Jump Street,2025-06-13,2025-06-13T18:15:00,2025-06-13T18:24:00,42
00311532,Fury Road,2025-06-13,2025-06-13T18:22:00,2025-06-13T18:25:00,3
00662113,Cloverfield Lane,2025-06-13,2025-06-13T18:41:00,2025-06-13T18:40:00,12
00113147,Bradshaw Street,2025-06-13,2025-06-13T19:03:00,2025-06-13T19:00:00,19
00261521,Elm Street,2025-06-13,2025-06-13T19:07:00,2025-06-13T19:09:00,24
00113264,Ocean Avenue,2025-06-13,2025-06-13T19:12:00,2025-06-13T19:15:00,15
00115521,Jump Street,2025-06-13,2025-06-13T19:15:00,2025-06-13T19:25:00,14
00311532,Fury Road,2025-06-13,2025-06-13T19:22:00,none,0
00662113,Cloverfield Lane,2025-06-13,2025-06-13T19:41:00,2025-06-13T19:40:00,5
00113147,Bradshaw Street,2025-06-13,2025-06-13T20:03:00,2025-06-13T20:00:00,0
00261521,Elm Street,2025-06-13,2025-06-13T20:07:00,2025-06-13T20:06:00,27
00113264,Ocean Avenue,2025-06-13,2025-06-13T20:12:00,2025-06-13T20:16:00,14
00115521,Jump Street,2025-06-13,2025-06-13T20:15:00,2025-06-13T20:25:00,19
00311532,Fury Road,2025-06-13,2025-06-13T20:22:00,2025-06-13T20:25:00,10
00662113,Cloverfield Lane,2025-06-13,2025-06-13T20:41:00,2025-06-13T20:40:00,3
00113147,Bradshaw Street,2025-06-13,2025-06-13T21:03:00,2025-06-13T21:01:00,4
00261521,Elm Street,2025-06-13,2025-06-13T21:07:00,2025-06-13T21:09:00,16
00113264,Ocean Avenue,2025-06-13,2025-06-13T21:12:00,2025-06-13T21:16:00,10
00115521,Jump Street,2025-06-13,2025-06-13T21:15:00,2025-06-13T21:26:00,16
00311532,Fury Road,2025-06-13,2025-06-13T21:22:00,2025-06-13T21:26:00,0
00662113,Cloverfield Lane,2025-06-13,2025-06-13T21:41:00,2025-06-13T21:39:00,6
00113147,Bradshaw Street,2025-06-14,2025-06-14T06:03:00,2025-06-14T05:59:00,10
00261521,Elm Street,2025-06-14,2025-06-14T06:07:00,2025-06-14T06:08:00,10
00113264,Ocean Avenue,2025-06-14,2025-06-14T06:12:00,2025-06-14T06:17:00,20
00115521,Jump Street,2025-06-14,2025-06-14T06:15:00,2025-06-14T06:21:00,2
00311532,Fury Road,2025-06-14,2025-06-14T06:22:00,2025-06-14T06:26:00,0
00662113,Cloverfield Lane,2025-06-14,2025-06-14T06:41:00,2025-06-14T06:36:00,0
00113147,Bradshaw Street,2025-06-14,2025-06-14T07:03:00,2025-06-14T07:00:00,14
00261521,Elm Street,2025-06-14,2025-06-14T07:07:00,2025-06-14T07:10:00,39
00113264,Ocean Avenue,2025-06-14,2025-06-14T07:12:00,2025-06-14T07:14:00,36
00115521,Jump Street,2025-06-14,2025-06-14T07:15:00,2025-06-14T07:27:00,3
00311532,Fury Road,2025-06-14,2025-06-14T07:22:00,2025-06-14T07:26:00,5
00662113,Cloverfield Lane,2025-06-14,2025-06-14T07:41:00,2025-06-14T07:40:00,1
00113147,Bradshaw Street,2025-06-14,2025-06-14T08:03:00,2025-06-14T07:59:00,6
00261521,Elm Street,2025-06-14,2025-06-14T08:07:00,2025-06-14T08:13:00,44
00113264,Ocean Avenue,2025-06-14,2025-06-14T08:12:00,2025-06-14T08:14:00,35
00115521,Jump Street,2025-06-14,2025-06-14T08:15:00,2025-06-14T08:23:00,12
00311532,Fury Road,2025-06-14,2025-06-14T08:22:00,2025-06-14T08:28:00,4
00662113,Cloverfield Lane,2025-06-14,2025-06-14T08:41:00,2025-06-14T08:41:00,5
00113147,Bradshaw Street,2025-06-14,2025-06-14T09:03:00,2025-06-14T09:01:00,15
00261521,Elm Street,2025-06-14,2025-06-14T09:07:00,2025-06-14T09:09:00,38
00113264,Ocean Avenue,2025-06-14,2025-06-14T09:12:00,2025-06-14T09:13:00,26
00115521,Jump Street,2025-06-14,2025-06-14T09:15:00,2025-06-14T09:25:00,20
00311532,Fury Road,2025-06-14,2025-06-14T09:22:00,2025-06-14T09:30:00,0
00662113,Cloverfield Lane,2025-06-14,2025-06-14T09:41:00,2025-06-14T09:36:00,9
00113147,Bradshaw Street,2025-06-14,2025-06-14T10:03:00,2025-06-14T09:58:00,7
00261521,Elm Street,2025-06-14,2025-06-14T10:07:00,2025-06-14T10:04:00,17
00113264,Ocean Avenue,2025-06-14,2025-06-14T10:12:00,2025-06-14T10:18:00,15
00115521,Jump Street,2025-06-14,2025-06-14T10:15:00,2025-06-14T10:23:00,20
00311532,Fury Road,2025-06-14,2025-06-14T10:22:00,2025-06-14T10:23:00,11
00662113,Cloverfield Lane,2025-06-14,2025-06-14T10:41:00,2025-06-14T10:41:00,5
00113147,Bradshaw Street,2025-06-14,2025-06-14T11:03:00,2025-06-14T11:01:00,4
00261521,Elm Street,2025-06-14,2025-06-14T11:07:00,2025-06-14T11:11:00,9
00113264,Ocean Avenue,2025-06-14,2025-06-14T11:12:00,2025-06-14T11:17:00,5
00115521,Jump Street,2025-06-14,2025-06-14T11:15:00,2025-06-14T11:26:00,5
00311532,Fury Road,2025-06-14,2025-06-14T11:22:00,2025-06-14T11:25:00,2
00662113,Cloverfield Lane,2025-06-14,2025-06-14T11:41:00,2025-06-14T11:38:00,5
00113147,Bradshaw Street,2025-06-14,2025-06-14T12:03:00,2025-06-14T12:01:00,14
00261521,Elm Street,2025-06-14,2025-06-14T12:07:00,2025-06-14T12:07:00,20
00113264,Ocean Avenue,2025-06-14,2025-06-14T12:12:00,2025-06-14T12:15:00,24
00115521,Jump Street,2025-06-14,2025-06-14T12:15:00,2025-06-14T12:25:00,16
00311532,Fury Road,2025-06-14,2025-06-14T12:22:00,2025-06-14T12:29:00,0
00662113,Cloverfield Lane,2025-06-14,2025-06-14T12:41:00,2025-06-14T12:37:00,0
00113147,Bradshaw Street,2025-06-14,2025-06-14T13:03:00,2025-06-14T13:01:00,6
00261521,Elm Street,2025-06-14,2025-06-14T13:07:00,2025-06-14T13:09:00,13
00113264,Ocean Avenue,2025-06-14,2025-06-14T13:12:00,2025-06-14T13:13:00,16
00115521,Jump Street,2025-06-14,2025-06-14T13:15:00,2025-06-14T13:24:00,7
00311532,Fury Road,2025-06-14,2025-06-14T13:22:00,2025-06-14T13:29:00,5
00662113,Cloverfield Lane,2025-06-14,2025-06-14T13:41:00,2025-06-14T13:41:00,3
00113147,Bradshaw Street,2025-06-14,2025-06-14T14:03:00,2025-06-14T13:59:00,0
00261521,Elm Street,2025-06-14,2025-06-14T14:07:00,2025-06-14T14:08:00,11
00113264,Ocean Avenue,2025-06-14,2025-06-14T14:12:00,2025-06-14T14:16:00,2
00115521,Jump Street,2025-06-14,2025-06-14T14:15:00,2025-06-14T14:23:00,6
00311532,Fury Road,2025-06-14,2025-06-14T14:22:00,2025-06-14T14:24:00,8
00662113,Cloverfield Lane,2025-06-14,2025-06-14T14:41:00,2025-06-14T14:41:00,6
00113147,Bradshaw Street,2025-06-14,2025-06-14T15:03:00,2025-06-14T14:58:00,0
00261521,Elm Street,2025-06-14,2025-06-14T15:07:00,2025-06-14T15:09:00,25
00113264,Ocean Avenue,2025-06-14,2025-06-14T15:12:00,2025-06-14T15:12:00,11
00115521,Jump Street,2025-06-14,2025-06-14T15:15:00,2025-06-14T15:22:00,6
00311532,Fury Road,2025-06-14,2025-06-14T15:22:00,2025-06-14T15:26:00,3
00662113,Cloverfield Lane,2025-06-14,2025-06-14T15:41:00,2025-06-14T15:37:00,2
00113147,Bradshaw Street,2025-06-14,2025-06-14T16:03:00,2025-06-14T16:02:00,16
00261521,Elm Street,2025-06-14,2025-06-14T16:07:00,2025-06-14T16:06:00,13
00113264,Ocean Avenue,2025-06-14,2025-06-14T16:12:00,none,0
00115521,Jump Street,2025-06-14,2025-06-14T16:15:00,2025-06-14T16:24:00,21
00311532,Fury Road,2025-06-14,2025-06-14T16:22:00,2025-06-14T16:30:00,2
00662113,Cloverfield Lane,2025-06-14,2025-06-14T16:41:00,2025-06-14T16:40:00,1
00113147,Bradshaw Street,2025-06-14,2025-06-14T17:03:00,2025-06-14T17:01:00,4
00261521,Elm Street,2025-06-14,2025-06-14T17:07:00,2025-06-14T17:07:00,25
00113264,Ocean Avenue,2025-06-14,2025-06-14T17:12:00,2025-06-14T17:18:00,29
00115521,Jump Street,2025-06-14,2025-06-14T17:15:00,2025-06-14T17:24:00,25
00311532,Fury Road,2025-06-14,2025-06-14T17:22:00,2025-06-14T17:25:00,10
00662113,Cloverfield Lane,2025-06-14,2025-06-14T17:41:00,2025-06-14T17:39:00,4
00113147,Bradshaw Street,2025-06-14,2025-06-14T18:03:00,2025-06-14T18:00:00,6
00261521,Elm Street,2025-06-14,2025-06-14T18:07:00,2025-06-14T18:08:00,23
00113264,Ocean Avenue,2025-06-14,2025-06-14T18:12:00,2025-06-14T18:15:00,16
00115521,Jump Street,2025-06-14,2025-06-14T18:15:00,2025-06-14T18:27:00,12
00311532,Fury Road,2025-06-14,2025-06-14T18:22:00,2025-06-14T18:27:00,6
00662113,Cloverfield Lane,2025-06-14,2025-06-14T18:41:00,2025-06-14T18:39:00,6
00113147,Bradshaw Street,2025-06-14,2025-06-14T19:03:00,2025-06-14T19:00:00,3
00261521,Elm Street,2025-06-14,2025-06-14T19:07:00,2025-06-14T19:11:00,13
00113264,Ocean Avenue,2025-06-14,2025-06-14T19:12:00,2025-06-14T19:17:00,3
00115521,Jump Street,2025-06-14,2025-06-14T19:15:00,2025-06-14T19:25:00,0
00311532,Fury Road,2025-06-14,2025-06-14T19:22:00,2025-06-14T19:28:00,2
00662113,Cloverfield Lane,2025-06-14,2025-06-14T19:41:00,2025-06-14T19:39:00,6
00113147,Bradshaw Street,2025-06-14,2025-06-14T20:03:00,2025-06-14T20:01:00,13
00261521,Elm Street,2025-06-14,2025-06-14T20:07:00,2025-06-14T20:06:00,14
00113264,Ocean Avenue,2025-06-14,2025-06-14T20:12:00,2025-06-14T20:15:00,24
00115521,Jump Street,2025-06-14,2025-06-14T20:15:00,2025-06-14T20:24:00,10
00311532,Fury Road,2025-06-14,2025-06-14T20:22:00,2025-06-14T20:24:00,1
00662113,Cloverfield Lane,2025-06-14,2025-06-14T20:41:00,2025-06-14T20:41:00,7
00113147,Bradshaw Street,2025-06-14,2025-06-14T21:03:00,2025-06-14T21:03:00,4
00261521,Elm Street,2025-06-14,2025-06-14T21:07:00,2025-06-14T21:05:00,18
00113264,Ocean Avenue,2025-06-14,2025-06-14T21:12:00,2025-06-14T21:14:00,8
00115521,Jump Street,2025-06-14,2025-06-14T21:15:00,2025-06-14T21:24:00,6
00311532,Fury Road,2025-06-14,2025-06-14T21:22:00,2025-06-14T21:22:00,9
00662113,Cloverfield Lane,2025-06-14,2025-06-14T21:41:00,2025-06-14T21:39:00,5
00113147,Bradshaw Street,2025-06-15,2025-06-15T06:03:00,2025-06-15T05:58:00,5
00261521,Elm Street,2025-06-15,2025-06-15T06:07:00,none,0
00113264,Ocean Avenue,2025-06-15,2025-06-15T06:12:00,2025-06-15T06:16:00,17
00115521,Jump Street,2025-06-15,2025-06-15T06:15:00,2025-06-15T06:26:00,9
00311532,Fury Road,2025-06-15,2025-06-15T06:22:00,2025-06-15T06:29:00,2
00662113,Cloverfield Lane,2025-06-15,2025-06-15T06:41:00,2025-06-15T06:40:00,7
00113147,Bradshaw Street,2025-06-15,2025-06-15T07:03:00,2025-06-15T07:01:00,15
00261521,Elm Street,2025-06-15,2025-06-15T07:07:00,2025-06-15T07:05:00,40
00113264,Ocean Avenue,2025-06-15,2025-06-15T07:12:00,2025-06-15T07:13:00,15
00115521,Jump Street,2025-06-15,2025-06-15T07:15:00,2025-06-15T07:26:00,2
00311532,Fury Road,2025-06-15,2025-06-15T07:22:00,2025-06-15T07:29:00,0
00662113,Cloverfield Lane,2025-06-15,2025-06-15T07:41:00,2025-06-15T07:37:00,4
00113147,Bradshaw Street,2025-06-15,2025-06-15T08:03:00,2025-06-15T08:01:00,22
00261521,Elm Street,2025-06-15,2025-06-15T08:07:00,2025-06-15T08:03:00,26
00113264,Ocean Avenue,2025-06-15,2025-06-15T08:12:00,2025-06-15T08:13:00,20
00115521,Jump Street,2025-06-15,2025-06-15T08:15:00,2025-06-15T08:24:00,17
00311532,Fury Road,2025-06-15,2025-06-15T08:22:00,2025-06-15T08:26:00,2
00662113,Cloverfield Lane,2025-06-15,2025-06-15T08:41:00,2025-06-15T08:40:00,1
00113147,Bradshaw Street,2025-06-15,2025-06-15T09:03:00,2025-06-15T08:57:00,4
00261521,Elm Street,2025-06-15,2025-06-15T09:07:00,2025-06-15T09:08:00,40
00113264,Ocean Avenue,2025-06-15,2025-06-15T09:12:00,2025-06-15T09:14:00,31
00115521,Jump Street,2025-06-15,2025-06-15T09:15:00,2025-06-15T09:25:00,6
00311532,Fury Road,2025-06-15,2025-06-15T09:22:00,2025-06-15T09:29:00,9
00662113,Cloverfield Lane,2025-06-15,2025-06-15T09:41:00,2025-06-15T09:38:00,4
00113147,Bradshaw Street,2025-06-15,2025-06-15T10:03:00,2025-06-15T09:59:00,1
00261521,Elm Street,2025-06-15,2025-06-15T10:07:00,2025-06-15T10:09:00,11
00113264,Ocean Avenue,2025-06-15,2025-06-15T10:12:00,2025-06-15T10:16:00,8
00115521,Jump Street,2025-06-15,2025-06-15T10:15:00,2025-06-15T10:22:00,7
00311532,Fury Road,2025-06-15,2025-06-15T10:22:00,2025-06-15T10:26:00,9
00662113,Cloverfield Lane,2025-06-15,2025-06-15T10:41:00,2025-06-15T10:36:00,0
00113147,Bradshaw Street,2025-06-15,2025-06-15T11:03:00,2025-06-15T11:00:00,9
00261521,Elm Street,2025-06-15,2025-06-15T11:07:00,2025-06-15T11:08:00,27
00113264,Ocean Avenue,2025-06-15,2025-06-15T11:12:00,2025-06-15T11:15:00,22
00115521,Jump Street,2025-06-15,2025-06-15T11:15:00,2025-06-15T11:22:00,11
00311532,Fury Road,2025-06-15,2025-06-15T11:22:00,2025-06-15T11:29:00,0
00662113,Cloverfield Lane,2025-06-15,2025-06-15T11:41:00,2025-06-15T11:37:00,1
00113147,Bradshaw Street,2025-06-15,2025-06-15T12:03:00,2025-06-15T11:58:00,1
00261521,Elm Street,2025-06-15,2025-06-15T12:07:00,2025-06-15T12:07:00,17
00113264,Ocean Avenue,2025-06-15,2025-06-15T12:12:00,2025-06-15T12:17:00,14
00115521,Jump Street,2025-06-15,2025-06-15T12:15:00,2025-06-15T12:29:00,22
00311532,Fury Road,2025-06-15,2025-06-15T12:22:00,2025-06-15T12:27:00,0
00662113,Cloverfield Lane,2025-06-15,2025-06-15T12:41:00,2025-06-15T12:41:00,7
00113147,Bradshaw Street,2025-06-15,2025-06-15T13:03:00,2025-06-15T12:59:00,12
00261521,Elm Street,2025-06-15,2025-06-15T13:07:00,2025-06-15T13:07:00,17
00113264,Ocean Avenue,2025-06-15,2025-06-15T13:12:00,2025-06-15T13:17:00,19
00115521,Jump Street,2025-06-15,2025-06-15T13:15:00,2025-06-15T13:22:00,12
00311532,Fury Road,2025-06-15,2025-06-15T13:22:00,2025-06-15T13:24:00,6
00662113,Cloverfield Lane,2025-06-15,2025-06-15T13:41:00,2025-06-15T13:39:00,3
00113147,Bradshaw Street,2025-06-15,2025-06-15T14:03:00,2025-06-15T14:00:00,14
00261521,Elm Street,2025-06-15,2025-06-15T14:07:00,2025-06-15T14:07:00,22
00113264,Ocean Avenue,2025-06-15,2025-06-15T14:12:00,2025-06-15T14:17:00,11
00115521,Jump Street,2025-06-15,2025-06-15T14:15:00,2025-06-15T14:25:00,8
00311532,Fury Road,2025-06-15,2025-06-15T14:22:00,2025-06-15T14:28:00,9
00662113,Cloverfield Lane,2025-06-15,2025-06-15T14:41:00,2025-06-15T14:38:00,2
00113147,Bradshaw Street,2025-06-15,2025-06-15T15:03:00,2025-06-15T15:01:00,9
00261521,Elm Street,2025-06-15,2025-06-15T15:07:00,2025-06-15T15:09:00,19
00113264,Ocean Avenue,2025-06-15,2025-06-15T15:12:00,2025-06-15T15:16:00,12
00115521,Jump Street,2025-06-15,2025-06-15T15:15:00,2025-06-15T15:23:00,9
00311532,Fury Road,2025-06-15,2025-06-15T15:22:00,2025-06-15T15:28:00,3
00662113,Cloverfield Lane,2025-06-15,2025-06-15T15:41:00,2025-06-15T15:40:00,0
00113147,Bradshaw Street,2025-06-15,2025-06-15T16:03:00,2025-06-15T16:03:00,2
00261521,Elm Street,2025-06-15,2025-06-15T16:07:00,2025-06-15T16:06:00,23
00113264,Ocean Avenue,2025-06-15,2025-06-15T16:12:00,2025-06-15T16:15:00,15
00115521,Jump Street,2025-06-15,2025-06-15T16:15:00,2025-06-15T16:21:00,27
00311532,Fury Road,2025-06-15,2025-06-15T16:22:00,2025-06-15T16:25:00,6
00662113,Cloverfield Lane,2025-06-15,2025-06-15T16:41:00,2025-06-15T16:36:00,6
00113147,Bradshaw Street,2025-06-15,2025-06-15T17:03:00,2025-06-15T17:01:00,12
00261521,Elm Street,2025-06-15,2025-06-15T17:07:00,2025-06-15T17:07:00,28
00113264,Ocean Avenue,2025-06-15,2025-06-15T17:12:00,2025-06-15T17:15:00,20
00115521,Jump Street,2025-06-15,2025-06-15T17:15:00,2025-06-15T17:25:00,11
00311532,Fury Road,2025-06-15,2025-06-15T17:22:00,2025-06-15T17:27:00,9
00662113,Cloverfield Lane,2025-06-15,2025-06-15T17:41:00,2025-06-15T17:36:00,6
00113147,Bradshaw Street,2025-06-15,2025-06-15T18:03:00,none,0
00261521,Elm Street,2025-06-15,2025-06-15T18:07:00,2025-06-15T18:07:00,31
00113264,Ocean Avenue,2025-06-15,2025-06-15T18:12:00,2025-06-15T18:17:00,3
00115521,Jump Street,2025-06-15,2025-06-15T18:15:00,2025-06-15T18:23:00,27
00311532,Fury Road,2025-06-15,2025-06-15T18:22:00,2025-06-15T18:31:00,1
00662113,Cloverfield Lane,2025-06-15,2025-06-15T18:41:00,2025-06-15T18:40:00,2
00113147,Bradshaw Street,2025-06-15,2025-06-15T19:03:00,2025-06-15T18:59:00,8
00261521,Elm Street,2025-06-15,2025-06-15T19:07:00,2025-06-15T19:10:00,10
00113264,Ocean Avenue,2025-06-15,2025-06-15T19:12:00,2025-06-15T19:16:00,17
00115521,Jump Street,2025-06-15,2025-06-15T19:15:00,2025-06-15T19:29:00,11
00311532,Fury Road,2025-06-15,2025-06-15T19:22:00,2025-06-15T19:26:00,1
00662113,Cloverfield Lane,2025-06-15,2025-06-15T19:41:00,2025-06-15T19:44:00,4
00113147,Bradshaw Street,2025-06-15,2025-06-15T20:03:00,2025-06-15T19:59:00,0
00261521,Elm Street,2025-06-15,2025-06-15T20:07:00,2025-06-15T20:14:00,3
00113264,Ocean Avenue,2025-06-15,2025-06-15T20:12:00,2025-06-15T20:15:00,15
00115521,Jump Street,2025-06-15,2025-06-15T20:15:00,2025-06-15T20:22:00,2
00311532,Fury Road,2025-06-15,2025-06-15T20:22:00,2025-06-15T20:28:00,13
00662113,Cloverfield Lane,2025-06-15,2025-06-15T20:41:00,2025-06-15T20:40:00,3
00113147,Bradshaw Street,2025-06-15,2025-06-15T21:03:00,2025-06-15T20:59:00,13
00261521,Elm Street,2025-06-15,2025-06-15T21:07:00,2025-06-15T21:07:00,23
00113264,Ocean Avenue,2025-06-15,2025-06-15T21:12:00,2025-06-15T21:14:00,23
00115521,Jump Street,2025-06-15,2025-06-15T21:15:00,2025-06-15T21:25:00,16
00311532,Fury Road,2025-06-15,2025-06-15T21:22:00,2025-06-15T21:25:00,6
00662113,Cloverfield Lane,2025-06-15,2025-06-15T21:41:00,2025-06-15T21:40:00,3
00113147,Bradshaw Street,2025-06-16,2025-06-16T06:03:00,2025-06-16T06:00:00,14
00261521,Elm Street,2025-06-16,2025-06-16T06:07:00,2025-06-16T06:06:00,18
00113264,Ocean Avenue,2025-06-16,2025-06-16T06:12:00,2025-06-16T06:14:00,4
00115521,Jump Street,2025-06-16,2025-06-16T06:15:00,2025-06-16T06:25:00,10
00311532,Fury Road,2025-06-16,2025-06-16T06:22:00,2025-06-16T06:23:00,4
00662113,Cloverfield Lane,2025-06-16,2025-06-16T06:41:00,2025-06-16T06:41:00,3
00113147,Bradshaw Street,2025-06-16,2025-06-16T07:03:00,2025-06-16T07:00:00,25
00261521,Elm Street,2025-06-16,2025-06-16T07:07:00,2025-06-16T07:10:00,49
00113264,Ocean Avenue,2025-06-16,2025-06-16T07:12:00,2025-06-16T07:16:00,38
00115521,Jump Street,2025-06-16,2025-06-16T07:15:00,2025-06-16T07:26:00,35
00311532,Fury Road,2025-06-16,2025-06-16T07:22:00,2025-06-16T07:28:00,12
00662113,Cloverfield Lane,2025-06-16,2025-06-16T07:41:00,2025-06-16T07:39:00,4
00113147,Bradshaw Street,2025-06-16,2025-06-16T08:03:00,2025-06-16T07:57:00,20
00261521,Elm Street,2025-06-16,2025-06-16T08:07:00,2025-06-16T08:06:00,59
00113264,Ocean Avenue,2025-06-16,2025-06-16T08:12:00,2025-06-16T08:15:00,39
00115521,Jump Street,2025-06-16,2025-06-16T08:15:00,2025-06-16T08:23:00,22
00311532,Fury Road,2025-06-16,2025-06-16T08:22:00,2025-06-16T08:24:00,9
00662113,Cloverfield Lane,2025-06-16,2025-06-16T08:41:00,2025-06-16T08:40:00,16
00113147,Bradshaw Street,2025-06-16,2025-06-16T09:03:00,2025-06-16T08:58:00,14
00261521,Elm Street,2025-06-16,2025-06-16T09:07:00,2025-06-16T09:09:00,44
00113264,Ocean Avenue,2025-06-16,2025-06-16T09:12:00,2025-06-16T09:13:00,44
00115521,Jump Street,2025-06-16,2025-06-16T09:15:00,2025-06-16T09:26:00,19
00311532,Fury Road,2025-06-16,2025-06-16T09:22:00,2025-06-16T09:24:00,8
00662113,Cloverfield Lane,2025-06-16,2025-06-16T09:41:00,2025-06-16T09:40:00,6
00113147,Bradshaw Street,2025-06-16,2025-06-16T10:03:00,2025-06-16T09:58:00,20
00261521,Elm Street,2025-06-16,2025-06-16T10:07:00,none,0
00113264,Ocean Avenue,2025-06-16,2025-06-16T10:12:00,2025-06-16T10:16:00,32
00115521,Jump Street,2025-06-16,2025-06-16T10:15:00,2025-06-16T10:24:00,24
00311532,Fury Road,2025-06-16,2025-06-16T10:22:00,2025-06-16T10:28:00,10
00662113,Cloverfield Lane,2025-06-16,2025-06-16T10:41:00,2025-06-16T10:42:00,9
00113147,Bradshaw Street,2025-06-16,2025-06-16T11:03:00,2025-06-16T11:00:00,21
00261521,Elm Street,2025-06-16,2025-06-16T11:07:00,2025-06-16T11:07:00,33
00113264,Ocean Avenue,2025-06-16,2025-06-16T11:12:00,2025-06-16T11:15:00,6
00115521,Jump Street,2025-06-16,2025-06-16T11:15:00,2025-06-16T11:22:00,8
00311532,Fury Road,2025-06-16,2025-06-16T11:22:00,2025-06-16T11:28:00,10
00662113,Cloverfield Lane,2025-06-16,2025-06-16T11:41:00,2025-06-16T11:38:00,5
00113147,Bradshaw Street,2025-06-16,2025-06-16T12:03:00,2025-06-16T11:58:00,24
00261521,Elm Street,2025-06-16,2025-06-16T12:07:00,2025-06-16T12:08:00,47
00113264,Ocean Avenue,2025-06-16,2025-06-16T12:12:00,2025-06-16T12:15:00,38
00115521,Jump Street,2025-06-16,2025-06-16T12:15:00,2025-06-16T12:27:00,16
00311532,Fury Road,2025-06-16,2025-06-16T12:22:00,2025-06-16T12:28:00,10
00662113,Cloverfield Lane,2025-06-16,2025-06-16T12:41:00,2025-06-16T12:38:00,5
00113147,Bradshaw Street,2025-06-16,2025-06-16T13:03:00,2025-06-16T13:01:00,4
00261521,Elm Street,2025-06-16,2025-06-16T13:07:00,2025-06-16T13:07:00,24
00113264,Ocean Avenue,2025-06-16,2025-06-16T13:12:00,2025-06-16T13:15:00,28
00115521,Jump Street,2025-06-16,2025-06-16T13:15:00,2025-06-16T13:24:00,16
00311532,Fury Road,2025-06-16,2025-06-16T13:22:00,2025-06-16T13:28:00,17
00662113,Cloverfield Lane,2025-06-16,2025-06-16T13:41:00,2025-06-16T13:42:00,5
00113147,Bradshaw Street,2025-06-16,2025-06-16T14:03:00,2025-06-16T13:59:00,10
00261521,Elm Street,2025-06-16,2025-06-16T14:07:00,2025-06-16T14:08:00,34
00113264,Ocean Avenue,2025-06-16,2025-06-16T14:12:00,2025-06-16T14:17:00,0
00115521,Jump Street,2025-06-16,2025-06-16T14:15:00,2025-06-16T14:28:00,20
00311532,Fury Road,2025-06-16,2025-06-16T14:22:00,2025-06-16T14:28:00,7
00662113,Cloverfield Lane,2025-06-16,2025-06-16T14:41:00,2025-06-16T14:39:00,11
00113147,Bradshaw Street,2025-06-16,2025-06-16T15:03:00,2025-06-16T15:00:00,14
00261521,Elm Street,2025-06-16,2025-06-16T15:07:00,2025-06-16T15:09:00,22
00113264,Ocean Avenue,2025-06-16,2025-06-16T15:12:00,2025-06-16T15:13:00,27
00115521,Jump Street,2025-06-16,2025-06-16T15:15:00,2025-06-16T15:25:00,10
00311532,Fury Road,2025-06-16,2025-06-16T15:22:00,2025-06-16T15:30:00,9
00662113,Cloverfield Lane,2025-06-16,2025-06-16T15:41:00,2025-06-16T15:41:00,7
00113147,Bradshaw Street,2025-06-16,2025-06-16T16:03:00,2025-06-16T16:00:00,16
00261521,Elm Street,2025-06-16,2025-06-16T16:07:00,2025-06-16T16:08:00,33
00113264,Ocean Avenue,2025-06-16,2025-06-16T16:12:00,2025-06-16T16:15:00,40
00115521,Jump Street,2025-06-16,2025-06-16T16:15:00,2025-06-16T16:26:00,31
00311532,Fury Road,2025-06-16,2025-06-16T16:22:00,2025-06-16T16:26:00,11
00662113,Cloverfield Lane,2025-06-16,2025-06-16T16:41:00,2025-06-16T16:43:00,10
00113147,Bradshaw Street,2025-06-16,2025-06-16T17:03:00,2025-06-16T17:02:00,14
00261521,Elm Street,2025-06-16,2025-06-16T17:07:00,2025-06-16T17:08:00,26
00113264,Ocean Avenue,2025-06-16,2025-06-16T17:12:00,2025-06-16T17:16:00,26
00115521,Jump Street,2025-06-16,2025-06-16T17:15:00,2025-06-16T17:26:00,43
00311532,Fury Road,2025-06-16,2025-06-16T17:22:00,2025-06-16T17:25:00,16
00662113,Cloverfield Lane,2025-06-16,2025-06-16T17:41:00,2025-06-16T17:40:00,9
00113147,Bradshaw Street,2025-06-16,2025-06-16T18:03:00,2025-06-16T18:01:00,14
00261521,Elm Street,2025-06-16,2025-06-16T18:07:00,2025-06-16T18:09:00,38
00113264,Ocean Avenue,2025-06-16,2025-06-16T18:12:00,2025-06-16T18:15:00,25
00115521,Jump Street,2025-06-16,2025-06-16T18:15:00,2025-06-16T18:26:00,45
00311532,Fury Road,2025-06-16,2025-06-16T18:22:00,2025-06-16T18:25:00,13
00662113,Cloverfield Lane,2025-06-16,2025-06-16T18:41:00,2025-06-16T18:37:00,10
00113147,Bradshaw Street,2025-06-16,2025-06-16T19:03:00,2025-06-16T19:01:00,3
00261521,Elm Street,2025-06-16,2025-06-16T19:07:00,2025-06-16T19:07:00,30
00113264,Ocean Avenue,2025-06-16,2025-06-16T19:12:00,2025-06-16T19:14:00,26
00115521,Jump Street,2025-06-16,2025-06-16T19:15:00,2025-06-16T19:25:00,16
00311532,Fury Road,2025-06-16,2025-06-16T19:22:00,2025-06-16T19:31:00,4
00662113,Cloverfield Lane,2025-06-16,2025-06-16T19:41:00,2025-06-16T19:37:00,7
00113147,Bradshaw Street,2025-06-16,2025-06-16T20:03:00,2025-06-16T19:59:00,20
00261521,Elm Street,2025-06-16,2025-06-16T20:07:00,2025-06-16T20:05:00,23
00113264,Ocean Avenue,2025-06-16,2025-06-16T20:12:00,2025-06-16T20:14:00,30
00115521,Jump Street,2025-06-16,2025-06-16T20:15:00,2025-06-16T20:24:00,21
00311532,Fury Road,2025-06-16,2025-06-16T20:22:00,2025-06-16T20:29:00,7
00662113,Cloverfield Lane,2025-06-16,2025-06-16T20:41:00,2025-06-16T20:39:00,1
00113147,Bradshaw Street,2025-06-16,2025-06-16T21:03:00,2025-06-16T21:02:00,11
00261521,Elm Street,2025-06-16,2025-06-16T21:07:00,2025-06-16T21:10:00,17
00113264,Ocean Avenue,2025-06-16,2025-06-16T21:12:00,2025-06-16T21:13:00,16
00115521,Jump Street,2025-06-16,2025-06-16T21:15:00,2025-06-16T21:23:00,14
00311532,Fury Road,2025-06-16,2025-06-16T21:22:00,2025-06-16T21:27:00,6
00662113,Cloverfield Lane,2025-06-16,2025-06-16T21:41:00,2025-06-16T21:40:00,7
00113147,Bradshaw Street,2025-06-17,2025-06-17T06:03:00,2025-06-17T06:00:00,3
00261521,Elm Street,2025-06-17,2025-06-17T06:07:00,2025-06-17T06:11:00,11
00113264,Ocean Avenue,2025-06-17,2025-06-17T06:12:00,2025-06-17T06:13:00,17
00115521,Jump Street,2025-06-17,2025-06-17T06:15:00,2025-06-17T06:24:00,13
00311532,Fury Road,2025-06-17,2025-06-17T06:22:00,2025-06-17T06:24:00,11
00662113,Cloverfield Lane,2025-06-17,2025-06-17T06:41:00,2025-06-17T06:40:00,4
00113147,Bradshaw Street,2025-06-17,2025-06-17T07:03:00,2025-06-17T07:02:00,26
00261521,Elm Street,2025-06-17,2025-06-17T07:07:00,2025-06-17T07:09:00,41
00113264,Ocean Avenue,2025-06-17,2025-06-17T07:12:00,2025-06-17T07:19:00,38
00115521,Jump Street,2025-06-17,2025-06-17T07:15:00,2025-06-17T07:26:00,13
00311532,Fury Road,2025-06-17,2025-06-17T07:22:00,2025-06-17T07:23:00,5
00662113,Cloverfield Lane,2025-06-17,2025-06-17T07:41:00,2025-06-17T07:37:00,9
00113147,Bradshaw Street,2025-06-17,2025-06-17T08:03:00,2025-06-17T08:00:00,32
00261521,Elm Street,2025-06-17,2025-06-17T08:07:00,2025-06-17T08:11:00,41
00113264,Ocean Avenue,2025-06-17,2025-06-17T08:12:00,2025-06-17T08:14:00,32
00115521,Jump Street,2025-06-17,2025-06-17T08:15:00,2025-06-17T08:25:00,34
00311532,Fury Road,2025-06-17,2025-06-17T08:22:00,2025-06-17T08:24:00,2
00662113,Cloverfield Lane,2025-06-17,2025-06-17T08:41:00,2025-06-17T08:40:00,14
00113147,Bradshaw Street,2025-06-17,2025-06-17T09:03:00,2025-06-17T09:00:00,16
00261521,Elm Street,2025-06-17,2025-06-17T09:07:00,2025-06-17T09:07:00,56
00113264,Ocean Avenue,2025-06-17,2025-06-17T09:12:00,2025-06-17T09:14:00,28
00115521,Jump Street,2025-06-17,2025-06-17T09:15:00,2025-06-17T09:23:00,30
00311532,Fury Road,2025-06-17,2025-06-17T09:22:00,2025-06-17T09:24:00,10
00662113,Cloverfield Lane,2025-06-17,2025-06-17T09:41:00,2025-06-17T09:38:00,2
00113147,Bradshaw Street,2025-06-17,2025-06-17T10:03:00,2025-06-17T10:01:00,19
00261521,Elm Street,2025-06-17,2025-06-17T10:07:00,2025-06-17T10:11:00,29
00113264,Ocean Avenue,2025-06-17,2025-06-17T10:12:00,2025-06-17T10:19:00,19
00115521,Jump Street,2025-06-17,2025-06-17T10:15:00,2025-06-17T10:24:00,20
00311532,Fury Road,2025-06-17,2025-06-17T10:22:00,2025-06-17T10:28:00,7
00662113,Cloverfield Lane,2025-06-17,2025-06-17T10:41:00,2025-06-17T10:39:00,3
00113147,Bradshaw Street,2025-06-17,2025-06-17T11:03:00,2025-06-17T11:01:00,11
00261521,Elm Street,2025-06-17,2025-06-17T11:07:00,2025-06-17T11:06:00,30
00113264,Ocean Avenue,2025-06-17,2025-06-17T11:12:00,2025-06-17T11:15:00,32
00115521,Jump Street,2025-06-17,2025-06-17T11:15:00,2025-06-17T11:26:00,13
00311532,Fury Road,2025-06-17,2025-06-17T11:22:00,2025-06-17T11:34:00,12
00662113,Cloverfield Lane,2025-06-17,2025-06-17T11:41:00,2025-06-17T11:40:00,11
00113147,Bradshaw Street,2025-06-17,2025-06-17T12:03:00,2025-06-17T11:59:00,16
00261521,Elm Street,2025-06-17,2025-06-17T12:07:00,2025-06-17T12:07:00,40
00113264,Ocean Avenue,2025-06-17,2025-06-17T12:12:00,2025-06-17T12:17:00,12
00115521,Jump Street,2025-06-17,2025-06-17T12:15:00,2025-06-17T12:26:00,12
00311532,Fury Road,2025-06-17,2025-06-17T12:22:00,2025-06-17T12:30:00,0
00662113,Cloverfield Lane,2025-06-17,2025-06-17T12:41:00,2025-06-17T12:40:00,10
00113147,Bradshaw Street,2025-06-17,2025-06-17T13:03:00,2025-06-17T13:02:00,21
00261521,Elm Street,2025-06-17,2025-06-17T13:07:00,2025-06-17T13:09:00,31
00113264,Ocean Avenue,2025-06-17,2025-06-17T13:12:00,2025-06-17T13:15:00,20
00115521,Jump Street,2025-06-17,2025-06-17T13:15:00,2025-06-17T13:21:00,18
00311532,Fury Road,2025-06-17,2025-06-17T13:22:00,2025-06-17T13:26:00,10
00662113,Cloverfield Lane,2025-06-17,2025-06-17T13:41:00,2025-06-17T13:42:00,8
00113147,Bradshaw Street,2025-06-17,2025-06-17T14:03:00,2025-06-17T14:01:00,4
00261521,Elm Street,2025-06-17,2025-06-17T14:07:00,2025-06-17T14:09:00,33
00113264,Ocean Avenue,2025-06-17,2025-06-17T14:12:00,2025-06-17T14:15:00,14
00115521,Jump Street,2025-06-17,2025-06-17T14:15:00,2025-06-17T14:26:00,23
00311532,Fury Road,2025-06-17,2025-06-17T14:22:00,2025-06-17T14:30:00,9
00662113,Cloverfield Lane,2025-06-17,2025-06-17T14:41:00,2025-06-17T14:38:00,6
00113147,Bradshaw Street,2025-06-17,2025-06-17T15:03:00,2025-06-17T15:00:00,19
00261521,Elm Street,2025-06-17,2025-06-17T15:07:00,2025-06-17T15:09:00,38
00113264,Ocean Avenue,2025-06-17,2025-06-17T15:12:00,2025-06-17T15:13:00,17
00115521,Jump Street,2025-06-17,2025-06-17T15:15:00,2025-06-17T15:24:00,29
00311532,Fury Road,2025-06-17,2025-06-17T15:22:00,2025-06-17T15:24:00,13
00662113,Cloverfield Lane,2025-06-17,2025-06-17T15:41:00,2025-06-17T15:38:00,11
00113147,Bradshaw Street,2025-06-17,2025-06-17T16:03:00,2025-06-17T16:00:00,13
00261521,Elm Street,2025-06-17,2025-06-17T16:07:00,none,0
00113264,Ocean Avenue,2025-06-17,2025-06-17T16:12:00,2025-06-17T16:17:00,35
00115521,Jump Street,2025-06-17,2025-06-17T16:15:00,2025-06-17T16:23:00,42
00311532,Fury Road,2025-06-17,2025-06-17T16:22:00,2025-06-17T16:27:00,16
00662113,Cloverfield Lane,2025-06-17,2025-06-17T16:41:00,2025-06-17T16:44:00,10
00113147,Bradshaw Street,2025-06-17,2025-06-17T17:03:00,2025-06-17T16:59:00,7
00261521,Elm Street,2025-06-17,2025-06-17T17:07:00,2025-06-17T17:08:00,29
00113264,Ocean Avenue,2025-06-17,2025-06-17T17:12:00,2025-06-17T17:17:00,32
00115521,Jump Street,2025-06-17,2025-06-17T17:15:00,2025-06-17T17:22:00,45
00311532,Fury Road,2025-06-17,2025-06-17T17:22:00,2025-06-17T17:27:00,10
00662113,Cloverfield Lane,2025-06-17,2025-06-17T17:41:00,2025-06-17T17:41:00,7
00113147,Bradshaw Street,2025-06-17,2025-06-17T18:03:00,2025-06-17T18:01:00,15
00261521,Elm Street,2025-06-17,2025-06-17T18:07:00,2025-06-17T18:10:00,33
00113264,Ocean Avenue,2025-06-17,2025-06-17T18:12:00,2025-06-17T18:17:00,27
00115521,Jump Street,2025-06-17,2025-06-17T18:15:00,2025-06-17T18:24:00,29
00311532,Fury Road,2025-06-17,2025-06-17T18:22:00,2025-06-17T18:26:00,14
00662113,Cloverfield Lane,2025-06-17,2025-06-17T18:41:00,2025-06-17T18:40:00,5
00113147,Bradshaw Street,2025-06-17,2025-06-17T19:03:00,2025-06-17T18:58:00,2
00261521,Elm Street,2025-06-17,2025-06-17T19:07:00,2025-06-17T19:07:00,23
00113264,Ocean Avenue,2025-06-17,2025-06-17T19:12:00,2025-06-17T19:20:00,12
00115521,Jump Street,2025-06-17,2025-06-17T19:15:00,2025-06-17T19:23:00,21
00311532,Fury Road,2025-06-17,2025-06-17T19:22:00,2025-06-17T19:29:00,0
00662113,Cloverfield Lane,2025-06-17,2025-06-17T19:41:00,2025-06-17T19:40:00,6
00113147,Bradshaw Street,2025-06-17,2025-06-17T20:03:00,2025-06-17T20:00:00,8
00261521,Elm Street,2025-06-17,2025-06-17T20:07:00,2025-06-17T20:03:00,23
00113264,Ocean Avenue,2025-06-17,2025-06-17T20:12:00,2025-06-17T20:16:00,20
00115521,Jump Street,2025-06-17,2025-06-17T20:15:00,2025-06-17T20:27:00,21
00311532,Fury Road,2025-06-17,2025-06-17T20:22:00,2025-06-17T20:25:00,13
00662113,Cloverfield Lane,2025-06-17,2025-06-17T20:41:00,2025-06-17T20:39:00,9
00113147,Bradshaw Street,2025-06-17,2025-06-17T21:03:00,2025-06-17T21:01:00,20
00261521,Elm Street,2025-06-17,2025-06-17T21:07:00,2025-06-17T21:05:00,18
00113264,Ocean Avenue,2025-06-17,2025-06-17T21:12:00,2025-06-17T21:17:00,21
00115521,Jump Street,2025-06-17,2025-06-17T21:15:00,2025-06-17T21:25:00,22
00311532,Fury Road,2025-06-17,2025-06-17T21:22:00,2025-06-17T21:26:00,7
00662113,Cloverfield Lane,2025-06-17,2025-06-17T21:41:00,2025-06-17T21:42:00,3
00113147,Bradshaw Street,2025-06-18,2025-06-18T06:03:00,2025-06-18T06:02:00,15
00261521,Elm Street,2025-06-18,2025-06-18T06:07:00,2025-06-18T06:09:00,25
00113264,Ocean Avenue,2025-06-18,2025-06-18T06:12:00,2025-06-18T06:12:00,12
00115521,Jump Street,2025-06-18,2025-06-18T06:15:00,2025-06-18T06:23:00,2
00311532,Fury Road,2025-06-18,2025-06-18T06:22:00,2025-06-18T06:23:00,0
00662113,Cloverfield Lane,2025-06-18,2025-06-18T06:41:00,2025-06-18T06:38:00,9
00113147,Bradshaw Street,2025-06-18,2025-06-18T07:03:00,2025-06-18T07:01:00,24
00261521,Elm Street,2025-06-18,2025-06-18T07:07:00,2025-06-18T07:08:00,56
00113264,Ocean Avenue,2025-06-18,2025-06-18T07:12:00,2025-06-18T07:17:00,40
00115521,Jump Street,2025-06-18,2025-06-18T07:15:00,2025-06-18T07:24:00,18
00311532,Fury Road,2025-06-18,2025-06-18T07:22:00,2025-06-18T07:31:00,12
00662113,Cloverfield Lane,2025-06-18,2025-06-18T07:41:00,2025-06-18T07:40:00,12
00113147,Bradshaw Street,2025-06-18,2025-06-18T08:03:00,2025-06-18T08:00:00,16
00261521,Elm Street,2025-06-18,2025-06-18T08:07:00,2025-06-18T08:10:00,57
00113264,Ocean Avenue,2025-06-18,2025-06-18T08:12:00,2025-06-18T08:14:00,47
00115521,Jump Street,2025-06-18,2025-06-18T08:15:00,2025-06-18T08:20:00,31
00311532,Fury Road,2025-06-18,2025-06-18T08:22:00,2025-06-18T08:28:00,11
00662113,Cloverfield Lane,2025-06-18,2025-06-18T08:41:00,2025-06-18T08:38:00,5
00113147,Bradshaw Street,2025-06-18,2025-06-18T09:03:00,2025-06-18T08:58:00,20
00261521,Elm Street,2025-06-18,2025-06-18T09:07:00,2025-06-18T09:08:00,60
00113264,Ocean Avenue,2025-06-18,2025-06-18T09:12:00,2025-06-18T09:15:00,46
00115521,Jump Street,2025-06-18,2025-06-18T09:15:00,2025-06-18T09:26:00,15
00311532,Fury Road,2025-06-18,2025-06-18T09:22:00,2025-06-18T09:28:00,5
00662113,Cloverfield Lane,2025-06-18,2025-06-18T09:41:00,2025-06-18T09:40:00,1
00113147,Bradshaw Street,2025-06-18,2025-06-18T10:03:00,2025-06-18T10:00:00,17
00261521,Elm Street,2025-06-18,2025-06-18T10:07:00,2025-06-18T10:09:00,32
00113264,Ocean Avenue,2025-06-18,2025-06-18T10:12:00,2025-06-18T10:14:00,30
00115521,Jump Street,2025-06-18,2025-06-18T10:15:00,2025-06-18T10:24:00,12
00311532,Fury Road,2025-06-18,2025-06-18T10:22:00,2025-06-18T10:26:00,10
00662113,Cloverfield Lane,2025-06-18,2025-06-18T10:41:00,2025-06-18T10:39:00,0
00113147,Bradshaw Street,2025-06-18,2025-06-18T11:03:00,2025-06-18T11:01:00,15
00261521,Elm Street,2025-06-18,2025-06-18T11:07:00,2025-06-18T11:10:00,12
00113264,Ocean Avenue,2025-06-18,2025-06-18T11:12:00,2025-06-18T11:14:00,30
00115521,Jump Street,2025-06-18,2025-06-18T11:15:00,2025-06-18T11:26:00,26
00311532,Fury Road,2025-06-18,2025-06-18T11:22:00,2025-06-18T11:26:00,11
00662113,Cloverfield Lane,2025-06-18,2025-06-18T11:41:00,2025-06-18T11:43:00,10
00113147,Bradshaw Street,2025-06-18,2025-06-18T12:03:00,2025-06-18T12:01:00,20
00261521,Elm Street,2025-06-18,2025-06-18T12:07:00,2025-06-18T12:09:00,34
00113264,Ocean Avenue,2025-06-18,2025-06-18T12:12:00,2025-06-18T12:15:00,32
00115521,Jump Street,2025-06-18,2025-06-18T12:15:00,2025-06-18T12:26:00,34
00311532,Fury Road,2025-06-18,2025-06-18T12:22:00,2025-06-18T12:25:00,14
00662113,Cloverfield Lane,2025-06-18,2025-06-18T12:41:00,2025-06-18T12:39:00,8
00113147,Bradshaw Street,2025-06-18,2025-06-18T13:03:00,2025-06-18T12:59:00,12
00261521,Elm Street,2025-06-18,2025-06-18T13:07:00,2025-06-18T13:06:00,30
00113264,Ocean Avenue,2025-06-18,2025-06-18T13:12:00,2025-06-18T13:17:00,5
00115521,Jump Street,2025-06-18,2025-06-18T13:15:00,2025-06-18T13:23:00,12
00311532,Fury Road,2025-06-18,2025-06-18T13:22:00,2025-06-18T13:25:00,1
00662113,Cloverfield Lane,2025-06-18,2025-06-18T13:41:00,2025-06-18T13:40:00,10
00113147,Bradshaw Street,2025-06-18,2025-06-18T14:03:00,2025-06-18T14:00:00,15
00261521,Elm Street,2025-06-18,2025-06-18T14:07:00,2025-06-18T14:07:00,6
00113264,Ocean Avenue,2025-06-18,2025-06-18T14:12:00,2025-06-18T14:13:00,39
00115521,Jump Street,2025-06-18,2025-06-18T14:15:00,2025-06-18T14:25:00,23
00311532,Fury Road,2025-06-18,2025-06-18T14:22:00,2025-06-18T14:27:00,8
00662113,Cloverfield Lane,2025-06-18,2025-06-18T14:41:00,2025-06-18T14:38:00,3
00113147,Bradshaw Street,2025-06-18,2025-06-18T15:03:00,2025-06-18T15:00:00,8
00261521,Elm Street,2025-06-18,2025-06-18T15:07:00,2025-06-18T15:09:00,13
00113264,Ocean Avenue,2025-06-18,2025-06-18T15:12:00,2025-06-18T15:13:00,23
00115521,Jump Street,2025-06-18,2025-06-18T15:15:00,2025-06-18T15:23:00,21
00311532,Fury Road,2025-06-18,2025-06-18T15:22:00,none,0
00662113,Cloverfield Lane,2025-06-18,2025-06-18T15:41:00,2025-06-18T15:38:00,6
00113147,Bradshaw Street,2025-06-18,2025-06-18T16:03:00,2025-06-18T16:00:00,11
00261521,Elm Street,2025-06-18,2025-06-18T16:07:00,2025-06-18T16:04:00,42
00113264,Ocean Avenue,2025-06-18,2025-06-18T16:12:00,2025-06-18T16:16:00,28
00115521,Jump Street,2025-06-18,2025-06-18T16:15:00,2025-06-18T16:23:00,36
00311532,Fury Road,2025-06-18,2025-06-18T16:22:00,2025-06-18T16:29:00,17
00662113,Cloverfield Lane,2025-06-18,2025-06-18T16:41:00,2025-06-18T16:38:00,13
00113147,Bradshaw Street,2025-06-18,2025-06-18T17:03:00,2025-06-18T17:02:00,23
00261521,Elm Street,2025-06-18,2025-06-18T17:07:00,2025-06-18T17:06:00,47
00113264,Ocean Avenue,2025-06-18,2025-06-18T17:12:00,2025-06-18T17:12:00,36
00115521,Jump Street,2025-06-18,2025-06-18T17:15:00,2025-06-18T17:26:00,31
00311532,Fury Road,2025-06-18,2025-06-18T17:22:00,2025-06-18T17:25:00,12
00662113,Cloverfield Lane,2025-06-18,2025-06-18T17:41:00,2025-06-18T17:40:00,3
00113147,Bradshaw Street,2025-06-18,2025-06-18T18:03:00,2025-06-18T18:01:00,6
00261521,Elm Street,2025-06-18,2025-06-18T18:07:00,2025-06-18T18:08:00,46
00113264,Ocean Avenue,2025-06-18,2025-06-18T18:12:00,2025-06-18T18:16:00,36
00115521,Jump Street,2025-06-18,2025-06-18T18:15:00,2025-06-18T18:23:00,38
00311532,Fury Road,2025-06-18,2025-06-18T18:22:00,2025-06-18T18:25:00,13
00662113,Cloverfield Lane,2025-06-18,2025-06-18T18:41:00,2025-06-18T18:38:00,10
00113147,Bradshaw Street,2025-06-18,2025-06-18T19:03:00,2025-06-18T19:02:00,18
00261521,Elm Street,2025-06-18,2025-06-18T19:07:00,2025-06-18T19:06:00,14
00113264,Ocean Avenue,2025-06-18,2025-06-18T19:12:00,2025-06-18T19:15:00,10
00115521,Jump Street,2025-06-18,2025-06-18T19:15:00,2025-06-18T19:22:00,16
00311532,Fury Road,2025-06-18,2025-06-18T19:22:00,2025-06-18T19:27:00,0
00662113,Cloverfield Lane,2025-06-18,2025-06-18T19:41:00,2025-06-18T19:38:00,4
00113147,Bradshaw Street,2025-06-18,2025-06-18T20:03:00,2025-06-18T20:01:00,2
00261521,Elm Street,2025-06-18,2025-06-18T20:07:00,2025-06-18T20:05:00,30
00113264,Ocean Avenue,2025-06-18,2025-06-18T20:12:00,2025-06-18T20:16:00,7
00115521,Jump Street,2025-06-18,2025-06-18T20:15:00,2025-06-18T20:25:00,4
00311532,Fury Road,2025-06-18,2025-06-18T20:22:00,2025-06-18T20:31:00,10
00662113,Cloverfield Lane,2025-06-18,2025-06-18T20:41:00,2025-06-18T20:40:00,5
00113147,Bradshaw Street,2025-06-18,2025-06-18T21:03:00,2025-06-18T21:01:00,8
00261521,Elm Street,2025-06-18,2025-06-18T21:07:00,2025-06-18T21:06:00,28
00113264,Ocean Avenue,2025-06-18,2025-06-18T21:12:00,2025-06-18T21:15:00,18
00115521,Jump Street,2025-06-18,2025-06-18T21:15:00,2025-06-18T21:21:00,0
00311532,Fury Road,2025-06-18,2025-06-18T21:22:00,2025-06-18T21:34:00,5
00662113,Cloverfield Lane,2025-06-18,2025-06-18T21:41:00,2025-06-18T21:42:00,8
00113147,Bradshaw Street,2025-06-19,2025-06-19T06:03:00,2025-06-19T05:59:00,0
00261521,Elm Street,2025-06-19,2025-06-19T06:07:00,2025-06-19T06:05:00,5
00113264,Ocean Avenue,2025-06-19,2025-06-19T06:12:00,2025-06-19T06:17:00,6
00115521,Jump Street,2025-06-19,2025-06-19T06:15:00,2025-06-19T06:28:00,8
00311532,Fury Road,2025-06-19,2025-06-19T06:22:00,2025-06-19T06:26:00,12
00662113,Cloverfield Lane,2025-06-19,2025-06-19T06:41:00,2025-06-19T06:40:00,0
00113147,Bradshaw Street,2025-06-19,2025-06-19T07:03:00,2025-06-19T07:05:00,29
00261521,Elm Street,2025-06-19,2025-06-19T07:07:00,2025-06-19T07:10:00,52
00113264,Ocean Avenue,2025-06-19,2025-06-19T07:12:00,2025-06-19T07:11:00,47
00115521,Jump Street,2025-06-19,2025-06-19T07:15:00,2025-06-19T07:28:00,31
00311532,Fury Road,2025-06-19,2025-06-19T07:22:00,2025-06-19T07:24:00,5
00662113,Cloverfield Lane,2025-06-19,2025-06-19T07:41:00,2025-06-19T07:40:00,9
00113147,Bradshaw Street,2025-06-19,2025-06-19T08:03:00,2025-06-19T08:00:00,19
00261521,Elm Street,2025-06-19,2025-06-19T08:07:00,2025-06-19T08:06:00,55
00113264,Ocean Avenue,2025-06-19,2025-06-19T08:12:00,2025-06-19T08:13:00,43
00115521,Jump Street,2025-06-19,2025-06-19T08:15:00,2025-06-19T08:23:00,28
00311532,Fury Road,2025-06-19,2025-06-19T08:22:00,2025-06-19T08:26:00,7
00662113,Cloverfield Lane,2025-06-19,2025-06-19T08:41:00,2025-06-19T08:41:00,9
00113147,Bradshaw Street,2025-06-19,2025-06-19T09:03:00,2025-06-19T09:00:00,26
00261521,Elm Street,2025-06-19,2025-06-19T09:07:00,2025-06-19T09:07:00,60
00113264,Ocean Avenue,2025-06-19,2025-06-19T09:12:00,2025-06-19T09:15:00,42
00115521,Jump Street,2025-06-19,2025-06-19T09:15:00,2025-06-19T09:24:00,26
00311532,Fury Road,2025-06-19,2025-06-19T09:22:00,2025-06-19T09:28:00,14
00662113,Cloverfield Lane,2025-06-19,2025-06-19T09:41:00,2025-06-19T09:38:00,2
00113147,Bradshaw Street,2025-06-19,2025-06-19T10:03:00,2025-06-19T10:01:00,15
00261521,Elm Street,2025-06-19,2025-06-19T10:07:00,2025-06-19T10:08:00,16
00113264,Ocean Avenue,2025-06-19,2025-06-19T10:12:00,2025-06-19T10:16:00,7
00115521,Jump Street,2025-06-19,2025-06-19T10:15:00,2025-06-19T10:22:00,7
00311532,Fury Road,2025-06-19,2025-06-19T10:22:00,2025-06-19T10:27:00,15
00662113,Cloverfield Lane,2025-06-19,2025-06-19T10:41:00,2025-06-19T10:40:00,7
00113147,Bradshaw Street,2025-06-19,2025-06-19T11:03:00,2025-06-19T10:57:00,28
00261521,Elm Street,2025-06-19,2025-06-19T11:07:00,2025-06-19T11:07:00,24
00113264,Ocean Avenue,2025-06-19,2025-06-19T11:12:00,2025-06-19T11:17:00,12
00115521,Jump Street,2025-06-19,2025-06-19T11:15:00,2025-06-19T11:25:00,15
00311532,Fury Road,2025-06-19,2025-06-19T11:22:00,2025-06-19T11:22:00,13
00662113,Cloverfield Lane,2025-06-19,2025-06-19T11:41:00,2025-06-19T11:40:00,8
00113147,Bradshaw Street,2025-06-19,2025-06-19T12:03:00,2025-06-19T11:56:00,25
00261521,Elm Street,2025-06-19,2025-06-19T12:07:00,2025-06-19T12:06:00,27
00113264,Ocean Avenue,2025-06-19,2025-06-19T12:12:00,2025-06-19T12:13:00,20
00115521,Jump Street,2025-06-19,2025-06-19T12:15:00,2025-06-19T12:29:00,15
00311532,Fury Road,2025-06-19,2025-06-19T12:22:00,2025-06-19T12:24:00,14
00662113,Cloverfield Lane,2025-06-19,2025-06-19T12:41:00,2025-06-19T12:38:00,4
00113147,Bradshaw Street,2025-06-19,2025-06-19T13:03:00,2025-06-19T12:59:00,8
00261521,Elm Street,2025-06-19,2025-06-19T13:07:00,2025-06-19T13:04:00,40
00113264,Ocean Avenue,2025-06-19,2025-06-19T13:12:00,2025-06-19T13:17:00,27
00115521,Jump Street,2025-06-19,2025-06-19T13:15:00,2025-06-19T13:27:00,16
00311532,Fury Road,2025-06-19,2025-06-19T13:22:00,2025-06-19T13:25:00,12
00662113,Cloverfield Lane,2025-06-19,2025-06-19T13:41:00,2025-06-19T13:43:00,9
00113147,Bradshaw Street,2025-06-19,2025-06-19T14:03:00,2025-06-19T14:00:00,14
00261521,Elm Street,2025-06-19,2025-06-19T14:07:00,2025-06-19T14:09:00,24
00113264,Ocean Avenue,2025-06-19,2025-06-19T14:12:00,2025-06-19T14:14:00,14
00115521,Jump Street,2025-06-19,2025-06-19T14:15:00,2025-06-19T14:21:00,14
00311532,Fury Road,2025-06-19,2025-06-19T14:22:00,2025-06-19T14:28:00,14
00662113,Cloverfield Lane,2025-06-19,2025-06-19T14:41:00,2025-06-19T14:39:00,6
00113147,Bradshaw Street,2025-06-19,2025-06-19T15:03:00,2025-06-19T15:01:00,10
00261521,Elm Street,2025-06-19,2025-06-19T15:07:00,2025-06-19T15:07:00,40
00113264,Ocean Avenue,2025-06-19,2025-06-19T15:12:00,2025-06-19T15:16:00,18
00115521,Jump Street,2025-06-19,2025-06-19T15:15:00,2025-06-19T15:25:00,8
00311532,Fury Road,2025-06-19,2025-06-19T15:22:00,2025-06-19T15:26:00,3
00662113,Cloverfield Lane,2025-06-19,2025-06-19T15:41:00,2025-06-19T15:36:00,7
00113147,Bradshaw Street,2025-06-19,2025-06-19T16:03:00,2025-06-19T15:55:00,9
00261521,Elm Street,2025-06-19,2025-06-19T16:07:00,2025-06-19T16:08:00,29
00113264,Ocean Avenue,2025-06-19,2025-06-19T16:12:00,2025-06-19T16:19:00,31
00115521,Jump Street,2025-06-19,2025-06-19T16:15:00,2025-06-19T16:25:00,28
00311532,Fury Road,2025-06-19,2025-06-19T16:22:00,2025-06-19T16:25:00,7
00662113,Cloverfield Lane,2025-06-19,2025-06-19T16:41:00,2025-06-19T16:39:00,4
00113147,Bradshaw Street,2025-06-19,2025-06-19T17:03:00,2025-06-19T16:57:00,17
00261521,Elm Street,2025-06-19,2025-06-19T17:07:00,2025-06-19T17:09:00,36
00113264,Ocean Avenue,2025-06-19,2025-06-19T17:12:00,none,0
00115521,Jump Street,2025-06-19,2025-06-19T17:15:00,2025-06-19T17:27:00,35
00311532,Fury Road,2025-06-19,2025-06-19T17:22:00,2025-06-19T17:24:00,9
00662113,Cloverfield Lane,2025-06-19,2025-06-19T17:41:00,2025-06-19T17:39:00,8
00113147,Bradshaw Street,2025-06-19,2025-06-19T18:03:00,2025-06-19T18:01:00,32
00261521,Elm Street,2025-06-19,2025-06-19T18:07:00,2025-06-19T18:10:00,33
00113264,Ocean Avenue,2025-06-19,2025-06-19T18:12:00,2025-06-19T18:16:00,46
00115521,Jump Street,2025-06-19,2025-06-19T18:15:00,2025-06-19T18:26:00,23
00311532,Fury Road,2025-06-19,2025-06-19T18:22:00,2025-06-19T18:26:00,8
00662113,Cloverfield Lane,2025-06-19,2025-06-19T18:41:00,2025-06-19T18:36:00,3
00113147,Bradshaw Street,2025-06-19,2025-06-19T19:03:00,2025-06-19T19:00:00,21
00261521,Elm Street,2025-06-19,2025-06-19T19:07:00,2025-06-19T19:07:00,36
00113264,Ocean Avenue,2025-06-19,2025-06-19T19:12:00,2025-06-19T19:17:00,16
00115521,Jump Street,2025-06-19,2025-06-19T19:15:00,2025-06-19T19:24:00,9
00311532,Fury Road,2025-06-19,2025-06-19T19:22:00,2025-06-19T19:27:00,4
00662113,Cloverfield Lane,2025-06-19,2025-06-19T19:41:00,2025-06-19T19:38:00,3
00113147,Bradshaw Street,2025-06-19,2025-06-19T20:03:00,2025-06-19T19:58:00,11
00261521,Elm Street,2025-06-19,2025-06-19T20:07:00,2025-06-19T20:10:00,35
00113264,Ocean Avenue,2025-06-19,2025-06-19T20:12:00,2025-06-19T20:16:00,19
00115521,Jump Street,2025-06-19,2025-06-19T20:15:00,2025-06-19T20:27:00,16
00311532,Fury Road,2025-06-19,2025-06-19T20:22:00,2025-06-19T20:27:00,12
00662113,Cloverfield Lane,2025-06-19,2025-06-19T20:41:00,2025-06-19T20:37:00,3
00113147,Bradshaw Street,2025-06-19,2025-06-19T21:03:00,2025-06-19T21:01:00,18
00261521,Elm Street,2025-06-19,2025-06-19T21:07:00,2025-06-19T21:08:00,34
00113264,Ocean Avenue,2025-06-19,2025-06-19T21:12:00,2025-06-19T21:14:00,16
00115521,Jump Street,2025-06-19,2025-06-19T21:15:00,2025-06-19T21:23:00,0
00311532,Fury Road,2025-06-19,2025-06-19T21:22:00,2025-06-19T21:24:00,8
00662113,Cloverfield Lane,2025-06-19,2025-06-19T21:41:00,2025-06-19T21:40:00,0
00113147,Bradshaw Street,2025-06-20,2025-06-20T06:03:00,2025-06-20T06:01:00,8
00261521,Elm Street,2025-06-20,2025-06-20T06:07:00,2025-06-20T06:07:00,23
00113264,Ocean Avenue,2025-06-20,2025-06-20T06:12:00,2025-06-20T06:11:00,5
00115521,Jump Street,2025-06-20,2025-06-20T06:15:00,2025-06-20T06:25:00,9
00311532,Fury Road,2025-06-20,2025-06-20T06:22:00,2025-06-20T06:35:00,5
00662113,Cloverfield Lane,2025-06-20,2025-06-20T06:41:00,2025-06-20T06:40:00,6
00113147,Bradshaw Street,2025-06-20,2025-06-20T07:03:00,2025-06-20T07:00:00,24
00261521,Elm Street,2025-06-20,2025-06-20T07:07:00,2025-06-20T07:04:00,60
00113264,Ocean Avenue,2025-06-20,2025-06-20T07:12:00,2025-06-20T07:15:00,32
00115521,Jump Street,2025-06-20,2025-06-20T07:15:00,2025-06-20T07:23:00,16
00311532,Fury Road,2025-06-20,2025-06-20T07:22:00,2025-06-20T07:24:00,8
00662113,Cloverfield Lane,2025-06-20,2025-06-20T07:41:00,2025-06-20T07:40:00,6
00113147,Bradshaw Street,2025-06-20,2025-06-20T08:03:00,2025-06-20T07:59:00,21
00261521,Elm Street,2025-06-20,2025-06-20T08:07:00,2025-06-20T08:13:00,54
00113264,Ocean Avenue,2025-06-20,2025-06-20T08:12:00,2025-06-20T08:15:00,37
00115521,Jump Street,2025-06-20,2025-06-20T08:15:00,2025-06-20T08:21:00,24
00311532,Fury Road,2025-06-20,2025-06-20T08:22:00,2025-06-20T08:28:00,9
00662113,Cloverfield Lane,2025-06-20,2025-06-20T08:41:00,2025-06-20T08:40:00,9
00113147,Bradshaw Street,2025-06-20,2025-06-20T09:03:00,2025-06-20T08:58:00,30
00261521,Elm Street,2025-06-20,2025-06-20T09:07:00,2025-06-20T09:05:00,60
00113264,Ocean Avenue,2025-06-20,2025-06-20T09:12:00,2025-06-20T09:17:00,35
00115521,Jump Street,2025-06-20,2025-06-20T09:15:00,2025-06-20T09:25:00,24
00311532,Fury Road,2025-06-20,2025-06-20T09:22:00,2025-06-20T09:27:00,11
00662113,Cloverfield Lane,2025-06-20,2025-06-20T09:41:00,2025-06-20T09:41:00,8
00113147,Bradshaw Street,2025-06-20,2025-06-20T10:03:00,2025-06-20T10:00:00,12
00261521,Elm Street,2025-06-20,2025-06-20T10:07:00,2025-06-20T10:08:00,12
00113264,Ocean Avenue,2025-06-20,2025-06-20T10:12:00,2025-06-20T10:12:00,32
00115521,Jump Street,2025-06-20,2025-06-20T10:15:00,2025-06-20T10:23:00,6
00311532,Fury Road,2025-06-20,2025-06-20T10:22:00,2025-06-20T10:30:00,6
00662113,Cloverfield Lane,2025-06-20,2025-06-20T10:41:00,2025-06-20T10:39:00,6
00113147,Bradshaw Street,2025-06-20,2025-06-20T11:03:00,2025-06-20T10:59:00,11
00261521,Elm Street,2025-06-20,2025-06-20T11:07:00,2025-06-20T11:09:00,26
00113264,Ocean Avenue,2025-06-20,2025-06-20T11:12:00,2025-06-20T11:15:00,25
00115521,Jump Street,2025-06-20,2025-06-20T11:15:00,2025-06-20T11:22:00,12
00311532,Fury Road,2025-06-20,2025-06-20T11:22:00,2025-06-20T11:25:00,13
00662113,Cloverfield Lane,2025-06-20,2025-06-20T11:41:00,2025-06-20T11:41:00,5
00113147,Bradshaw Street,2025-06-20,2025-06-20T12:03:00,2025-06-20T11:57:00,9
00261521,Elm Street,2025-06-20,2025-06-20T12:07:00,2025-06-20T12:10:00,25
00113264,Ocean Avenue,2025-06-20,2025-06-20T12:12:00,2025-06-20T12:16:00,11
00115521,Jump Street,2025-06-20,2025-06-20T12:15:00,2025-06-20T12:23:00,15
00311532,Fury Road,2025-06-20,2025-06-20T12:22:00,2025-06-20T12:26:00,13
00662113,Cloverfield Lane,2025-06-20,2025-06-20T12:41:00,2025-06-20T12:39:00,8
00113147,Bradshaw Street,2025-06-20,2025-06-20T13:03:00,2025-06-20T12:58:00,6
00261521,Elm Street,2025-06-20,2025-06-20T13:07:00,2025-06-20T13:12:00,39
00113264,Ocean Avenue,2025-06-20,2025-06-20T13:12:00,2025-06-20T13:17:00,22
00115521,Jump Street,2025-06-20,2025-06-20T13:15:00,2025-06-20T13:24:00,15
00311532,Fury Road,2025-06-20,2025-06-20T13:22:00,2025-06-20T13:29:00,2
00662113,Cloverfield Lane,2025-06-20,2025-06-20T13:41:00,2025-06-20T13:41:00,12
00113147,Bradshaw Street,2025-06-20,2025-06-20T14:03:00,2025-06-20T14:00:00,11
00261521,Elm Street,2025-06-20,2025-06-20T14:07:00,2025-06-20T14:06:00,27
00113264,Ocean Avenue,2025-06-20,2025-06-20T14:12:00,2025-06-20T14:19:00,18
00115521,Jump Street,2025-06-20,2025-06-20T14:15:00,2025-06-20T14:25:00,21
00311532,Fury Road,2025-06-20,2025-06-20T14:22:00,2025-06-20T14:28:00,12
00662113,Cloverfield Lane,2025-06-20,2025-06-20T14:41:00,2025-06-20T14:40:00,4
00113147,Bradshaw Street,2025-06-20,2025-06-20T15:03:00,2025-06-20T15:02:00,11
00261521,Elm Street,2025-06-20,2025-06-20T15:07:00,2025-06-20T15:08:00,18
00113264,Ocean Avenue,2025-06-20,2025-06-20T15:12:00,2025-06-20T15:15:00,16
00115521,Jump Street,2025-06-20,2025-06-20T15:15:00,2025-06-20T15:25:00,13
00311532,Fury Road,2025-06-20,2025-06-20T15:22:00,2025-06-20T15:28:00,18
00662113,Cloverfield Lane,2025-06-20,2025-06-20T15:41:00,2025-06-20T15:37:00,4
00113147,Bradshaw Street,2025-06-20,2025-06-20T16:03:00,2025-06-20T16:02:00,16
00261521,Elm Street,2025-06-20,2025-06-20T16:07:00,2025-06-20T16:09:00,30
00113264,Ocean Avenue,2025-06-20,2025-06-20T16:12:00,2025-06-20T16:19:00,29
00115521,Jump Street,2025-06-20,2025-06-20T16:15:00,2025-06-20T16:26:00,48
00311532,Fury Road,2025-06-20,2025-06-20T16:22:00,2025-06-20T16:27:00,11
00662113,Cloverfield Lane,2025-06-20,2025-06-20T16:41:00,2025-06-20T16:38:00,9
00113147,Bradshaw Street,2025-06-20,2025-06-20T17:03:00,2025-06-20T17:01:00,18
00261521,Elm Street,2025-06-20,2025-06-20T17:07:00,2025-06-20T17:07:00,37
00113264,Ocean Avenue,2025-06-20,2025-06-20T17:12:00,2025-06-20T17:14:00,28
00115521,Jump Street,2025-06-20,2025-06-20T17:15:00,2025-06-20T17:24:00,31
00311532,Fury Road,2025-06-20,2025-06-20T17:22:00,2025-06-20T17:26:00,7
00662113,Cloverfield Lane,2025-06-20,2025-06-20T17:41:00,2025-06-20T17:42:00,13
00113147,Bradshaw Street,2025-06-20,2025-06-20T18:03:00,2025-06-20T18:01:00,18
00261521,Elm Street,2025-06-20,2025-06-20T18:07:00,2025-06-20T18:09:00,45
00113264,Ocean Avenue,2025-06-20,2025-06-20T18:12:00,2025-06-20T18:13:00,18
00115521,Jump Street,2025-06-20,2025-06-20T18:15:00,2025-06-20T18:25:00,41
00311532,Fury Road,2025-06-20,2025-06-20T18:22:00,2025-06-20T18:24:00,11
00662113,Cloverfield Lane,2025-06-20,2025-06-20T18:41:00,2025-06-20T18:38:00,11
00113147,Bradshaw Street,2025-06-20,2025-06-20T19:03:00,2025-06-20T19:00:00,10
00261521,Elm Street,2025-06-20,2025-06-20T19:07:00,2025-06-20T19:05:00,0
00113264,Ocean Avenue,2025-06-20,2025-06-20T19:12:00,2025-06-20T19:15:00,16
00115521,Jump Street,2025-06-20,2025-06-20T19:15:00,2025-06-20T19:26:00,12
00311532,Fury Road,2025-06-20,2025-06-20T19:22:00,2025-06-20T19:30:00,4
00662113,Cloverfield Lane,2025-06-20,2025-06-20T19:41:00,2025-06-20T19:39:00,7
00113147,Bradshaw Street,2025-06-20,2025-06-20T20:03:00,2025-06-20T20:00:00,11
00261521,Elm Street,2025-06-20,2025-06-20T20:07:00,2025-06-20T20:10:00,17
00113264,Ocean Avenue,2025-06-20,2025-06-20T20:12:00,2025-06-20T20:12:00,10
00115521,Jump Street,2025-06-20,2025-06-20T20:15:00,2025-06-20T20:26:00,10
00311532,Fury Road,2025-06-20,2025-06-20T20:22:00,2025-06-20T20:23:00,9
00662113,Cloverfield Lane,2025-06-20,2025-06-20T20:41:00,2025-06-20T20:38:00,10
00113147,Bradshaw Street,2025-06-20,2025-06-20T21:03:00,2025-06-20T21:01:00,14
00261521,Elm Street,2025-06-20,2025-06-20T21:07:00,2025-06-20T21:10:00,17
00113264,Ocean Avenue,2025-06-20,2025-06-20T21:12:00,2025-06-20T21:16:00,11
00115521,Jump Street,2025-06-20,2025-06-20T21:15:00,2025-06-20T21:20:00,11
00311532,Fury Road,2025-06-20,2025-06-20T21:22:00,2025-06-20T21:25:00,3
00662113,Cloverfield Lane,2025-06-20,2025-06-20T21:41:00,2025-06-20T21:39:00,5
00113147,Bradshaw Street,2025-06-21,2025-06-21T06:03:00,2025-06-21T06:00:00,5
00261521,Elm Street,2025-06-21,2025-06-21T06:07:00,2025-06-21T06:10:00,29
00113264,Ocean Avenue,2025-06-21,2025-06-21T06:12:00,2025-06-21T06:14:00,4
00115521,Jump Street,2025-06-21,2025-06-21T06:15:00,2025-06-21T06:25:00,16
00311532,Fury Road,2025-06-21,2025-06-21T06:22:00,2025-06-21T06:29:00,8
00662113,Cloverfield Lane,2025-06-21,2025-06-21T06:41:00,2025-06-21T06:40:00,0
00113147,Bradshaw Street,2025-06-21,2025-06-21T07:03:00,2025-06-21T07:02:00,15
00261521,Elm Street,2025-06-21,2025-06-21T07:07:00,2025-06-21T07:10:00,42
00113264,Ocean Avenue,2025-06-21,2025-06-21T07:12:00,2025-06-21T07:22:00,38
00115521,Jump Street,2025-06-21,2025-06-21T07:15:00,2025-06-21T07:25:00,16
00311532,Fury Road,2025-06-21,2025-06-21T07:22:00,2025-06-21T07:28:00,5
00662113,Cloverfield Lane,2025-06-21,2025-06-21T07:41:00,2025-06-21T07:37:00,1
00113147,Bradshaw Street,2025-06-21,2025-06-21T08:03:00,2025-06-21T07:58:00,17
00261521,Elm Street,2025-06-21,2025-06-21T08:07:00,2025-06-21T08:12:00,28
00113264,Ocean Avenue,2025-06-21,2025-06-21T08:12:00,2025-06-21T08:15:00,17
00115521,Jump Street,2025-06-21,2025-06-21T08:15:00,2025-06-21T08:26:00,14
00311532,Fury Road,2025-06-21,2025-06-21T08:22:00,2025-06-21T08:22:00,5
00662113,Cloverfield Lane,2025-06-21,2025-06-21T08:41:00,2025-06-21T08:40:00,2
00113147,Bradshaw Street,2025-06-21,2025-06-21T09:03:00,2025-06-21T09:01:00,2
00261521,Elm Street,2025-06-21,2025-06-21T09:07:00,2025-06-21T09:08:00,54
00113264,Ocean Avenue,2025-06-21,2025-06-21T09:12:00,2025-06-21T09:14:00,28
00115521,Jump Street,2025-06-21,2025-06-21T09:15:00,2025-06-21T09:25:00,15
00311532,Fury Road,2025-06-21,2025-06-21T09:22:00,2025-06-21T09:25:00,8
00662113,Cloverfield Lane,2025-06-21,2025-06-21T09:41:00,2025-06-21T09:39:00,4
00113147,Bradshaw Street,2025-06-21,2025-06-21T10:03:00,2025-06-21T10:00:00,0
00261521,Elm Street,2025-06-21,2025-06-21T10:07:00,2025-06-21T10:09:00,29
00113264,Ocean Avenue,2025-06-21,2025-06-21T10:12:00,2025-06-21T10:14:00,16
00115521,Jump Street,2025-06-21,2025-06-21T10:15:00,2025-06-21T10:24:00,9
00311532,Fury Road,2025-06-21,2025-06-21T10:22:00,2025-06-21T10:30:00,1
00662113,Cloverfield Lane,2025-06-21,2025-06-21T10:41:00,2025-06-21T10:41:00,1
00113147,Bradshaw Street,2025-06-21,2025-06-21T11:03:00,2025-06-21T10:58:00,10
00261521,Elm Street,2025-06-21,2025-06-21T11:07:00,2025-06-21T11:08:00,21
00113264,Ocean Avenue,2025-06-21,2025-06-21T11:12:00,2025-06-21T11:14:00,9
00115521,Jump Street,2025-06-21,2025-06-21T11:15:00,2025-06-21T11:23:00,8
00311532,Fury Road,2025-06-21,2025-06-21T11:22:00,2025-06-21T11:30:00,11
00662113,Cloverfield Lane,2025-06-21,2025-06-21T11:41:00,2025-06-21T11:39:00,6
00113147,Bradshaw Street,2025-06-21,2025-06-21T12:03:00,2025-06-21T12:01:00,2
00261521,Elm Street,2025-06-21,2025-06-21T12:07:00,2025-06-21T12:10:00,0
00113264,Ocean Avenue,2025-06-21,2025-06-21T12:12:00,2025-06-21T12:15:00,11
00115521,Jump Street,2025-06-21,2025-06-21T12:15:00,2025-06-21T12:27:00,20
00311532,Fury Road,2025-06-21,2025-06-21T12:22:00,2025-06-21T12:29:00,7
00662113,Cloverfield Lane,2025-06-21,2025-06-21T12:41:00,2025-06-21T12:40:00,0
00113147,Bradshaw Street,2025-06-21,2025-06-21T13:03:00,2025-06-21T13:02:00,9
00261521,Elm Street,2025-06-21,2025-06-21T13:07:00,2025-06-21T13:09:00,9
00113264,Ocean Avenue,2025-06-21,2025-06-21T13:12:00,2025-06-21T13:15:00,22
00115521,Jump Street,2025-06-21,2025-06-21T13:15:00,2025-06-21T13:26:00,22
00311532,Fury Road,2025-06-21,2025-06-21T13:22:00,2025-06-21T13:27:00,7
00662113,Cloverfield Lane,2025-06-21,2025-06-21T13:41:00,2025-06-21T13:40:00,0
00113147,Bradshaw Street,2025-06-21,2025-06-21T14:03:00,2025-06-21T14:00:00,7
00261521,Elm Street,2025-06-21,2025-06-21T14:07:00,2025-06-21T14:08:00,38
00113264,Ocean Avenue,2025-06-21,2025-06-21T14:12:00,2025-06-21T14:15:00,0
00115521,Jump Street,2025-06-21,2025-06-21T14:15:00,2025-06-21T14:26:00,14
00311532,Fury Road,2025-06-21,2025-06-21T14:22:00,2025-06-21T14:27:00,5
00662113,Cloverfield Lane,2025-06-21,2025-06-21T14:41:00,2025-06-21T14:40:00,7
00113147,Bradshaw Street,2025-06-21,2025-06-21T15:03:00,2025-06-21T15:01:00,21
00261521,Elm Street,2025-06-21,2025-06-21T15:07:00,2025-06-21T15:10:00,4
00113264,Ocean Avenue,2025-06-21,2025-06-21T15:12:00,2025-06-21T15:16:00,23
00115521,Jump Street,2025-06-21,2025-06-21T15:15:00,2025-06-21T15:27:00,12
00311532,Fury Road,2025-06-21,2025-06-21T15:22:00,2025-06-21T15:28:00,0
00662113,Cloverfield Lane,2025-06-21,2025-06-21T15:41:00,2025-06-21T15:37:00,9
00113147,Bradshaw Street,2025-06-21,2025-06-21T16:03:00,2025-06-21T16:00:00,7
00261521,Elm Street,2025-06-21,2025-06-21T16:07:00,none,0
00113264,Ocean Avenue,2025-06-21,2025-06-21T16:12:00,2025-06-21T16:13:00,22
00115521,Jump Street,2025-06-21,2025-06-21T16:15:00,2025-06-21T16:24:00,18
00311532,Fury Road,2025-06-21,2025-06-21T16:22:00,2025-06-21T16:28:00,0
00662113,Cloverfield Lane,2025-06-21,2025-06-21T16:41:00,2025-06-21T16:40:00,3
00113147,Bradshaw Street,2025-06-21,2025-06-21T17:03:00,2025-06-21T17:04:00,10
00261521,Elm Street,2025-06-21,2025-06-21T17:07:00,2025-06-21T17:07:00,26
00113264,Ocean Avenue,2025-06-21,2025-06-21T17:12:00,2025-06-21T17:13:00,18
00115521,Jump Street,2025-06-21,2025-06-21T17:15:00,2025-06-21T17:25:00,15
00311532,Fury Road,2025-06-21,2025-06-21T17:22:00,2025-06-21T17:28:00,5
00662113,Cloverfield Lane,2025-06-21,2025-06-21T17:41:00,2025-06-21T17:39:00,2
00113147,Bradshaw Street,2025-06-21,2025-06-21T18:03:00,2025-06-21T18:01:00,5
00261521,Elm Street,2025-06-21,2025-06-21T18:07:00,2025-06-21T18:07:00,20
00113264,Ocean Avenue,2025-06-21,2025-06-21T18:12:00,2025-06-21T18:14:00,19
00115521,Jump Street,2025-06-21,2025-06-21T18:15:00,2025-06-21T18:23:00,26
00311532,Fury Road,2025-06-21,2025-06-21T18:22:00,2025-06-21T18:24:00,11
00662113,Cloverfield Lane,2025-06-21,2025-06-21T18:41:00,2025-06-21T18:38:00,2
00113147,Bradshaw Street,2025-06-21,2025-06-21T19:03:00,2025-06-21T18:59:00,10
00261521,Elm Street,2025-06-21,2025-06-21T19:07:00,2025-06-21T19:06:00,11
00113264,Ocean Avenue,2025-06-21,2025-06-21T19:12:00,2025-06-21T19:14:00,2
00115521,Jump Street,2025-06-21,2025-06-21T19:15:00,2025-06-21T19:26:00,17
00311532,Fury Road,2025-06-21,2025-06-21T19:22:00,2025-06-21T19:25:00,0
00662113,Cloverfield Lane,2025-06-21,2025-06-21T19:41:00,2025-06-21T19:43:00,0
00113147,Bradshaw Street,2025-06-21,2025-06-21T20:03:00,2025-06-21T20:01:00,1
00261521,Elm Street,2025-06-21,2025-06-21T20:07:00,2025-06-21T20:05:00,15
00113264,Ocean Avenue,2025-06-21,2025-06-21T20:12:00,2025-06-21T20:15:00,12
00115521,Jump Street,2025-06-21,2025-06-21T20:15:00,2025-06-21T20:25:00,1
00311532,Fury Road,2025-06-21,2025-06-21T20:22:00,2025-06-21T20:26:00,6
00662113,Cloverfield Lane,2025-06-21,2025-06-21T20:41:00,2025-06-21T20:39:00,6
00113147,Bradshaw Street,2025-06-21,2025-06-21T21:03:00,2025-06-21T21:00:00,6
00261521,Elm Street,2025-06-21,2025-06-21T21:07:00,2025-06-21T21:10:00,4
00113264,Ocean Avenue,2025-06-21,2025-06-21T21:12:00,2025-06-21T21:15:00,6
00115521,Jump Street,2025-06-21,2025-06-21T21:15:00,2025-06-21T21:27:00,0
00311532,Fury Road,2025-06-21,2025-06-21T21:22:00,2025-06-21T21:23:00,9
00662113,Cloverfield Lane,2025-06-21,2025-06-21T21:41:00,2025-06-21T21:39:00,7
00113147,Bradshaw Street,2025-06-22,2025-06-22T06:03:00,2025-06-22T05:59:00,0
00261521,Elm Street,2025-06-22,2025-06-22T06:07:00,2025-06-22T06:07:00,10
00113264,Ocean Avenue,2025-06-22,2025-06-22T06:12:00,2025-06-22T06:18:00,15
00115521,Jump Street,2025-06-22,2025-06-22T06:15:00,2025-06-22T06:26:00,6
00311532,Fury Road,2025-06-22,2025-06-22T06:22:00,2025-06-22T06:29:00,0
00662113,Cloverfield Lane,2025-06-22,2025-06-22T06:41:00,2025-06-22T06:39:00,6
00113147,Bradshaw Street,2025-06-22,2025-06-22T07:03:00,2025-06-22T07:01:00,10
00261521,Elm Street,2025-06-22,2025-06-22T07:07:00,2025-06-22T07:08:00,30
00113264,Ocean Avenue,2025-06-22,2025-06-22T07:12:00,2025-06-22T07:12:00,25
00115521,Jump Street,2025-06-22,2025-06-22T07:15:00,2025-06-22T07:23:00,11
00311532,Fury Road,2025-06-22,2025-06-22T07:22:00,2025-06-22T07:29:00,7
00662113,Cloverfield Lane,2025-06-22,2025-06-22T07:41:00,2025-06-22T07:41:00,3
00113147,Bradshaw Street,2025-06-22,2025-06-22T08:03:00,2025-06-22T07:58:00,16
00261521,Elm Street,2025-06-22,2025-06-22T08:07:00,2025-06-22T08:07:00,36
00113264,Ocean Avenue,2025-06-22,2025-06-22T08:12:00,2025-06-22T08:14:00,32
00115521,Jump Street,2025-06-22,2025-06-22T08:15:00,2025-06-22T08:25:00,19
00311532,Fury Road,2025-06-22,2025-06-22T08:22:00,2025-06-22T08:25:00,8
00662113,Cloverfield Lane,2025-06-22,2025-06-22T08:41:00,2025-06-22T08:37:00,10
00113147,Bradshaw Street,2025-06-22,2025-06-22T09:03:00,2025-06-22T08:59:00,23
00261521,Elm Street,2025-06-22,2025-06-22T09:07:00,2025-06-22T09:09:00,26
00113264,Ocean Avenue,2025-06-22,2025-06-22T09:12:00,2025-06-22T09:19:00,14
00115521,Jump Street,2025-06-22,2025-06-22T09:15:00,2025-06-22T09:27:00,18
00311532,Fury Road,2025-06-22,2025-06-22T09:22:00,2025-06-22T09:27:00,1
00662113,Cloverfield Lane,2025-06-22,2025-06-22T09:41:00,2025-06-22T09:41:00,4
00113147,Bradshaw Street,2025-06-22,2025-06-22T10:03:00,2025-06-22T09:59:00,0
00261521,Elm Street,2025-06-22,2025-06-22T10:07:00,2025-06-22T10:07:00,25
00113264,Ocean Avenue,2025-06-22,2025-06-22T10:12:00,2025-06-22T10:14:00,3
00115521,Jump Street,2025-06-22,2025-06-22T10:15:00,2025-06-22T10:26:00,20
00311532,Fury Road,2025-06-22,2025-06-22T10:22:00,2025-06-22T10:27:00,1
00662113,Cloverfield Lane,2025-06-22,2025-06-22T10:41:00,2025-06-22T10:37:00,4
00113147,Bradshaw Street,2025-06-22,2025-06-22T11:03:00,2025-06-22T10:58:00,0
00261521,Elm Street,2025-06-22,2025-06-22T11:07:00,2025-06-22T11:06:00,14
00113264,Ocean Avenue,2025-06-22,2025-06-22T11:12:00,2025-06-22T11:15:00,4
00115521,Jump Street,2025-06-22,2025-06-22T11:15:00,2025-06-22T11:28:00,17
00311532,Fury Road,2025-06-22,2025-06-22T11:22:00,2025-06-22T11:26:00,4
00662113,Cloverfield Lane,2025-06-22,2025-06-22T11:41:00,2025-06-22T11:39:00,4
00113147,Bradshaw Street,2025-06-22,2025-06-22T12:03:00,2025-06-22T12:00:00,3
00261521,Elm Street,2025-06-22,2025-06-22T12:07:00,2025-06-22T12:08:00,21
00113264,Ocean Avenue,2025-06-22,2025-06-22T12:12:00,2025-06-22T12:13:00,11
00115521,Jump Street,2025-06-22,2025-06-22T12:15:00,2025-06-22T12:25:00,19
00311532,Fury Road,2025-06-22,2025-06-22T12:22:00,2025-06-22T12:28:00,6
00662113,Cloverfield Lane,2025-06-22,2025-06-22T12:41:00,2025-06-22T12:40:00,2
00113147,Bradshaw Street,2025-06-22,2025-06-22T13:03:00,2025-06-22T12:59:00,9
00261521,Elm Street,2025-06-22,2025-06-22T13:07:00,2025-06-22T13:05:00,0
00113264,Ocean Avenue,2025-06-22,2025-06-22T13:12:00,2025-06-22T13:16:00,6
00115521,Jump Street,2025-06-22,2025-06-22T13:15:00,2025-06-22T13:23:00,3
00311532,Fury Road,2025-06-22,2025-06-22T13:22:00,2025-06-22T13:29:00,2
00662113,Cloverfield Lane,2025-06-22,2025-06-22T13:41:00,2025-06-22T13:41:00,1
00113147,Bradshaw Street,2025-06-22,2025-06-22T14:03:00,2025-06-22T14:01:00,16
00261521,Elm Street,2025-06-22,2025-06-22T14:07:00,2025-06-22T14:09:00,22
00113264,Ocean Avenue,2025-06-22,2025-06-22T14:12:00,2025-06-22T14:16:00,18
00115521,Jump Street,2025-06-22,2025-06-22T14:15:00,2025-06-22T14:24:00,10
00311532,Fury Road,2025-06-22,2025-06-22T14:22:00,2025-06-22T14:28:00,6
00662113,Cloverfield Lane,2025-06-22,2025-06-22T14:41:00,2025-06-22T14:40:00,7
00113147,Bradshaw Street,2025-06-22,2025-06-22T15:03:00,2025-06-22T15:00:00,9
00261521,Elm Street,2025-06-22,2025-06-22T15:07:00,none,0
00113264,Ocean Avenue,2025-06-22,2025-06-22T15:12:00,2025-06-22T15:17:00,6
00115521,Jump Street,2025-06-22,2025-06-22T15:15:00,2025-06-22T15:24:00,3
00311532,Fury Road,2025-06-22,2025-06-22T15:22:00,2025-06-22T15:27:00,3
00662113,Cloverfield Lane,2025-06-22,2025-06-22T15:41:00,2025-06-22T15:40:00,6
00113147,Bradshaw Street,2025-06-22,2025-06-22T16:03:00,2025-06-22T15:59:00,10
00261521,Elm Street,2025-06-22,2025-06-22T16:07:00,2025-06-22T16:09:00,36
00113264,Ocean Avenue,2025-06-22,2025-06-22T16:12:00,2025-06-22T16:14:00,21
00115521,Jump Street,2025-06-22,2025-06-22T16:15:00,2025-06-22T16:25:00,16
00311532,Fury Road,2025-06-22,2025-06-22T16:22:00,2025-06-22T16:31:00,11
00662113,Cloverfield Lane,2025-06-22,2025-06-22T16:41:00,2025-06-22T16:40:00,2
00113147,Bradshaw Street,2025-06-22,2025-06-22T17:03:00,2025-06-22T17:00:00,18
00261521,Elm Street,2025-06-22,2025-06-22T17:07:00,2025-06-22T17:08:00,29
00113264,Ocean Avenue,2025-06-22,2025-06-22T17:12:00,2025-06-22T17:18:00,19
00115521,Jump Street,2025-06-22,2025-06-22T17:15:00,2025-06-22T17:23:00,25
00311532,Fury Road,2025-06-22,2025-06-22T17:22:00,2025-06-22T17:26:00,10
00662113,Cloverfield Lane,2025-06-22,2025-06-22T17:41:00,2025-06-22T17:39:00,8
00113147,Bradshaw Street,2025-06-22,2025-06-22T18:03:00,none,0
00261521,Elm Street,2025-06-22,2025-06-22T18:07:00,2025-06-22T18:09:00,23
00113264,Ocean Avenue,2025-06-22,2025-06-22T18:12:00,2025-06-22T18:14:00,12
00115521,Jump Street,2025-06-22,2025-06-22T18:15:00,2025-06-22T18:25:00,15
00311532,Fury Road,2025-06-22,2025-06-22T18:22:00,2025-06-22T18:29:00,9
00662113,Cloverfield Lane,2025-06-22,2025-06-22T18:41:00,2025-06-22T18:40:00,7
00113147,Bradshaw Street,2025-06-22,2025-06-22T19:03:00,2025-06-22T19:00:00,0
00261521,Elm Street,2025-06-22,2025-06-22T19:07:00,2025-06-22T19:09:00,4
00113264,Ocean Avenue,2025-06-22,2025-06-22T19:12:00,2025-06-22T19:16:00,16
00115521,Jump Street,2025-06-22,2025-06-22T19:15:00,2025-06-22T19:25:00,9
00311532,Fury Road,2025-06-22,2025-06-22T19:22:00,2025-06-22T19:26:00,5
00662113,Cloverfield Lane,2025-06-22,2025-06-22T19:41:00,2025-06-22T19:40:00,2
00113147,Bradshaw Street,2025-06-22,2025-06-22T20:03:00,2025-06-22T20:03:00,8
00261521,Elm Street,2025-06-22,2025-06-22T20:07:00,2025-06-22T20:07:00,2
00113264,Ocean Avenue,2025-06-22,2025-06-22T20:12:00,2025-06-22T20:13:00,6
00115521,Jump Street,2025-06-22,2025-06-22T20:15:00,2025-06-22T20:24:00,12
00311532,Fury Road,2025-06-22,2025-06-22T20:22:00,2025-06-22T20:27:00,0
00662113,Cloverfield Lane,2025-06-22,2025-06-22T20:41:00,2025-06-22T20:38:00,4
00113147,Bradshaw Street,2025-06-22,2025-06-22T21:03:00,2025-06-22T21:00:00,6
00261521,Elm Street,2025-06-22,2025-06-22T21:07:00,2025-06-22T21:09:00,15
00113264,Ocean Avenue,2025-06-22,2025-06-22T21:12:00,2025-06-22T21:12:00,0
00115521,Jump Street,2025-06-22,2025-06-22T21:15:00,2025-06-22T21:24:00,0
00311532,Fury Road,2025-06-22,2025-06-22T21:22:00,2025-06-22T21:27:00,5
00662113,Cloverfield Lane,2025-06-22,2025-06-22T21:41:00,2025-06-22T21:39:00,2
00113147,Bradshaw Street,2025-06-23,2025-06-23T06:03:00,2025-06-23T06:00:00,4
00261521,Elm Street,2025-06-23,2025-06-23T06:07:00,none,0
00113264,Ocean Avenue,2025-06-23,2025-06-23T06:12:00,2025-06-23T06:17:00,17
00115521,Jump Street,2025-06-23,2025-06-23T06:15:00,2025-06-23T06:27:00,16
00311532,Fury Road,2025-06-23,2025-06-23T06:22:00,2025-06-23T06:29:00,5
00662113,Cloverfield Lane,2025-06-23,2025-06-23T06:41:00,2025-06-23T06:42:00,4
00113147,Bradshaw Street,2025-06-23,2025-06-23T07:03:00,2025-06-23T06:59:00,26
00261521,Elm Street,2025-06-23,2025-06-23T07:07:00,2025-06-23T07:08:00,47
00113264,Ocean Avenue,2025-06-23,2025-06-23T07:12:00,2025-06-23T07:16:00,41
00115521,Jump Street,2025-06-23,2025-06-23T07:15:00,2025-06-23T07:24:00,13
00311532,Fury Road,2025-06-23,2025-06-23T07:22:00,2025-06-23T07:29:00,6
00662113,Cloverfield Lane,2025-06-23,2025-06-23T07:41:00,2025-06-23T07:41:00,7
00113147,Bradshaw Street,2025-06-23,2025-06-23T08:03:00,2025-06-23T07:59:00,20
00261521,Elm Street,2025-06-23,2025-06-23T08:07:00,2025-06-23T08:08:00,59
00113264,Ocean Avenue,2025-06-23,2025-06-23T08:12:00,2025-06-23T08:18:00,38
00115521,Jump Street,2025-06-23,2025-06-23T08:15:00,2025-06-23T08:25:00,23
00311532,Fury Road,2025-06-23,2025-06-23T08:22:00,2025-06-23T08:31:00,13
00662113,Cloverfield Lane,2025-06-23,2025-06-23T08:41:00,2025-06-23T08:39:00,6
00113147,Bradshaw Street,2025-06-23,2025-06-23T09:03:00,2025-06-23T09:01:00,21
00261521,Elm Street,2025-06-23,2025-06-23T09:07:00,2025-06-23T09:08:00,60
00113264,Ocean Avenue,2025-06-23,2025-06-23T09:12:00,2025-06-23T09:16:00,40
00115521,Jump Street,2025-06-23,2025-06-23T09:15:00,2025-06-23T09:25:00,32
00311532,Fury Road,2025-06-23,2025-06-23T09:22:00,2025-06-23T09:29:00,13
00662113,Cloverfield Lane,2025-06-23,2025-06-23T09:41:00,2025-06-23T09:38:00,4
00113147,Bradshaw Street,2025-06-23,2025-06-23T10:03:00,2025-06-23T10:02:00,7
00261521,Elm Street,2025-06-23,2025-06-23T10:07:00,2025-06-23T10:07:00,26
00113264,Ocean Avenue,2025-06-23,2025-06-23T10:12:00,2025-06-23T10:15:00,20
00115521,Jump Street,2025-06-23,2025-06-23T10:15:00,2025-06-23T10:28:00,8
00311532,Fury Road,2025-06-23,2025-06-23T10:22:00,2025-06-23T10:24:00,4
00662113,Cloverfield Lane,2025-06-23,2025-06-23T10:41:00,2025-06-23T10:40:00,9
00113147,Bradshaw Street,2025-06-23,2025-06-23T11:03:00,2025-06-23T11:01:00,15
00261521,Elm Street,2025-06-23,2025-06-23T11:07:00,2025-06-23T11:09:00,19
00113264,Ocean Avenue,2025-06-23,2025-06-23T11:12:00,2025-06-23T11:17:00,14
00115521,Jump Street,2025-06-23,2025-06-23T11:15:00,2025-06-23T11:25:00,14
00311532,Fury Road,2025-06-23,2025-06-23T11:22:00,2025-06-23T11:28:00,6
00662113,Cloverfield Lane,2025-06-23,2025-06-23T11:41:00,2025-06-23T11:38:00,7
00113147,Bradshaw Street,2025-06-23,2025-06-23T12:03:00,2025-06-23T12:03:00,17
00261521,Elm Street,2025-06-23,2025-06-23T12:07:00,2025-06-23T12:07:00,15
00113264,Ocean Avenue,2025-06-23,2025-06-23T12:12:00,2025-06-23T12:16:00,19
00115521,Jump Street,2025-06-23,2025-06-23T12:15:00,2025-06-23T12:20:00,12
00311532,Fury Road,2025-06-23,2025-06-23T12:22:00,2025-06-23T12:27:00,8
00662113,Cloverfield Lane,2025-06-23,2025-06-23T12:41:00,2025-06-23T12:39:00,11
00113147,Bradshaw Street,2025-06-23,2025-06-23T13:03:00,2025-06-23T13:01:00,7
00261521,Elm Street,2025-06-23,2025-06-23T13:07:00,2025-06-23T13:05:00,20
00113264,Ocean Avenue,2025-06-23,2025-06-23T13:12:00,2025-06-23T13:16:00,8
00115521,Jump Street,2025-06-23,2025-06-23T13:15:00,2025-06-23T13:28:00,10
00311532,Fury Road,2025-06-23,2025-06-23T13:22:00,2025-06-23T13:18:00,11
00662113,Cloverfield Lane,2025-06-23,2025-06-23T13:41:00,2025-06-23T13:37:00,12
00113147,Bradshaw Street,2025-06-23,2025-06-23T14:03:00,2025-06-23T14:02:00,11
00261521,Elm Street,2025-06-23,2025-06-23T14:07:00,2025-06-23T14:09:00,38
00113264,Ocean Avenue,2025-06-23,2025-06-23T14:12:00,2025-06-23T14:16:00,21
00115521,Jump Street,2025-06-23,2025-06-23T14:15:00,2025-06-23T14:26:00,23
00311532,Fury Road,2025-06-23,2025-06-23T14:22:00,2025-06-23T14:24:00,8
00662113,Cloverfield Lane,2025-06-23,2025-06-23T14:41:00,2025-06-23T14:38:00,3
00113147,Bradshaw Street,2025-06-23,2025-06-23T15:03:00,2025-06-23T15:00:00,15
00261521,Elm Street,2025-06-23,2025-06-23T15:07:00,2025-06-23T15:07:00,25
00113264,Ocean Avenue,2025-06-23,2025-06-23T15:12:00,2025-06-23T15:16:00,19
00115521,Jump Street,2025-06-23,2025-06-23T15:15:00,2025-06-23T15:25:00,11
00311532,Fury Road,2025-06-23,2025-06-23T15:22:00,2025-06-23T15:27:00,15
00662113,Cloverfield Lane,2025-06-23,2025-06-23T15:41:00,2025-06-23T15:39:00,10
00113147,Bradshaw Street,2025-06-23,2025-06-23T16:03:00,2025-06-23T16:01:00,17
00261521,Elm Street,2025-06-23,2025-06-23T16:07:00,2025-06-23T16:07:00,49
00113264,Ocean Avenue,2025-06-23,2025-06-23T16:12:00,2025-06-23T16:12:00,35
00115521,Jump Street,2025-06-23,2025-06-23T16:15:00,2025-06-23T16:26:00,39
00311532,Fury Road,2025-06-23,2025-06-23T16:22:00,2025-06-23T16:27:00,13
00662113,Cloverfield Lane,2025-06-23,2025-06-23T16:41:00,2025-06-23T16:39:00,4
00113147,Bradshaw Street,2025-06-23,2025-06-23T17:03:00,2025-06-23T17:00:00,17
00261521,Elm Street,2025-06-23,2025-06-23T17:07:00,2025-06-23T17:09:00,36
00113264,Ocean Avenue,2025-06-23,2025-06-23T17:12:00,2025-06-23T17:17:00,35
00115521,Jump Street,2025-06-23,2025-06-23T17:15:00,2025-06-23T17:23:00,37
00311532,Fury Road,2025-06-23,2025-06-23T17:22:00,2025-06-23T17:27:00,13
00662113,Cloverfield Lane,2025-06-23,2025-06-23T17:41:00,2025-06-23T17:42:00,14
00113147,Bradshaw Street,2025-06-23,2025-06-23T18:03:00,2025-06-23T17:58:00,15
00261521,Elm Street,2025-06-23,2025-06-23T18:07:00,2025-06-23T18:05:00,50
00113264,Ocean Avenue,2025-06-23,2025-06-23T18:12:00,2025-06-23T18:17:00,44
00115521,Jump Street,2025-06-23,2025-06-23T18:15:00,2025-06-23T18:25:00,28
00311532,Fury Road,2025-06-23,2025-06-23T18:22:00,2025-06-23T18:25:00,10
00662113,Cloverfield Lane,2025-06-23,2025-06-23T18:41:00,2025-06-23T18:41:00,7
00113147,Bradshaw Street,2025-06-23,2025-06-23T19:03:00,2025-06-23T19:04:00,8
00261521,Elm Street,2025-06-23,2025-06-23T19:07:00,2025-06-23T19:08:00,15
00113264,Ocean Avenue,2025-06-23,2025-06-23T19:12:00,2025-06-23T19:15:00,15
00115521,Jump Street,2025-06-23,2025-06-23T19:15:00,2025-06-23T19:24:00,21
00311532,Fury Road,2025-06-23,2025-06-23T19:22:00,2025-06-23T19:22:00,12
00662113,Cloverfield Lane,2025-06-23,2025-06-23T19:41:00,2025-06-23T19:38:00,2
00113147,Bradshaw Street,2025-06-23,2025-06-23T20:03:00,2025-06-23T19:59:00,17
00261521,Elm Street,2025-06-23,2025-06-23T20:07:00,2025-06-23T20:09:00,31
00113264,Ocean Avenue,2025-06-23,2025-06-23T20:12:00,2025-06-23T20:18:00,14
00115521,Jump Street,2025-06-23,2025-06-23T20:15:00,2025-06-23T20:24:00,11
00311532,Fury Road,2025-06-23,2025-06-23T20:22:00,2025-06-23T20:28:00,10
00662113,Cloverfield Lane,2025-06-23,2025-06-23T20:41:00,2025-06-23T20:40:00,5
00113147,Bradshaw Street,2025-06-23,2025-06-23T21:03:00,2025-06-23T20:59:00,11
00261521,Elm Street,2025-06-23,2025-06-23T21:07:00,2025-06-23T21:06:00,30
00113264,Ocean Avenue,2025-06-23,2025-06-23T21:12:00,2025-06-23T21:16:00,20
00115521,Jump Street,2025-06-23,2025-06-23T21:15:00,2025-06-23T21:28:00,12
00311532,Fury Road,2025-06-23,2025-06-23T21:22:00,2025-06-23T21:25:00,4
00662113,Cloverfield Lane,2025-06-23,2025-06-23T21:41:00,2025-06-23T21:39:00,4
00113147,Bradshaw Street,2025-06-24,2025-06-24T06:03:00,2025-06-24T06:03:00,13
00261521,Elm Street,2025-06-24,2025-06-24T06:07:00,2025-06-24T06:09:00,19
00113264,Ocean Avenue,2025-06-24,2025-06-24T06:12:00,2025-06-24T06:14:00,3
00115521,Jump Street,2025-06-24,2025-06-24T06:15:00,2025-06-24T06:26:00,5
00311532,Fury Road,2025-06-24,2025-06-24T06:22:00,2025-06-24T06:26:00,0
00662113,Cloverfield Lane,2025-06-24,2025-06-24T06:41:00,2025-06-24T06:40:00,5
00113147,Bradshaw Street,2025-06-24,2025-06-24T07:03:00,2025-06-24T07:00:00,21
00261521,Elm Street,2025-06-24,2025-06-24T07:07:00,2025-06-24T07:06:00,60
00113264,Ocean Avenue,2025-06-24,2025-06-24T07:12:00,2025-06-24T07:16:00,35
00115521,Jump Street,2025-06-24,2025-06-24T07:15:00,2025-06-24T07:27:00,21
00311532,Fury Road,2025-06-24,2025-06-24T07:22:00,2025-06-24T07:28:00,6
00662113,Cloverfield Lane,2025-06-24,2025-06-24T07:41:00,2025-06-24T07:39:00,0
00113147,Bradshaw Street,2025-06-24,2025-06-24T08:03:00,2025-06-24T08:00:00,31
00261521,Elm Street,2025-06-24,2025-06-24T08:07:00,2025-06-24T08:04:00,60
00113264,Ocean Avenue,2025-06-24,2025-06-24T08:12:00,2025-06-24T08:15:00,37
00115521,Jump Street,2025-06-24,2025-06-24T08:15:00,2025-06-24T08:24:00,37
00311532,Fury Road,2025-06-24,2025-06-24T08:22:00,2025-06-24T08:24:00,11
00662113,Cloverfield Lane,2025-06-24,2025-06-24T08:41:00,2025-06-24T08:42:00,10
00113147,Bradshaw Street,2025-06-24,2025-06-24T09:03:00,2025-06-24T09:00:00,28
00261521,Elm Street,2025-06-24,2025-06-24T09:07:00,2025-06-24T09:08:00,33
00113264,Ocean Avenue,2025-06-24,2025-06-24T09:12:00,2025-06-24T09:16:00,36
00115521,Jump Street,2025-06-24,2025-06-24T09:15:00,2025-06-24T09:24:00,27
00311532,Fury Road,2025-06-24,2025-06-24T09:22:00,2025-06-24T09:28:00,13
00662113,Cloverfield Lane,2025-06-24,2025-06-24T09:41:00,2025-06-24T09:41:00,11
00113147,Bradshaw Street,2025-06-24,2025-06-24T10:03:00,2025-06-24T09:58:00,6
00261521,Elm Street,2025-06-24,2025-06-24T10:07:00,2025-06-24T10:06:00,35
00113264,Ocean Avenue,2025-06-24,2025-06-24T10:12:00,2025-06-24T10:17:00,22
00115521,Jump Street,2025-06-24,2025-06-24T10:15:00,2025-06-24T10:27:00,5
00311532,Fury Road,2025-06-24,2025-06-24T10:22:00,2025-06-24T10:30:00,4
00662113,Cloverfield Lane,2025-06-24,2025-06-24T10:41:00,2025-06-24T10:39:00,7
00113147,Bradshaw Street,2025-06-24,2025-06-24T11:03:00,2025-06-24T11:00:00,23
00261521,Elm Street,2025-06-24,2025-06-24T11:07:00,2025-06-24T11:05:00,37
00113264,Ocean Avenue,2025-06-24,2025-06-24T11:12:00,2025-06-24T11:15:00,23
00115521,Jump Street,2025-06-24,2025-06-24T11:15:00,2025-06-24T11:25:00,11
00311532,Fury Road,2025-06-24,2025-06-24T11:22:00,2025-06-24T11:29:00,14
00662113,Cloverfield Lane,2025-06-24,2025-06-24T11:41:00,2025-06-24T11:42:00,9
00113147,Bradshaw Street,2025-06-24,2025-06-24T12:03:00,2025-06-24T12:00:00,13
00261521,Elm Street,2025-06-24,2025-06-24T12:07:00,2025-06-24T12:04:00,23
00113264,Ocean Avenue,2025-06-24,2025-06-24T12:12:00,2025-06-24T12:15:00,17
00115521,Jump Street,2025-06-24,2025-06-24T12:15:00,2025-06-24T12:25:00,25
00311532,Fury Road,2025-06-24,2025-06-24T12:22:00,2025-06-24T12:31:00,11
00662113,Cloverfield Lane,2025-06-24,2025-06-24T12:41:00,2025-06-24T12:40:00,7
00113147,Bradshaw Street,2025-06-24,2025-06-24T13:03:00,2025-06-24T13:01:00,15
00261521,Elm Street,2025-06-24,2025-06-24T13:07:00,2025-06-24T13:07:00,16
00113264,Ocean Avenue,2025-06-24,2025-06-24T13:12:00,2025-06-24T13:17:00,29
00115521,Jump Street,2025-06-24,2025-06-24T13:15:00,2025-06-24T13:25:00,21
00311532,Fury Road,2025-06-24,2025-06-24T13:22:00,2025-06-24T13:30:00,5
00662113,Cloverfield Lane,2025-06-24,2025-06-24T13:41:00,2025-06-24T13:38:00,10
00113147,Bradshaw Street,2025-06-24,2025-06-24T14:03:00,2025-06-24T13:56:00,8
00261521,Elm Street,2025-06-24,2025-06-24T14:07:00,2025-06-24T14:11:00,35
00113264,Ocean Avenue,2025-06-24,2025-06-24T14:12:00,2025-06-24T14:13:00,25
00115521,Jump Street,2025-06-24,2025-06-24T14:15:00,2025-06-24T14:30:00,16
00311532,Fury Road,2025-06-24,2025-06-24T14:22:00,2025-06-24T14:27:00,9
00662113,Cloverfield Lane,2025-06-24,2025-06-24T14:41:00,2025-06-24T14:40:00,6
00113147,Bradshaw Street,2025-06-24,2025-06-24T15:03:00,2025-06-24T15:01:00,13
00261521,Elm Street,2025-06-24,2025-06-24T15:07:00,2025-06-24T15:10:00,13
00113264,Ocean Avenue,2025-06-24,2025-06-24T15:12:00,2025-06-24T15:13:00,9
00115521,Jump Street,2025-06-24,2025-06-24T15:15:00,2025-06-24T15:22:00,6
00311532,Fury Road,2025-06-24,2025-06-24T15:22:00,2025-06-24T15:31:00,7
00662113,Cloverfield Lane,2025-06-24,2025-06-24T15:41:00,2025-06-24T15:37:00,11
00113147,Bradshaw Street,2025-06-24,2025-06-24T16:03:00,2025-06-24T16:01:00,8
00261521,Elm Street,2025-06-24,2025-06-24T16:07:00,none,0
00113264,Ocean Avenue,2025-06-24,2025-06-24T16:12:00,2025-06-24T16:18:00,24
00115521,Jump Street,2025-06-24,2025-06-24T16:15:00,2025-06-24T16:25:00,37
00311532,Fury Road,2025-06-24,2025-06-24T16:22:00,2025-06-24T16:30:00,13
00662113,Cloverfield Lane,2025-06-24,2025-06-24T16:41:00,2025-06-24T16:41:00,9
00113147,Bradshaw Street,2025-06-24,2025-06-24T17:03:00,2025-06-24T17:00:00,3
00261521,Elm Street,2025-06-24,2025-06-24T17:07:00,2025-06-24T17:06:00,46
00113264,Ocean Avenue,2025-06-24,2025-06-24T17:12:00,2025-06-24T17:16:00,26
00115521,Jump Street,2025-06-24,2025-06-24T17:15:00,2025-06-24T17:24:00,33
00311532,Fury Road,2025-06-24,2025-06-24T17:22:00,2025-06-24T17:24:00,17
00662113,Cloverfield Lane,2025-06-24,2025-06-24T17:41:00,2025-06-24T17:39:00,3
00113147,Bradshaw Street,2025-06-24,2025-06-24T18:03:00,2025-06-24T18:03:00,20
00261521,Elm Street,2025-06-24,2025-06-24T18:07:00,2025-06-24T18:08:00,41
00113264,Ocean Avenue,2025-06-24,2025-06-24T18:12:00,2025-06-24T18:16:00,31
00115521,Jump Street,2025-06-24,2025-06-24T18:15:00,2025-06-24T18:22:00,38
00311532,Fury Road,2025-06-24,2025-06-24T18:22:00,2025-06-24T18:28:00,15
00662113,Cloverfield Lane,2025-06-24,2025-06-24T18:41:00,2025-06-24T18:40:00,5
00113147,Bradshaw Street,2025-06-24,2025-06-24T19:03:00,2025-06-24T18:59:00,5
00261521,Elm Street,2025-06-24,2025-06-24T19:07:00,2025-06-24T19:11:00,22
00113264,Ocean Avenue,2025-06-24,2025-06-24T19:12:00,2025-06-24T19:11:00,24
00115521,Jump Street,2025-06-24,2025-06-24T19:15:00,2025-06-24T19:26:00,17
00311532,Fury Road,2025-06-24,2025-06-24T19:22:00,2025-06-24T19:25:00,6
00662113,Cloverfield Lane,2025-06-24,2025-06-24T19:41:00,2025-06-24T19:41:00,3
00113147,Bradshaw Street,2025-06-24,2025-06-24T20:03:00,2025-06-24T19:58:00,10
00261521,Elm Street,2025-06-24,2025-06-24T20:07:00,2025-06-24T20:08:00,44
00113264,Ocean Avenue,2025-06-24,2025-06-24T20:12:00,2025-06-24T20:17:00,20
00115521,Jump Street,2025-06-24,2025-06-24T20:15:00,2025-06-24T20:23:00,18
00311532,Fury Road,2025-06-24,2025-06-24T20:22:00,2025-06-24T20:25:00,14
00662113,Cloverfield Lane,2025-06-24,2025-06-24T20:41:00,2025-06-24T20:40:00,9
00113147,Bradshaw Street,2025-06-24,2025-06-24T21:03:00,2025-06-24T20:58:00,14
00261521,Elm Street,2025-06-24,2025-06-24T21:07:00,2025-06-24T21:13:00,30
00113264,Ocean Avenue,2025-06-24,2025-06-24T21:12:00,2025-06-24T21:13:00,15
00115521,Jump Street,2025-06-24,2025-06-24T21:15:00,2025-06-24T21:29:00,27
00311532,Fury Road,2025-06-24,2025-06-24T21:22:00,2025-06-24T21:27:00,4
00662113,Cloverfield Lane,2025-06-24,2025-06-24T21:41:00,2025-06-24T21:39:00,3
00113147,Bradshaw Street,2025-06-25,2025-06-25T06:03:00,2025-06-25T05:58:00,6
00261521,Elm Street,2025-06-25,2025-06-25T06:07:00,none,0
00113264,Ocean Avenue,2025-06-25,2025-06-25T06:12:00,2025-06-25T06:12:00,4
00115521,Jump Street,2025-06-25,2025-06-25T06:15:00,2025-06-25T06:27:00,3
00311532,Fury Road,2025-06-25,2025-06-25T06:22:00,2025-06-25T06:26:00,4
00662113,Cloverfield Lane,2025-06-25,2025-06-25T06:41:00,2025-06-25T06:38:00,7
00113147,Bradshaw Street,2025-06-25,2025-06-25T07:03:00,2025-06-25T07:01:00,27
00261521,Elm Street,2025-06-25,2025-06-25T07:07:00,none,0
00113264,Ocean Avenue,2025-06-25,2025-06-25T07:12:00,2025-06-25T07:17:00,45
00115521,Jump Street,2025-06-25,2025-06-25T07:15:00,2025-06-25T07:25:00,21
00311532,Fury Road,2025-06-25,2025-06-25T07:22:00,2025-06-25T07:27:00,4
00662113,Cloverfield Lane,2025-06-25,2025-06-25T07:41:00,2025-06-25T07:44:00,6
00113147,Bradshaw Street,2025-06-25,2025-06-25T08:03:00,2025-06-25T08:02:00,24
00261521,Elm Street,2025-06-25,2025-06-25T08:07:00,2025-06-25T08:08:00,56
00113264,Ocean Avenue,2025-06-25,2025-06-25T08:12:00,2025-06-25T08:16:00,32
00115521,Jump Street,2025-06-25,2025-06-25T08:15:00,2025-06-25T08:25:00,21
00311532,Fury Road,2025-06-25,2025-06-25T08:22:00,2025-06-25T08:31:00,16
00662113,Cloverfield Lane,2025-06-25,2025-06-25T08:41:00,2025-06-25T08:38:00,9
00113147,Bradshaw Street,2025-06-25,2025-06-25T09:03:00,2025-06-25T09:02:00,21
00261521,Elm Street,2025-06-25,2025-06-25T09:07:00,2025-06-25T09:09:00,55
00113264,Ocean Avenue,2025-06-25,2025-06-25T09:12:00,2025-06-25T09:17:00,33
00115521,Jump Street,2025-06-25,2025-06-25T09:15:00,2025-06-25T09:26:00,31
00311532,Fury Road,2025-06-25,2025-06-25T09:22:00,2025-06-25T09:28:00,17
00662113,Cloverfield Lane,2025-06-25,2025-06-25T09:41:00,2025-06-25T09:42:00,4
00113147,Bradshaw Street,2025-06-25,2025-06-25T10:03:00,2025-06-25T10:01:00,14
00261521,Elm Street,2025-06-25,2025-06-25T10:07:00,2025-06-25T10:09:00,26
00113264,Ocean Avenue,2025-06-25,2025-06-25T10:12:00,2025-06-25T10:15:00,17
00115521,Jump Street,2025-06-25,2025-06-25T10:15:00,2025-06-25T10:25:00,16
00311532,Fury Road,2025-06-25,2025-06-25T10:22:00,2025-06-25T10:28:00,14
00662113,Cloverfield Lane,2025-06-25,2025-06-25T10:41:00,2025-06-25T10:38:00,5
00113147,Bradshaw Street,2025-06-25,2025-06-25T11:03:00,2025-06-25T11:01:00,24
00261521,Elm Street,2025-06-25,2025-06-25T11:07:00,2025-06-25T11:10:00,20
00113264,Ocean Avenue,2025-06-25,2025-06-25T11:12:00,2025-06-25T11:17:00,16
00115521,Jump Street,2025-06-25,2025-06-25T11:15:00,2025-06-25T11:23:00,26
00311532,Fury Road,2025-06-25,2025-06-25T11:22:00,2025-06-25T11:28:00,17
00662113,Cloverfield Lane,2025-06-25,2025-06-25T11:41:00,2025-06-25T11:41:00,6
00113147,Bradshaw Street,2025-06-25,2025-06-25T12:03:00,2025-06-25T11:57:00,13
00261521,Elm Street,2025-06-25,2025-06-25T12:07:00,2025-06-25T12:09:00,45
00113264,Ocean Avenue,2025-06-25,2025-06-25T12:12:00,2025-06-25T12:13:00,7
00115521,Jump Street,2025-06-25,2025-06-25T12:15:00,2025-06-25T12:28:00,15
00311532,Fury Road,2025-06-25,2025-06-25T12:22:00,2025-06-25T12:28:00,14
00662113,Cloverfield Lane,2025-06-25,2025-06-25T12:41:00,2025-06-25T12:41:00,7
00113147,Bradshaw Street,2025-06-25,2025-06-25T13:03:00,2025-06-25T13:00:00,17
00261521,Elm Street,2025-06-25,2025-06-25T13:07:00,2025-06-25T13:11:00,36
00113264,Ocean Avenue,2025-06-25,2025-06-25T13:12:00,2025-06-25T13:15:00,17
00115521,Jump Street,2025-06-25,2025-06-25T13:15:00,2025-06-25T13:22:00,26
00311532,Fury Road,2025-06-25,2025-06-25T13:22:00,2025-06-25T13:29:00,13
00662113,Cloverfield Lane,2025-06-25,2025-06-25T13:41:00,2025-06-25T13:40:00,5
00113147,Bradshaw Street,2025-06-25,2025-06-25T14:03:00,2025-06-25T14:01:00,22
00261521,Elm Street,2025-06-25,2025-06-25T14:07:00,2025-06-25T14:07:00,18
00113264,Ocean Avenue,2025-06-25,2025-06-25T14:12:00,2025-06-25T14:13:00,29
00115521,Jump Street,2025-06-25,2025-06-25T14:15:00,2025-06-25T14:28:00,3
00311532,Fury Road,2025-06-25,2025-06-25T14:22:00,2025-06-25T14:24:00,9
00662113,Cloverfield Lane,2025-06-25,2025-06-25T14:41:00,2025-06-25T14:38:00,11
00113147,Bradshaw Street,2025-06-25,2025-06-25T15:03:00,2025-06-25T15:00:00,1
00261521,Elm Street,2025-06-25,2025-06-25T15:07:00,2025-06-25T15:09:00,31
00113264,Ocean Avenue,2025-06-25,2025-06-25T15:12:00,2025-06-25T15:13:00,32
00115521,Jump Street,2025-06-25,2025-06-25T15:15:00,2025-06-25T15:21:00,18
00311532,Fury Road,2025-06-25,2025-06-25T15:22:00,2025-06-25T15:27:00,13
00662113,Cloverfield Lane,2025-06-25,2025-06-25T15:41:00,2025-06-25T15:41:00,9
00113147,Bradshaw Street,2025-06-25,2025-06-25T16:03:00,2025-06-25T15:58:00,14
00261521,Elm Street,2025-06-25,2025-06-25T16:07:00,2025-06-25T16:10:00,52
00113264,Ocean Avenue,2025-06-25,2025-06-25T16:12:00,2025-06-25T16:16:00,24
00115521,Jump Street,2025-06-25,2025-06-25T16:15:00,2025-06-25T16:25:00,37
00311532,Fury Road,2025-06-25,2025-06-25T16:22:00,2025-06-25T16:27:00,4
00662113,Cloverfield Lane,2025-06-25,2025-06-25T16:41:00,2025-06-25T16:40:00,11
00113147,Bradshaw Street,2025-06-25,2025-06-25T17:03:00,2025-06-25T16:58:00,3
00261521,Elm Street,2025-06-25,2025-06-25T17:07:00,2025-06-25T17:09:00,40
00113264,Ocean Avenue,2025-06-25,2025-06-25T17:12:00,2025-06-25T17:13:00,38
00115521,Jump Street,2025-06-25,2025-06-25T17:15:00,2025-06-25T17:25:00,35
00311532,Fury Road,2025-06-25,2025-06-25T17:22:00,2025-06-25T17:27:00,14
00662113,Cloverfield Lane,2025-06-25,2025-06-25T17:41:00,2025-06-25T17:38:00,14
00113147,Bradshaw Street,2025-06-25,2025-06-25T18:03:00,2025-06-25T18:01:00,19
00261521,Elm Street,2025-06-25,2025-06-25T18:07:00,2025-06-25T18:09:00,35
00113264,Ocean Avenue,2025-06-25,2025-06-25T18:12:00,2025-06-25T18:16:00,32
00115521,Jump Street,2025-06-25,2025-06-25T18:15:00,2025-06-25T18:23:00,37
00311532,Fury Road,2025-06-25,2025-06-25T18:22:00,2025-06-25T18:28:00,14
00662113,Cloverfield Lane,2025-06-25,2025-06-25T18:41:00,2025-06-25T18:40:00,5
00113147,Bradshaw Street,2025-06-25,2025-06-25T19:03:00,2025-06-25T18:59:00,15
00261521,Elm Street,2025-06-25,2025-06-25T19:07:00,2025-06-25T19:09:00,16
00113264,Ocean Avenue,2025-06-25,2025-06-25T19:12:00,2025-06-25T19:13:00,30
00115521,Jump Street,2025-06-25,2025-06-25T19:15:00,2025-06-25T19:30:00,26
00311532,Fury Road,2025-06-25,2025-06-25T19:22:00,2025-06-25T19:28:00,8
00662113,Cloverfield Lane,2025-06-25,2025-06-25T19:41:00,2025-06-25T19:36:00,10
00113147,Bradshaw Street,2025-06-25,2025-06-25T20:03:00,2025-06-25T20:02:00,10
00261521,Elm Street,2025-06-25,2025-06-25T20:07:00,2025-06-25T20:08:00,44
00113264,Ocean Avenue,2025-06-25,2025-06-25T20:12:00,2025-06-25T20:17:00,9
00115521,Jump Street,2025-06-25,2025-06-25T20:15:00,2025-06-25T20:27:00,11
00311532,Fury Road,2025-06-25,2025-06-25T20:22:00,2025-06-25T20:24:00,12
00662113,Cloverfield Lane,2025-06-25,2025-06-25T20:41:00,2025-06-25T20:40:00,5
00113147,Bradshaw Street,2025-06-25,2025-06-25T21:03:00,2025-06-25T20:59:00,19
00261521,Elm Street,2025-06-25,2025-06-25T21:07:00,2025-06-25T21:08:00,12
00113264,Ocean Avenue,2025-06-25,2025-06-25T21:12:00,2025-06-25T21:15:00,6
00115521,Jump Street,2025-06-25,2025-06-25T21:15:00,2025-06-25T21:26:00,10
00311532,Fury Road,2025-06-25,2025-06-25T21:22:00,2025-06-25T21:24:00,12
00662113,Cloverfield Lane,2025-06-25,2025-06-25T21:41:00,2025-06-25T21:39:00,6
00113147,Bradshaw Street,2025-06-26,2025-06-26T06:03:00,2025-06-26T06:00:00,2
00261521,Elm Street,2025-06-26,2025-06-26T06:07:00,2025-06-26T06:07:00,22
00113264,Ocean Avenue,2025-06-26,2025-06-26T06:12:00,2025-06-26T06:17:00,25
00115521,Jump Street,2025-06-26,2025-06-26T06:15:00,2025-06-26T06:27:00,14
00311532,Fury Road,2025-06-26,2025-06-26T06:22:00,2025-06-26T06:24:00,9
00662113,Cloverfield Lane,2025-06-26,2025-06-26T06:41:00,2025-06-26T06:37:00,7
00113147,Bradshaw Street,2025-06-26,2025-06-26T07:03:00,2025-06-26T06:58:00,24
00261521,Elm Street,2025-06-26,2025-06-26T07:07:00,2025-06-26T07:08:00,58
00113264,Ocean Avenue,2025-06-26,2025-06-26T07:12:00,2025-06-26T07:15:00,40
00115521,Jump Street,2025-06-26,2025-06-26T07:15:00,2025-06-26T07:22:00,8
00311532,Fury Road,2025-06-26,2025-06-26T07:22:00,2025-06-26T07:26:00,5
00662113,Cloverfield Lane,2025-06-26,2025-06-26T07:41:00,2025-06-26T07:37:00,10
00113147,Bradshaw Street,2025-06-26,2025-06-26T08:03:00,2025-06-26T08:02:00,19
00261521,Elm Street,2025-06-26,2025-06-26T08:07:00,2025-06-26T08:10:00,49
00113264,Ocean Avenue,2025-06-26,2025-06-26T08:12:00,2025-06-26T08:14:00,44
00115521,Jump Street,2025-06-26,2025-06-26T08:15:00,2025-06-26T08:26:00,26
00311532,Fury Road,2025-06-26,2025-06-26T08:22:00,2025-06-26T08:30:00,11
00662113,Cloverfield Lane,2025-06-26,2025-06-26T08:41:00,2025-06-26T08:38:00,8
00113147,Bradshaw Street,2025-06-26,2025-06-26T09:03:00,2025-06-26T09:01:00,14
00261521,Elm Street,2025-06-26,2025-06-26T09:07:00,2025-06-26T09:09:00,56
00113264,Ocean Avenue,2025-06-26,2025-06-26T09:12:00,2025-06-26T09:16:00,28
00115521,Jump Street,2025-06-26,2025-06-26T09:15:00,2025-06-26T09:25:00,25
00311532,Fury Road,2025-06-26,2025-06-26T09:22:00,2025-06-26T09:31:00,13
00662113,Cloverfield Lane,2025-06-26,2025-06-26T09:41:00,2025-06-26T09:41:00,4
00113147,Bradshaw Street,2025-06-26,2025-06-26T10:03:00,2025-06-26T09:59:00,22
00261521,Elm Street,2025-06-26,2025-06-26T10:07:00,2025-06-26T10:09:00,33
00113264,Ocean Avenue,2025-06-26,2025-06-26T10:12:00,2025-06-26T10:16:00,32
00115521,Jump Street,2025-06-26,2025-06-26T10:15:00,2025-06-26T10:25:00,16
00311532,Fury Road,2025-06-26,2025-06-26T10:22:00,2025-06-26T10:30:00,6
00662113,Cloverfield Lane,2025-06-26,2025-06-26T10:41:00,2025-06-26T10:38:00,8
00113147,Bradshaw Street,2025-06-26,2025-06-26T11:03:00,2025-06-26T11:00:00,11
00261521,Elm Street,2025-06-26,2025-06-26T11:07:00,2025-06-26T11:08:00,28
00113264,Ocean Avenue,2025-06-26,2025-06-26T11:12:00,2025-06-26T11:15:00,22
00115521,Jump Street,2025-06-26,2025-06-26T11:15:00,2025-06-26T11:21:00,18
00311532,Fury Road,2025-06-26,2025-06-26T11:22:00,2025-06-26T11:22:00,2
00662113,Cloverfield Lane,2025-06-26,2025-06-26T11:41:00,2025-06-26T11:38:00,5
00113147,Bradshaw Street,2025-06-26,2025-06-26T12:03:00,2025-06-26T12:00:00,22
00261521,Elm Street,2025-06-26,2025-06-26T12:07:00,none,0
00113264,Ocean Avenue,2025-06-26,2025-06-26T12:12:00,2025-06-26T12:16:00,30
00115521,Jump Street,2025-06-26,2025-06-26T12:15:00,2025-06-26T12:22:00,19
00311532,Fury Road,2025-06-26,2025-06-26T12:22:00,2025-06-26T12:25:00,9
00662113,Cloverfield Lane,2025-06-26,2025-06-26T12:41:00,2025-06-26T12:40:00,8
00113147,Bradshaw Street,2025-06-26,2025-06-26T13:03:00,2025-06-26T13:00:00,0
00261521,Elm Street,2025-06-26,2025-06-26T13:07:00,none,0
00113264,Ocean Avenue,2025-06-26,2025-06-26T13:12:00,2025-06-26T13:16:00,19
00115521,Jump Street,2025-06-26,2025-06-26T13:15:00,2025-06-26T13:24:00,11
00311532,Fury Road,2025-06-26,2025-06-26T13:22:00,2025-06-26T13:25:00,5
00662113,Cloverfield Lane,2025-06-26,2025-06-26T13:41:00,2025-06-26T13:41:00,4
00113147,Bradshaw Street,2025-06-26,2025-06-26T14:03:00,2025-06-26T13:58:00,24
00261521,Elm Street,2025-06-26,2025-06-26T14:07:00,2025-06-26T14:06:00,19
00113264,Ocean Avenue,2025-06-26,2025-06-26T14:12:00,2025-06-26T14:13:00,15
00115521,Jump Street,2025-06-26,2025-06-26T14:15:00,2025-06-26T14:27:00,25
00311532,Fury Road,2025-06-26,2025-06-26T14:22:00,2025-06-26T14:24:00,7
00662113,Cloverfield Lane,2025-06-26,2025-06-26T14:41:00,2025-06-26T14:39:00,6
00113147,Bradshaw Street,2025-06-26,2025-06-26T15:03:00,2025-06-26T14:57:00,21
00261521,Elm Street,2025-06-26,2025-06-26T15:07:00,2025-06-26T15:09:00,27
00113264,Ocean Avenue,2025-06-26,2025-06-26T15:12:00,2025-06-26T15:16:00,19
00115521,Jump Street,2025-06-26,2025-06-26T15:15:00,2025-06-26T15:30:00,9
00311532,Fury Road,2025-06-26,2025-06-26T15:22:00,2025-06-26T15:32:00,11
00662113,Cloverfield Lane,2025-06-26,2025-06-26T15:41:00,2025-06-26T15:40:00,10
00113147,Bradshaw Street,2025-06-26,2025-06-26T16:03:00,2025-06-26T15:59:00,17
00261521,Elm Street,2025-06-26,2025-06-26T16:07:00,2025-06-26T16:11:00,44
00113264,Ocean Avenue,2025-06-26,2025-06-26T16:12:00,2025-06-26T16:18:00,25
00115521,Jump Street,2025-06-26,2025-06-26T16:15:00,2025-06-26T16:27:00,35
00311532,Fury Road,2025-06-26,2025-06-26T16:22:00,2025-06-26T16:25:00,7
00662113,Cloverfield Lane,2025-06-26,2025-06-26T16:41:00,2025-06-26T16:37:00,10
00113147,Bradshaw Street,2025-06-26,2025-06-26T17:03:00,2025-06-26T17:00:00,25
00261521,Elm Street,2025-06-26,2025-06-26T17:07:00,2025-06-26T17:08:00,43
00113264,Ocean Avenue,2025-06-26,2025-06-26T17:12:00,2025-06-26T17:13:00,28
00115521,Jump Street,2025-06-26,2025-06-26T17:15:00,2025-06-26T17:28:00,44
00311532,Fury Road,2025-06-26,2025-06-26T17:22:00,2025-06-26T17:26:00,8
00662113,Cloverfield Lane,2025-06-26,2025-06-26T17:41:00,2025-06-26T17:39:00,5
00113147,Bradshaw Street,2025-06-26,2025-06-26T18:03:00,2025-06-26T18:00:00,17
00261521,Elm Street,2025-06-26,2025-06-26T18:07:00,2025-06-26T18:07:00,38
00113264,Ocean Avenue,2025-06-26,2025-06-26T18:12:00,2025-06-26T18:14:00,38
00115521,Jump Street,2025-06-26,2025-06-26T18:15:00,2025-06-26T18:26:00,31
00311532,Fury Road,2025-06-26,2025-06-26T18:22:00,2025-06-26T18:22:00,2
00662113,Cloverfield Lane,2025-06-26,2025-06-26T18:41:00,2025-06-26T18:40:00,5
00113147,Bradshaw Street,2025-06-26,2025-06-26T19:03:00,2025-06-26T18:58:00,15
00261521,Elm Street,2025-06-26,2025-06-26T19:07:00,2025-06-26T19:06:00,23
00113264,Ocean Avenue,2025-06-26,2025-06-26T19:12:00,2025-06-26T19:17:00,13
00115521,Jump Street,2025-06-26,2025-06-26T19:15:00,2025-06-26T19:29:00,9
00311532,Fury Road,2025-06-26,2025-06-26T19:22:00,2025-06-26T19:27:00,13
00662113,Cloverfield Lane,2025-06-26,2025-06-26T19:41:00,2025-06-26T19:38:00,8
00113147,Bradshaw Street,2025-06-26,2025-06-26T20:03:00,2025-06-26T19:57:00,9
00261521,Elm Street,2025-06-26,2025-06-26T20:07:00,2025-06-26T20:08:00,0
00113264,Ocean Avenue,2025-06-26,2025-06-26T20:12:00,2025-06-26T20:16:00,25
00115521,Jump Street,2025-06-26,2025-06-26T20:15:00,2025-06-26T20:25:00,12
00311532,Fury Road,2025-06-26,2025-06-26T20:22:00,2025-06-26T20:29:00,0
00662113,Cloverfield Lane,2025-06-26,2025-06-26T20:41:00,2025-06-26T20:39:00,3
00113147,Bradshaw Street,2025-06-26,2025-06-26T21:03:00,2025-06-26T21:01:00,16
00261521,Elm Street,2025-06-26,2025-06-26T21:07:00,2025-06-26T21:06:00,31
00113264,Ocean Avenue,2025-06-26,2025-06-26T21:12:00,2025-06-26T21:17:00,28
00115521,Jump Street,2025-06-26,2025-06-26T21:15:00,2025-06-26T21:25:00,9
00311532,Fury Road,2025-06-26,2025-06-26T21:22:00,2025-06-26T21:22:00,4
00662113,Cloverfield Lane,2025-06-26,2025-06-26T21:41:00,2025-06-26T21:39:00,12
00113147,Bradshaw Street,2025-06-27,2025-06-27T06:03:00,2025-06-27T06:00:00,2
00261521,Elm Street,2025-06-27,2025-06-27T06:07:00,2025-06-27T06:07:00,14
00113264,Ocean Avenue,2025-06-27,2025-06-27T06:12:00,2025-06-27T06:17:00,0
00115521,Jump Street,2025-06-27,2025-06-27T06:15:00,2025-06-27T06:28:00,5
00311532,Fury Road,2025-06-27,2025-06-27T06:22:00,2025-06-27T06:27:00,9
00662113,Cloverfield Lane,2025-06-27,2025-06-27T06:41:00,2025-06-27T06:38:00,0
00113147,Bradshaw Street,2025-06-27,2025-06-27T07:03:00,2025-06-27T06:59:00,14
00261521,Elm Street,2025-06-27,2025-06-27T07:07:00,2025-06-27T07:08:00,60
00113264,Ocean Avenue,2025-06-27,2025-06-27T07:12:00,2025-06-27T07:13:00,32
00115521,Jump Street,2025-06-27,2025-06-27T07:15:00,2025-06-27T07:26:00,17
00311532,Fury Road,2025-06-27,2025-06-27T07:22:00,2025-06-27T07:28:00,9
00662113,Cloverfield Lane,2025-06-27,2025-06-27T07:41:00,2025-06-27T07:39:00,8
00113147,Bradshaw Street,2025-06-27,2025-06-27T08:03:00,2025-06-27T08:01:00,28
00261521,Elm Street,2025-06-27,2025-06-27T08:07:00,2025-06-27T08:09:00,59
00113264,Ocean Avenue,2025-06-27,2025-06-27T08:12:00,2025-06-27T08:17:00,33
00115521,Jump Street,2025-06-27,2025-06-27T08:15:00,2025-06-27T08:23:00,29
00311532,Fury Road,2025-06-27,2025-06-27T08:22:00,2025-06-27T08:26:00,7
00662113,Cloverfield Lane,2025-06-27,2025-06-27T08:41:00,2025-06-27T08:43:00,3
00113147,Bradshaw Street,2025-06-27,2025-06-27T09:03:00,2025-06-27T08:57:00,27
00261521,Elm Street,2025-06-27,2025-06-27T09:07:00,2025-06-27T09:08:00,60
00113264,Ocean Avenue,2025-06-27,2025-06-27T09:12:00,2025-06-27T09:15:00,30
00115521,Jump Street,2025-06-27,2025-06-27T09:15:00,2025-06-27T09:26:00,26
00311532,Fury Road,2025-06-27,2025-06-27T09:22:00,2025-06-27T09:29:00,13
00662113,Cloverfield Lane,2025-06-27,2025-06-27T09:41:00,2025-06-27T09:40:00,8
00113147,Bradshaw Street,2025-06-27,2025-06-27T10:03:00,2025-06-27T10:00:00,17
00261521,Elm Street,2025-06-27,2025-06-27T10:07:00,2025-06-27T10:11:00,31
00113264,Ocean Avenue,2025-06-27,2025-06-27T10:12:00,2025-06-27T10:17:00,20
00115521,Jump Street,2025-06-27,2025-06-27T10:15:00,2025-06-27T10:26:00,18
00311532,Fury Road,2025-06-27,2025-06-27T10:22:00,2025-06-27T10:28:00,12
00662113,Cloverfield Lane,2025-06-27,2025-06-27T10:41:00,2025-06-27T10:39:00,3
00113147,Bradshaw Street,2025-06-27,2025-06-27T11:03:00,2025-06-27T10:57:00,19
00261521,Elm Street,2025-06-27,2025-06-27T11:07:00,2025-06-27T11:08:00,32
00113264,Ocean Avenue,2025-06-27,2025-06-27T11:12:00,2025-06-27T11:15:00,29
00115521,Jump Street,2025-06-27,2025-06-27T11:15:00,2025-06-27T11:24:00,15
00311532,Fury Road,2025-06-27,2025-06-27T11:22:00,2025-06-27T11:23:00,16
00662113,Cloverfield Lane,2025-06-27,2025-06-27T11:41:00,2025-06-27T11:39:00,3
00113147,Bradshaw Street,2025-06-27,2025-06-27T12:03:00,2025-06-27T11:58:00,17
00261521,Elm Street,2025-06-27,2025-06-27T12:07:00,2025-06-27T12:07:00,13
00113264,Ocean Avenue,2025-06-27,2025-06-27T12:12:00,2025-06-27T12:17:00,21
00115521,Jump Street,2025-06-27,2025-06-27T12:15:00,2025-06-27T12:23:00,23
00311532,Fury Road,2025-06-27,2025-06-27T12:22:00,2025-06-27T12:25:00,3
00662113,Cloverfield Lane,2025-06-27,2025-06-27T12:41:00,2025-06-27T12:38:00,8
00113147,Bradshaw Street,2025-06-27,2025-06-27T13:03:00,2025-06-27T13:03:00,19
00261521,Elm Street,2025-06-27,2025-06-27T13:07:00,2025-06-27T13:08:00,25
00113264,Ocean Avenue,2025-06-27,2025-06-27T13:12:00,2025-06-27T13:16:00,23
00115521,Jump Street,2025-06-27,2025-06-27T13:15:00,2025-06-27T13:23:00,31
00311532,Fury Road,2025-06-27,2025-06-27T13:22:00,2025-06-27T13:34:00,8
00662113,Cloverfield Lane,2025-06-27,2025-06-27T13:41:00,2025-06-27T13:37:00,9
00113147,Bradshaw Street,2025-06-27,2025-06-27T14:03:00,2025-06-27T13:58:00,17
00261521,Elm Street,2025-06-27,2025-06-27T14:07:00,2025-06-27T14:09:00,29
00113264,Ocean Avenue,2025-06-27,2025-06-27T14:12:00,2025-06-27T14:17:00,29
00115521,Jump Street,2025-06-27,2025-06-27T14:15:00,2025-06-27T14:27:00,20
00311532,Fury Road,2025-06-27,2025-06-27T14:22:00,2025-06-27T14:28:00,7
00662113,Cloverfield Lane,2025-06-27,2025-06-27T14:41:00,2025-06-27T14:39:00,10
00113147,Bradshaw Street,2025-06-27,2025-06-27T15:03:00,2025-06-27T14:59:00,18
00261521,Elm Street,2025-06-27,2025-06-27T15:07:00,none,0
00113264,Ocean Avenue,2025-06-27,2025-06-27T15:12:00,2025-06-27T15:15:00,17
00115521,Jump Street,2025-06-27,2025-06-27T15:15:00,2025-06-27T15:22:00,23
00311532,Fury Road,2025-06-27,2025-06-27T15:22:00,2025-06-27T15:24:00,10
00662113,Cloverfield Lane,2025-06-27,2025-06-27T15:41:00,2025-06-27T15:40:00,3
00113147,Bradshaw Street,2025-06-27,2025-06-27T16:03:00,2025-06-27T16:00:00,20
00261521,Elm Street,2025-06-27,2025-06-27T16:07:00,2025-06-27T16:09:00,33
00113264,Ocean Avenue,2025-06-27,2025-06-27T16:12:00,2025-06-27T16:16:00,28
00115521,Jump Street,2025-06-27,2025-06-27T16:15:00,2025-06-27T16:25:00,30
00311532,Fury Road,2025-06-27,2025-06-27T16:22:00,2025-06-27T16:32:00,18
00662113,Cloverfield Lane,2025-06-27,2025-06-27T16:41:00,2025-06-27T16:40:00,6
00113147,Bradshaw Street,2025-06-27,2025-06-27T17:03:00,2025-06-27T16:59:00,16
00261521,Elm Street,2025-06-27,2025-06-27T17:07:00,2025-06-27T17:09:00,34
00113264,Ocean Avenue,2025-06-27,2025-06-27T17:12:00,2025-06-27T17:13:00,33
00115521,Jump Street,2025-06-27,2025-06-27T17:15:00,2025-06-27T17:23:00,28
00311532,Fury Road,2025-06-27,2025-06-27T17:22:00,2025-06-27T17:27:00,9
00662113,Cloverfield Lane,2025-06-27,2025-06-27T17:41:00,2025-06-27T17:40:00,10
00113147,Bradshaw Street,2025-06-27,2025-06-27T18:03:00,2025-06-27T18:01:00,22
00261521,Elm Street,2025-06-27,2025-06-27T18:07:00,2025-06-27T18:08:00,52
00113264,Ocean Avenue,2025-06-27,2025-06-27T18:12:00,2025-06-27T18:16:00,29
00115521,Jump Street,2025-06-27,2025-06-27T18:15:00,2025-06-27T18:24:00,39
00311532,Fury Road,2025-06-27,2025-06-27T18:22:00,2025-06-27T18:25:00,13
00662113,Cloverfield Lane,2025-06-27,2025-06-27T18:41:00,2025-06-27T18:37:00,11
00113147,Bradshaw Street,2025-06-27,2025-06-27T19:03:00,2025-06-27T18:59:00,10
00261521,Elm Street,2025-06-27,2025-06-27T19:07:00,2025-06-27T19:07:00,13
00113264,Ocean Avenue,2025-06-27,2025-06-27T19:12:00,2025-06-27T19:18:00,3
00115521,Jump Street,2025-06-27,2025-06-27T19:15:00,2025-06-27T19:30:00,27
00311532,Fury Road,2025-06-27,2025-06-27T19:22:00,2025-06-27T19:29:00,3
00662113,Cloverfield Lane,2025-06-27,2025-06-27T19:41:00,2025-06-27T19:40:00,9
00113147,Bradshaw Street,2025-06-27,2025-06-27T20:03:00,2025-06-27T20:00:00,7
00261521,Elm Street,2025-06-27,2025-06-27T20:07:00,2025-06-27T20:06:00,20
00113264,Ocean Avenue,2025-06-27,2025-06-27T20:12:00,2025-06-27T20:13:00,23
00115521,Jump Street,2025-06-27,2025-06-27T20:15:00,2025-06-27T20:24:00,12
00311532,Fury Road,2025-06-27,2025-06-27T20:22:00,2025-06-27T20:25:00,6
00662113,Cloverfield Lane,2025-06-27,2025-06-27T20:41:00,2025-06-27T20:37:00,9
00113147,Bradshaw Street,2025-06-27,2025-06-27T21:03:00,2025-06-27T20:58:00,14
00261521,Elm Street,2025-06-27,2025-06-27T21:07:00,2025-06-27T21:08:00,10
00113264,Ocean Avenue,2025-06-27,2025-06-27T21:12:00,2025-06-27T21:18:00,0
00115521,Jump Street,2025-06-27,2025-06-27T21:15:00,2025-06-27T21:26:00,19
00311532,Fury Road,2025-06-27,2025-06-27T21:22:00,2025-06-27T21:26:00,4
00662113,Cloverfield Lane,2025-06-27,2025-06-27T21:41:00,2025-06-27T21:40:00,3
00113147,Bradshaw Street,2025-06-28,2025-06-28T06:03:00,2025-06-28T06:01:00,3
00261521,Elm Street,2025-06-28,2025-06-28T06:07:00,2025-06-28T06:09:00,9
00113264,Ocean Avenue,2025-06-28,2025-06-28T06:12:00,2025-06-28T06:15:00,5
00115521,Jump Street,2025-06-28,2025-06-28T06:15:00,2025-06-28T06:25:00,7
00311532,Fury Road,2025-06-28,2025-06-28T06:22:00,2025-06-28T06:23:00,0
00662113,Cloverfield Lane,2025-06-28,2025-06-28T06:41:00,2025-06-28T06:38:00,4
00113147,Bradshaw Street,2025-06-28,2025-06-28T07:03:00,2025-06-28T07:00:00,10
00261521,Elm Street,2025-06-28,2025-06-28T07:07:00,2025-06-28T07:11:00,36
00113264,Ocean Avenue,2025-06-28,2025-06-28T07:12:00,2025-06-28T07:18:00,20
00115521,Jump Street,2025-06-28,2025-06-28T07:15:00,2025-06-28T07:28:00,10
00311532,Fury Road,2025-06-28,2025-06-28T07:22:00,2025-06-28T07:27:00,10
00662113,Cloverfield Lane,2025-06-28,2025-06-28T07:41:00,2025-06-28T07:39:00,1
00113147,Bradshaw Street,2025-06-28,2025-06-28T08:03:00,2025-06-28T08:01:00,15
00261521,Elm Street,2025-06-28,2025-06-28T08:07:00,2025-06-28T08:06:00,25
00113264,Ocean Avenue,2025-06-28,2025-06-28T08:12:00,2025-06-28T08:19:00,16
00115521,Jump Street,2025-06-28,2025-06-28T08:15:00,2025-06-28T08:24:00,19
00311532,Fury Road,2025-06-28,2025-06-28T08:22:00,2025-06-28T08:26:00,0
00662113,Cloverfield Lane,2025-06-28,2025-06-28T08:41:00,2025-06-28T08:38:00,6
00113147,Bradshaw Street,2025-06-28,2025-06-28T09:03:00,2025-06-28T08:59:00,20
00261521,Elm Street,2025-06-28,2025-06-28T09:07:00,none,0
00113264,Ocean Avenue,2025-06-28,2025-06-28T09:12:00,2025-06-28T09:16:00,18
00115521,Jump Street,2025-06-28,2025-06-28T09:15:00,2025-06-28T09:28:00,17
00311532,Fury Road,2025-06-28,2025-06-28T09:22:00,2025-06-28T09:28:00,6
00662113,Cloverfield Lane,2025-06-28,2025-06-28T09:41:00,2025-06-28T09:40:00,3
00113147,Bradshaw Street,2025-06-28,2025-06-28T10:03:00,none,0
00261521,Elm Street,2025-06-28,2025-06-28T10:07:00,2025-06-28T10:08:00,8
00113264,Ocean Avenue,2025-06-28,2025-06-28T10:12:00,2025-06-28T10:15:00,21
00115521,Jump Street,2025-06-28,2025-06-28T10:15:00,2025-06-28T10:27:00,19
00311532,Fury Road,2025-06-28,2025-06-28T10:22:00,2025-06-28T10:32:00,2
00662113,Cloverfield Lane,2025-06-28,2025-06-28T10:41:00,2025-06-28T10:42:00,1
00113147,Bradshaw Street,2025-06-28,2025-06-28T11:03:00,2025-06-28T10:59:00,13
00261521,Elm Street,2025-06-28,2025-06-28T11:07:00,2025-06-28T11:11:00,18
00113264,Ocean Avenue,2025-06-28,2025-06-28T11:12:00,2025-06-28T11:14:00,20
00115521,Jump Street,2025-06-28,2025-06-28T11:15:00,2025-06-28T11:29:00,14
00311532,Fury Road,2025-06-28,2025-06-28T11:22:00,2025-06-28T11:26:00,4
00662113,Cloverfield Lane,2025-06-28,2025-06-28T11:41:00,2025-06-28T11:40:00,7
00113147,Bradshaw Street,2025-06-28,2025-06-28T12:03:00,2025-06-28T12:01:00,7
00261521,Elm Street,2025-06-28,2025-06-28T12:07:00,2025-06-28T12:09:00,32
00113264,Ocean Avenue,2025-06-28,2025-06-28T12:12:00,2025-06-28T12:17:00,13
00115521,Jump Street,2025-06-28,2025-06-28T12:15:00,2025-06-28T12:29:00,0
00311532,Fury Road,2025-06-28,2025-06-28T12:22:00,2025-06-28T12:27:00,7
00662113,Cloverfield Lane,2025-06-28,2025-06-28T12:41:00,2025-06-28T12:40:00,7
00113147,Bradshaw Street,2025-06-28,2025-06-28T13:03:00,2025-06-28T12:59:00,10
00261521,Elm Street,2025-06-28,2025-06-28T13:07:00,2025-06-28T13:09:00,22
00113264,Ocean Avenue,2025-06-28,2025-06-28T13:12:00,2025-06-28T13:12:00,8
00115521,Jump Street,2025-06-28,2025-06-28T13:15:00,2025-06-28T13:28:00,5
00311532,Fury Road,2025-06-28,2025-06-28T13:22:00,2025-06-28T13:26:00,8
00662113,Cloverfield Lane,2025-06-28,2025-06-28T13:41:00,2025-06-28T13:40:00,2
00113147,Bradshaw Street,2025-06-28,2025-06-28T14:03:00,2025-06-28T13:59:00,4
00261521,Elm Street,2025-06-28,2025-06-28T14:07:00,2025-06-28T14:10:00,19
00113264,Ocean Avenue,2025-06-28,2025-06-28T14:12:00,2025-06-28T14:16:00,10
00115521,Jump Street,2025-06-28,2025-06-28T14:15:00,2025-06-28T14:26:00,20
00311532,Fury Road,2025-06-28,2025-06-28T14:22:00,2025-06-28T14:28:00,6
00662113,Cloverfield Lane,2025-06-28,2025-06-28T14:41:00,2025-06-28T14:42:00,3
00113147,Bradshaw Street,2025-06-28,2025-06-28T15:03:00,2025-06-28T15:00:00,0
00261521,Elm Street,2025-06-28,2025-06-28T15:07:00,2025-06-28T15:03:00,13
00113264,Ocean Avenue,2025-06-28,2025-06-28T15:12:00,2025-06-28T15:19:00,24
00115521,Jump Street,2025-06-28,2025-06-28T15:15:00,2025-06-28T15:29:00,7
00311532,Fury Road,2025-06-28,2025-06-28T15:22:00,2025-06-28T15:27:00,3
00662113,Cloverfield Lane,2025-06-28,2025-06-28T15:41:00,2025-06-28T15:39:00,8
00113147,Bradshaw Street,2025-06-28,2025-06-28T16:03:00,2025-06-28T16:02:00,13
00261521,Elm Street,2025-06-28,2025-06-28T16:07:00,2025-06-28T16:06:00,17
00113264,Ocean Avenue,2025-06-28,2025-06-28T16:12:00,2025-06-28T16:17:00,20
00115521,Jump Street,2025-06-28,2025-06-28T16:15:00,2025-06-28T16:22:00,18
00311532,Fury Road,2025-06-28,2025-06-28T16:22:00,2025-06-28T16:27:00,11
00662113,Cloverfield Lane,2025-06-28,2025-06-28T16:41:00,2025-06-28T16:41:00,4
00113147,Bradshaw Street,2025-06-28,2025-06-28T17:03:00,2025-06-28T17:02:00,16
00261521,Elm Street,2025-06-28,2025-06-28T17:07:00,2025-06-28T17:08:00,20
00113264,Ocean Avenue,2025-06-28,2025-06-28T17:12:00,2025-06-28T17:16:00,15
00115521,Jump Street,2025-06-28,2025-06-28T17:15:00,2025-06-28T17:26:00,19
00311532,Fury Road,2025-06-28,2025-06-28T17:22:00,2025-06-28T17:30:00,2
00662113,Cloverfield Lane,2025-06-28,2025-06-28T17:41:00,2025-06-28T17:40:00,8
00113147,Bradshaw Street,2025-06-28,2025-06-28T18:03:00,2025-06-28T18:00:00,1
00261521,Elm Street,2025-06-28,2025-06-28T18:07:00,2025-06-28T18:06:00,30
00113264,Ocean Avenue,2025-06-28,2025-06-28T18:12:00,2025-06-28T18:16:00,20
00115521,Jump Street,2025-06-28,2025-06-28T18:15:00,2025-06-28T18:19:00,19
00311532,Fury Road,2025-06-28,2025-06-28T18:22:00,2025-06-28T18:25:00,7
00662113,Cloverfield Lane,2025-06-28,2025-06-28T18:41:00,2025-06-28T18:39:00,0
00113147,Bradshaw Street,2025-06-28,2025-06-28T19:03:00,2025-06-28T19:01:00,6
00261521,Elm Street,2025-06-28,2025-06-28T19:07:00,2025-06-28T19:08:00,16
00113264,Ocean Avenue,2025-06-28,2025-06-28T19:12:00,2025-06-28T19:17:00,24
00115521,Jump Street,2025-06-28,2025-06-28T19:15:00,2025-06-28T19:21:00,2
00311532,Fury Road,2025-06-28,2025-06-28T19:22:00,2025-06-28T19:31:00,1
00662113,Cloverfield Lane,2025-06-28,2025-06-28T19:41:00,2025-06-28T19:40:00,4
00113147,Bradshaw Street,2025-06-28,2025-06-28T20:03:00,2025-06-28T20:01:00,5
00261521,Elm Street,2025-06-28,2025-06-28T20:07:00,2025-06-28T20:08:00,24
00113264,Ocean Avenue,2025-06-28,2025-06-28T20:12:00,2025-06-28T20:14:00,17
00115521,Jump Street,2025-06-28,2025-06-28T20:15:00,2025-06-28T20:28:00,1
00311532,Fury Road,2025-06-28,2025-06-28T20:22:00,2025-06-28T20:26:00,2
00662113,Cloverfield Lane,2025-06-28,2025-06-28T20:41:00,2025-06-28T20:37:00,7
00113147,Bradshaw Street,2025-06-28,2025-06-28T21:03:00,2025-06-28T20:59:00,1
00261521,Elm Street,2025-06-28,2025-06-28T21:07:00,2025-06-28T21:06:00,32
00113264,Ocean Avenue,2025-06-28,2025-06-28T21:12:00,2025-06-28T21:16:00,22
00115521,Jump Street,2025-06-28,2025-06-28T21:15:00,2025-06-28T21:23:00,7
00311532,Fury Road,2025-06-28,2025-06-28T21:22:00,2025-06-28T21:26:00,6
00662113,Cloverfield Lane,2025-06-28,2025-06-28T21:41:00,2025-06-28T21:41:00,1
00113147,Bradshaw Street,2025-06-29,2025-06-29T06:03:00,2025-06-29T06:00:00,1
00261521,Elm Street,2025-06-29,2025-06-29T06:07:00,2025-06-29T06:05:00,11
00113264,Ocean Avenue,2025-06-29,2025-06-29T06:12:00,2025-06-29T06:17:00,20
00115521,Jump Street,2025-06-29,2025-06-29T06:15:00,2025-06-29T06:27:00,0
00311532,Fury Road,2025-06-29,2025-06-29T06:22:00,2025-06-29T06:25:00,4
00662113,Cloverfield Lane,2025-06-29,2025-06-29T06:41:00,2025-06-29T06:38:00,6
00113147,Bradshaw Street,2025-06-29,2025-06-29T07:03:00,2025-06-29T06:59:00,26
00261521,Elm Street,2025-06-29,2025-06-29T07:07:00,2025-06-29T07:07:00,49
00113264,Ocean Avenue,2025-06-29,2025-06-29T07:12:00,2025-06-29T07:14:00,14
00115521,Jump Street,2025-06-29,2025-06-29T07:15:00,2025-06-29T07:26:00,24
00311532,Fury Road,2025-06-29,2025-06-29T07:22:00,2025-06-29T07:30:00,9
00662113,Cloverfield Lane,2025-06-29,2025-06-29T07:41:00,2025-06-29T07:42:00,5
00113147,Bradshaw Street,2025-06-29,2025-06-29T08:03:00,2025-06-29T08:00:00,9
00261521,Elm Street,2025-06-29,2025-06-29T08:07:00,2025-06-29T08:09:00,29
00113264,Ocean Avenue,2025-06-29,2025-06-29T08:12:00,2025-06-29T08:16:00,32
00115521,Jump Street,2025-06-29,2025-06-29T08:15:00,2025-06-29T08:27:00,15
00311532,Fury Road,2025-06-29,2025-06-29T08:22:00,2025-06-29T08:26:00,6
00662113,Cloverfield Lane,2025-06-29,2025-06-29T08:41:00,2025-06-29T08:39:00,5
00113147,Bradshaw Street,2025-06-29,2025-06-29T09:03:00,2025-06-29T09:02:00,11
00261521,Elm Street,2025-06-29,2025-06-29T09:07:00,2025-06-29T09:07:00,20
00113264,Ocean Avenue,2025-06-29,2025-06-29T09:12:00,2025-06-29T09:14:00,23
00115521,Jump Street,2025-06-29,2025-06-29T09:15:00,2025-06-29T09:24:00,21
00311532,Fury Road,2025-06-29,2025-06-29T09:22:00,2025-06-29T09:29:00,8
00662113,Cloverfield Lane,2025-06-29,2025-06-29T09:41:00,2025-06-29T09:39:00,3
00113147,Bradshaw Street,2025-06-29,2025-06-29T10:03:00,2025-06-29T10:00:00,0
00261521,Elm Street,2025-06-29,2025-06-29T10:07:00,2025-06-29T10:06:00,24
00113264,Ocean Avenue,2025-06-29,2025-06-29T10:12:00,2025-06-29T10:13:00,23
00115521,Jump Street,2025-06-29,2025-06-29T10:15:00,2025-06-29T10:26:00,13
00311532,Fury Road,2025-06-29,2025-06-29T10:22:00,2025-06-29T10:28:00,7
00662113,Cloverfield Lane,2025-06-29,2025-06-29T10:41:00,2025-06-29T10:38:00,4
00113147,Bradshaw Street,2025-06-29,2025-06-29T11:03:00,2025-06-29T11:00:00,3
00261521,Elm Street,2025-06-29,2025-06-29T11:07:00,2025-06-29T11:09:00,26
00113264,Ocean Avenue,2025-06-29,2025-06-29T11:12:00,2025-06-29T11:15:00,24
00115521,Jump Street,2025-06-29,2025-06-29T11:15:00,2025-06-29T11:23:00,14
00311532,Fury Road,2025-06-29,2025-06-29T11:22:00,2025-06-29T11:28:00,5
00662113,Cloverfield Lane,2025-06-29,2025-06-29T11:41:00,2025-06-29T11:41:00,7
00113147,Bradshaw Street,2025-06-29,2025-06-29T12:03:00,2025-06-29T12:00:00,9
00261521,Elm Street,2025-06-29,2025-06-29T12:07:00,2025-06-29T12:07:00,21
00113264,Ocean Avenue,2025-06-29,2025-06-29T12:12:00,2025-06-29T12:18:00,18
00115521,Jump Street,2025-06-29,2025-06-29T12:15:00,2025-06-29T12:25:00,5
00311532,Fury Road,2025-06-29,2025-06-29T12:22:00,2025-06-29T12:25:00,0
00662113,Cloverfield Lane,2025-06-29,2025-06-29T12:41:00,2025-06-29T12:41:00,8
00113147,Bradshaw Street,2025-06-29,2025-06-29T13:03:00,2025-06-29T12:56:00,12
00261521,Elm Street,2025-06-29,2025-06-29T13:07:00,none,0
00113264,Ocean Avenue,2025-06-29,2025-06-29T13:12:00,2025-06-29T13:14:00,11
00115521,Jump Street,2025-06-29,2025-06-29T13:15:00,2025-06-29T13:24:00,11
00311532,Fury Road,2025-06-29,2025-06-29T13:22:00,2025-06-29T13:26:00,7
00662113,Cloverfield Lane,2025-06-29,2025-06-29T13:41:00,2025-06-29T13:41:00,4
00113147,Bradshaw Street,2025-06-29,2025-06-29T14:03:00,2025-06-29T13:58:00,1
00261521,Elm Street,2025-06-29,2025-06-29T14:07:00,2025-06-29T14:11:00,16
00113264,Ocean Avenue,2025-06-29,2025-06-29T14:12:00,2025-06-29T14:15:00,5
00115521,Jump Street,2025-06-29,2025-06-29T14:15:00,2025-06-29T14:24:00,17
00311532,Fury Road,2025-06-29,2025-06-29T14:22:00,2025-06-29T14:28:00,10
00662113,Cloverfield Lane,2025-06-29,2025-06-29T14:41:00,2025-06-29T14:39:00,4
00113147,Bradshaw Street,2025-06-29,2025-06-29T15:03:00,2025-06-29T14:59:00,6
00261521,Elm Street,2025-06-29,2025-06-29T15:07:00,2025-06-29T15:07:00,28
00113264,Ocean Avenue,2025-06-29,2025-06-29T15:12:00,2025-06-29T15:16:00,5
00115521,Jump Street,2025-06-29,2025-06-29T15:15:00,2025-06-29T15:28:00,14
00311532,Fury Road,2025-06-29,2025-06-29T15:22:00,2025-06-29T15:26:00,1
00662113,Cloverfield Lane,2025-06-29,2025-06-29T15:41:00,2025-06-29T15:39:00,4
00113147,Bradshaw Street,2025-06-29,2025-06-29T16:03:00,2025-06-29T16:00:00,1
00261521,Elm Street,2025-06-29,2025-06-29T16:07:00,2025-06-29T16:09:00,16
00113264,Ocean Avenue,2025-06-29,2025-06-29T16:12:00,2025-06-29T16:15:00,9
00115521,Jump Street,2025-06-29,2025-06-29T16:15:00,2025-06-29T16:23:00,17
00311532,Fury Road,2025-06-29,2025-06-29T16:22:00,2025-06-29T16:22:00,11
00662113,Cloverfield Lane,2025-06-29,2025-06-29T16:41:00,2025-06-29T16:39:00,0
00113147,Bradshaw Street,2025-06-29,2025-06-29T17:03:00,2025-06-29T17:00:00,19
00261521,Elm Street,2025-06-29,2025-06-29T17:07:00,2025-06-29T17:07:00,20
00113264,Ocean Avenue,2025-06-29,2025-06-29T17:12:00,2025-06-29T17:17:00,22
00115521,Jump Street,2025-06-29,2025-06-29T17:15:00,2025-06-29T17:24:00,41
00311532,Fury Road,2025-06-29,2025-06-29T17:22:00,2025-06-29T17:32:00,0
00662113,Cloverfield Lane,2025-06-29,2025-06-29T17:41:00,2025-06-29T17:38:00,6
00113147,Bradshaw Street,2025-06-29,2025-06-29T18:03:00,2025-06-29T17:59:00,13
00261521,Elm Street,2025-06-29,2025-06-29T18:07:00,2025-06-29T18:09:00,13
00113264,Ocean Avenue,2025-06-29,2025-06-29T18:12:00,2025-06-29T18:16:00,1
00115521,Jump Street,2025-06-29,2025-06-29T18:15:00,2025-06-29T18:22:00,14
00311532,Fury Road,2025-06-29,2025-06-29T18:22:00,2025-06-29T18:28:00,4
00662113,Cloverfield Lane,2025-06-29,2025-06-29T18:41:00,2025-06-29T18:39:00,2
00113147,Bradshaw Street,2025-06-29,2025-06-29T19:03:00,2025-06-29T18:59:00,6
00261521,Elm Street,2025-06-29,2025-06-29T19:07:00,2025-06-29T19:07:00,10
00113264,Ocean Avenue,2025-06-29,2025-06-29T19:12:00,2025-06-29T19:14:00,11
00115521,Jump Street,2025-06-29,2025-06-29T19:15:00,2025-06-29T19:24:00,13
00311532,Fury Road,2025-06-29,2025-06-29T19:22:00,2025-06-29T19:26:00,0
00662113,Cloverfield Lane,2025-06-29,2025-06-29T19:41:00,2025-06-29T19:39:00,0
00113147,Bradshaw Street,2025-06-29,2025-06-29T20:03:00,2025-06-29T20:04:00,6
00261521,Elm Street,2025-06-29,2025-06-29T20:07:00,2025-06-29T20:05:00,11
00113264,Ocean Avenue,2025-06-29,2025-06-29T20:12:00,2025-06-29T20:16:00,8
00115521,Jump Street,2025-06-29,2025-06-29T20:15:00,2025-06-29T20:24:00,6
00311532,Fury Road,2025-06-29,2025-06-29T20:22:00,2025-06-29T20:27:00,0
00662113,Cloverfield Lane,2025-06-29,2025-06-29T20:41:00,2025-06-29T20:42:00,4
00113147,Bradshaw Street,2025-06-29,2025-06-29T21:03:00,2025-06-29T20:59:00,14
00261521,Elm Street,2025-06-29,2025-06-29T21:07:00,2025-06-29T21:08:00,20
00113264,Ocean Avenue,2025-06-29,2025-06-29T21:12:00,2025-06-29T21:16:00,10
00115521,Jump Street,2025-06-29,2025-06-29T21:15:00,2025-06-29T21:28:00,9
00311532,Fury Road,2025-06-29,2025-06-29T21:22:00,2025-06-29T21:22:00,6
00662113,Cloverfield Lane,2025-06-29,2025-06-29T21:41:00,2025-06-29T21:38:00,1
00113147,Bradshaw Street,2025-06-30,2025-06-30T06:03:00,2025-06-30T05:55:00,2
00261521,Elm Street,2025-06-30,2025-06-30T06:07:00,none,0
00113264,Ocean Avenue,2025-06-30,2025-06-30T06:12:00,2025-06-30T06:19:00,17
00115521,Jump Street,2025-06-30,2025-06-30T06:15:00,2025-06-30T06:26:00,15
00311532,Fury Road,2025-06-30,2025-06-30T06:22:00,2025-06-30T06:28:00,1
00662113,Cloverfield Lane,2025-06-30,2025-06-30T06:41:00,2025-06-30T06:38:00,7
00113147,Bradshaw Street,2025-06-30,2025-06-30T07:03:00,2025-06-30T07:00:00,29
00261521,Elm Street,2025-06-30,2025-06-30T07:07:00,2025-06-30T07:10:00,60
00113264,Ocean Avenue,2025-06-30,2025-06-30T07:12:00,2025-06-30T07:18:00,24
00115521,Jump Street,2025-06-30,2025-06-30T07:15:00,2025-06-30T07:25:00,33
00311532,Fury Road,2025-06-30,2025-06-30T07:22:00,2025-06-30T07:28:00,4
00662113,Cloverfield Lane,2025-06-30,2025-06-30T07:41:00,2025-06-30T07:40:00,8
00113147,Bradshaw Street,2025-06-30,2025-06-30T08:03:00,2025-06-30T08:00:00,11
00261521,Elm Street,2025-06-30,2025-06-30T08:07:00,2025-06-30T08:06:00,59
00113264,Ocean Avenue,2025-06-30,2025-06-30T08:12:00,2025-06-30T08:18:00,45
00115521,Jump Street,2025-06-30,2025-06-30T08:15:00,2025-06-30T08:25:00,28
00311532,Fury Road,2025-06-30,2025-06-30T08:22:00,2025-06-30T08:28:00,19
00662113,Cloverfield Lane,2025-06-30,2025-06-30T08:41:00,2025-06-30T08:39:00,8
00113147,Bradshaw Street,2025-06-30,2025-06-30T09:03:00,2025-06-30T08:59:00,19
00261521,Elm Street,2025-06-30,2025-06-30T09:07:00,2025-06-30T09:09:00,60
00113264,Ocean Avenue,2025-06-30,2025-06-30T09:12:00,2025-06-30T09:14:00,41
00115521,Jump Street,2025-06-30,2025-06-30T09:15:00,2025-06-30T09:26:00,19
00311532,Fury Road,2025-06-30,2025-06-30T09:22:00,2025-06-30T09:28:00,7
00662113,Cloverfield Lane,2025-06-30,2025-06-30T09:41:00,2025-06-30T09:39:00,8
00113147,Bradshaw Street,2025-06-30,2025-06-30T10:03:00,2025-06-30T10:02:00,9
00261521,Elm Street,2025-06-30,2025-06-30T10:07:00,2025-06-30T10:09:00,39
00113264,Ocean Avenue,2025-06-30,2025-06-30T10:12:00,2025-06-30T10:14:00,28
00115521,Jump Street,2025-06-30,2025-06-30T10:15:00,2025-06-30T10:26:00,21
00311532,Fury Road,2025-06-30,2025-06-30T10:22:00,2025-06-30T10:27:00,13
00662113,Cloverfield Lane,2025-06-30,2025-06-30T10:41:00,2025-06-30T10:42:00,10
00113147,Bradshaw Street,2025-06-30,2025-06-30T11:03:00,2025-06-30T11:01:00,17
00261521,Elm Street,2025-06-30,2025-06-30T11:07:00,2025-06-30T11:08:00,26
00113264,Ocean Avenue,2025-06-30,2025-06-30T11:12:00,2025-06-30T11:19:00,21
00115521,Jump Street,2025-06-30,2025-06-30T11:15:00,2025-06-30T11:25:00,15
00311532,Fury Road,2025-06-30,2025-06-30T11:22:00,2025-06-30T11:25:00,8
00662113,Cloverfield Lane,2025-06-30,2025-06-30T11:41:00,2025-06-30T11:39:00,8
00113147,Bradshaw Street,2025-06-30,2025-06-30T12:03:00,2025-06-30T11:58:00,11
00261521,Elm Street,2025-06-30,2025-06-30T12:07:00,2025-06-30T12:10:00,11
00113264,Ocean Avenue,2025-06-30,2025-06-30T12:12:00,2025-06-30T12:15:00,28
00115521,Jump Street,2025-06-30,2025-06-30T12:15:00,2025-06-30T12:26:00,9
00311532,Fury Road,2025-06-30,2025-06-30T12:22:00,2025-06-30T12:25:00,8
00662113,Cloverfield Lane,2025-06-30,2025-06-30T12:41:00,2025-06-30T12:39:00,4
00113147,Bradshaw Street,2025-06-30,2025-06-30T13:03:00,2025-06-30T12:58:00,17
00261521,Elm Street,2025-06-30,2025-06-30T13:07:00,2025-06-30T13:09:00,19
00113264,Ocean Avenue,2025-06-30,2025-06-30T13:12:00,2025-06-30T13:17:00,18
00115521,Jump Street,2025-06-30,2025-06-30T13:15:00,2025-06-30T13:23:00,23
00311532,Fury Road,2025-06-30,2025-06-30T13:22:00,2025-06-30T13:23:00,13
00662113,Cloverfield Lane,2025-06-30,2025-06-30T13:41:00,2025-06-30T13:39:00,6
00113147,Bradshaw Street,2025-06-30,2025-06-30T14:03:00,2025-06-30T13:59:00,14
00261521,Elm Street,2025-06-30,2025-06-30T14:07:00,2025-06-30T14:07:00,23
00113264,Ocean Avenue,2025-06-30,2025-06-30T14:12:00,2025-06-30T14:16:00,28
00115521,Jump Street,2025-06-30,2025-06-30T14:15:00,2025-06-30T14:24:00,30
00311532,Fury Road,2025-06-30,2025-06-30T14:22:00,2025-06-30T14:25:00,7
00662113,Cloverfield Lane,2025-06-30,2025-06-30T14:41:00,2025-06-30T14:40:00,6
00113147,Bradshaw Street,2025-06-30,2025-06-30T15:03:00,2025-06-30T15:01:00,10
00261521,Elm Street,2025-06-30,2025-06-30T15:07:00,2025-06-30T15:07:00,45
00113264,Ocean Avenue,2025-06-30,2025-06-30T15:12:00,2025-06-30T15:18:00,27
00115521,Jump Street,2025-06-30,2025-06-30T15:15:00,2025-06-30T15:28:00,26
00311532,Fury Road,2025-06-30,2025-06-30T15:22:00,2025-06-30T15:25:00,5
00662113,Cloverfield Lane,2025-06-30,2025-06-30T15:41:00,2025-06-30T15:41:00,8
00113147,Bradshaw Street,2025-06-30,2025-06-30T16:03:00,2025-06-30T16:00:00,14
00261521,Elm Street,2025-06-30,2025-06-30T16:07:00,2025-06-30T16:08:00,50
00113264,Ocean Avenue,2025-06-30,2025-06-30T16:12:00,2025-06-30T16:15:00,28
00115521,Jump Street,2025-06-30,2025-06-30T16:15:00,2025-06-30T16:23:00,35
00311532,Fury Road,2025-06-30,2025-06-30T16:22:00,2025-06-30T16:29:00,14
00662113,Cloverfield Lane,2025-06-30,2025-06-30T16:41:00,2025-06-30T16:38:00,6
00113147,Bradshaw Street,2025-06-30,2025-06-30T17:03:00,2025-06-30T17:01:00,22
00261521,Elm Street,2025-06-30,2025-06-30T17:07:00,2025-06-30T17:09:00,27
00113264,Ocean Avenue,2025-06-30,2025-06-30T17:12:00,2025-06-30T17:15:00,34
00115521,Jump Street,2025-06-30,2025-06-30T17:15:00,2025-06-30T17:26:00,38
00311532,Fury Road,2025-06-30,2025-06-30T17:22:00,2025-06-30T17:24:00,4
00662113,Cloverfield Lane,2025-06-30,2025-06-30T17:41:00,2025-06-30T17:37:00,5
00113147,Bradshaw Street,2025-06-30,2025-06-30T18:03:00,2025-06-30T18:00:00,16
00261521,Elm Street,2025-06-30,2025-06-30T18:07:00,2025-06-30T18:09:00,23
00113264,Ocean Avenue,2025-06-30,2025-06-30T18:12:00,2025-06-30T18:18:00,35
00115521,Jump Street,2025-06-30,2025-06-30T18:15:00,2025-06-30T18:28:00,40
00311532,Fury Road,2025-06-30,2025-06-30T18:22:00,2025-06-30T18:29:00,5
00662113,Cloverfield Lane,2025-06-30,2025-06-30T18:41:00,2025-06-30T18:39:00,3
00113147,Bradshaw Street,2025-06-30,2025-06-30T19:03:00,2025-06-30T19:01:00,7
00261521,Elm Street,2025-06-30,2025-06-30T19:07:00,2025-06-30T19:06:00,21
00113264,Ocean Avenue,2025-06-30,2025-06-30T19:12:00,2025-06-30T19:13:00,18
00115521,Jump Street,2025-06-30,2025-06-30T19:15:00,2025-06-30T19:24:00,11
00311532,Fury Road,2025-06-30,2025-06-30T19:22:00,2025-06-30T19:30:00,13
00662113,Cloverfield Lane,2025-06-30,2025-06-30T19:41:00,2025-06-30T19:38:00,7
00113147,Bradshaw Street,2025-06-30,2025-06-30T20:03:00,2025-06-30T20:01:00,0
00261521,Elm Street,2025-06-30,2025-06-30T20:07:00,2025-06-30T20:11:00,17
00113264,Ocean Avenue,2025-06-30,2025-06-30T20:12:00,2025-06-30T20:16:00,20
00115521,Jump Street,2025-06-30,2025-06-30T20:15:00,2025-06-30T20:27:00,15
00311532,Fury Road,2025-06-30,2025-06-30T20:22:00,2025-06-30T20:30:00,12
00662113,Cloverfield Lane,2025-06-30,2025-06-30T20:41:00,2025-06-30T20:39:00,8
00113147,Bradshaw Street,2025-06-30,2025-06-30T21:03:00,2025-06-30T21:01:00,25
00261521,Elm Street,2025-06-30,2025-06-30T21:07:00,2025-06-30T21:11:00,11
00113264,Ocean Avenue,2025-06-30,2025-06-30T21:12:00,2025-06-30T21:21:00,18
00115521,Jump Street,2025-06-30,2025-06-30T21:15:00,2025-06-30T21:25:00,3
00311532,Fury Road,2025-06-30,2025-06-30T21:22:00,2025-06-30T21:28:00,4
00662113,Cloverfield Lane,2025-06-30,2025-06-30T21:41:00,2025-06-30T21:39:00,5
